"elapsed.time","id","exper","n","descrip.vol","substrate.vol","m.gained.vol","c.sub.vs.vol","c.inoc.vs.vol","m.inoc.vs.vol","ISR.vol","vol.tot.vol","notes.vol","id.exper.vol","cvCH4.vol","vol.mi.mn.vol","vol.mi.se.vol","rsd.inoc.vol","cvCH4.tot.vol","cvCH4.inoc.vol","fv.inoc.vol","se.inoc.vol","cvCH4.se.vol","leak.l.vol","descrip.man","substrate.man","m.gained.man","c.sub.vs.man","c.inoc.vs.man","m.inoc.vs.man","ISR.man","vol.tot.man","notes.man","id.exper.man","cvCH4.man","vol.mi.mn.man","vol.mi.se.man","rsd.inoc.man","cvCH4.tot.man","cvCH4.inoc.man","fv.inoc.man","se.inoc.man","cvCH4.se.man","leak.l.man","descrip.grav","substrate.grav","m.gained.grav","c.sub.vs.grav","c.inoc.vs.grav","m.inoc.vs.grav","ISR.grav","vol.tot.grav","notes.grav","id.exper.grav","cvCH4.grav","vol.mi.mn.grav","vol.mi.se.grav","rsd.inoc.grav","cvCH4.tot.grav","cvCH4.inoc.grav","fv.inoc.grav","se.inoc.grav","cvCH4.se.grav","leak.l.grav","descrip.gd","substrate.gd","m.gained.gd","c.sub.vs.gd","c.inoc.vs.gd","m.inoc.vs.gd","ISR.gd","vol.tot.gd","notes.gd","id.exper.gd","cvCH4.gd","vol.mi.mn.gd","vol.mi.se.gd","rsd.inoc.gd","cvCH4.tot.gd","cvCH4.inoc.gd","fv.inoc.gd","se.inoc.gd","cvCH4.se.gd","leak.l.gd","descrip.gd7","substrate.gd7","m.gained.gd7","c.sub.vs.gd7","c.inoc.vs.gd7","m.inoc.vs.gd7","ISR.gd7","vol.tot.gd7","notes.gd7","id.exper.gd7","cvCH4.gd7","vol.mi.mn.gd7","vol.mi.se.gd7","rsd.inoc.gd7","cvCH4.tot.gd7","cvCH4.inoc.gd7","fv.inoc.gd7","se.inoc.gd7","cvCH4.se.gd7","leak.l.gd7","descrip.gd8","substrate.gd8","m.gained.gd8","c.sub.vs.gd8","c.inoc.vs.gd8","m.inoc.vs.gd8","ISR.gd8","vol.tot.gd8","notes.gd8","id.exper.gd8","cvCH4.gd8","vol.mi.mn.gd8","vol.mi.se.gd8","rsd.inoc.gd8","cvCH4.tot.gd8","cvCH4.inoc.gd8","fv.inoc.gd8","se.inoc.gd8","cvCH4.se.gd8","leak.l.gd8","descrip.gd9","substrate.gd9","m.gained.gd9","c.sub.vs.gd9","c.inoc.vs.gd9","m.inoc.vs.gd9","ISR.gd9","vol.tot.gd9","notes.gd9","id.exper.gd9","cvCH4.gd9","vol.mi.mn.gd9","vol.mi.se.gd9","rsd.inoc.gd9","cvCH4.tot.gd9","cvCH4.inoc.gd9","fv.inoc.gd9","se.inoc.gd9","cvCH4.se.gd9","leak.l.gd9","descrip.gd10","substrate.gd10","m.gained.gd10","c.sub.vs.gd10","c.inoc.vs.gd10","m.inoc.vs.gd10","ISR.gd10","vol.tot.gd10","notes.gd10","id.exper.gd10","cvCH4.gd10","vol.mi.mn.gd10","vol.mi.se.gd10","rsd.inoc.gd10","cvCH4.tot.gd10","cvCH4.inoc.gd10","fv.inoc.gd10","se.inoc.gd10","cvCH4.se.gd10","leak.l.gd10","descrip.gd11","substrate.gd11","m.gained.gd11","c.sub.vs.gd11","c.inoc.vs.gd11","m.inoc.vs.gd11","ISR.gd11","vol.tot.gd11","notes.gd11","id.exper.gd11","cvCH4.gd11","vol.mi.mn.gd11","vol.mi.se.gd11","rsd.inoc.gd11","cvCH4.tot.gd11","cvCH4.inoc.gd11","fv.inoc.gd11","se.inoc.gd11","cvCH4.se.gd11","leak.l.gd11","descrip.gd12","substrate.gd12","m.gained.gd12","c.sub.vs.gd12","c.inoc.vs.gd12","m.inoc.vs.gd12","ISR.gd12","vol.tot.gd12","notes.gd12","id.exper.gd12","cvCH4.gd12","vol.mi.mn.gd12","vol.mi.se.gd12","rsd.inoc.gd12","cvCH4.tot.gd12","cvCH4.inoc.gd12","fv.inoc.gd12","se.inoc.gd12","cvCH4.se.gd12","leak.l.gd12"
29,"C1",1,4,"C","C",2.03000000000009,799.27,18.28,8.8482512,3.61778292626662,1120,NA,"C1-E1",423.42674153662,0.955431168821493,0.0218151259379839,4.56655102949854,612.515503559889,189.088762023269,0.30870853215029,4.31741740441982,0,TRUE,"C","C",2.03000000000009,799.27,18.28,8.8482512,3.61778292626662,1120,NA,"C1-E1",393.327406909227,0.949965612034602,0.0211778945340129,4.45866550656605,581.334484138943,188.007077229716,0.323406029332987,4.19130335117217,0,TRUE,"C","C",2.03000000000009,799.27,18.28,8.8482512,3.61778292626662,1120,NA,"C1-E1",530.113589587387,1.1482100682509,0.0192959727390346,3.3610526980361,757.355098377625,227.241508790238,0.300046186098206,3.81885343112612,0,TRUE,"C","C",2.03000000000009,799.27,18.28,8.8482512,3.61778292626662,1120,NA,"C1-E1",438.767462710898,0.82508187408064,0.0243423777881655,5.90059691113426,602.058880480099,163.291417769202,0.271221674595994,4.81758417651843,0,TRUE,"C","C",2.03000000000009,799.27,18.28,8.8482512,3.61778292626662,1120,NA,"C1-E1",241.996168945821,0.66624935521301,0.0258909019856454,7.77213569756258,373.853146075239,131.856977129419,0.352697251617837,5.12405159460124,0,TRUE,"C","C",2.03000000000009,799.27,18.28,8.8482512,3.61778292626662,1120,NA,"C1-E1",60.4364740981546,0.785454731990108,0.0971462477590293,24.7363072122284,215.885309915941,155.448835817787,0.720052864543277,19.2261507928601,0,TRUE,"C","C",2.03000000000009,799.27,18.28,8.8482512,3.61778292626662,1120,NA,"C1-E1",218.460063034212,0.792437100456308,0.0380480501235064,9.60279373633496,375.290774859763,156.83071182555,0.417891198855486,7.53006488591674,0,TRUE,"C","C",2.03000000000009,799.27,18.28,8.8482512,3.61778292626662,1120,NA,"C1-E1",438.767462710898,0.82508187408064,0.0243423777881655,5.90059691113426,602.058880480099,163.291417769202,0.271221674595994,4.81758417651843,0,TRUE,"C","C",2.03000000000009,799.27,18.28,8.8482512,3.61778292626662,1120,NA,"C1-E1",404.970581740959,0.84583604768057,0.0402181630896761,9.50968292258561,572.369444526496,167.398862785537,0.292466455689333,7.95955053345935,0,TRUE,"C","C",2.03000000000009,799.27,18.28,8.8482512,3.61778292626662,1120,NA,"C1-E1",420.539367483251,0.909006315595582,0.0533705705702005,11.7426182094746,600.44021695974,179.900849476489,0.299614923176526,10.5625349548129,0,TRUE
29,"C2",1,4,"C","C",2.21000000000026,799.27,18.28,9.0270296,3.9767932604699,1120,NA,"C2-E1",568.67592319412,0.955431168821493,0.0218151259379839,4.56655102949854,776.528889989098,207.852966794977,0.267669328822905,4.74585589750965,0,FALSE,"C","C",2.21000000000026,799.27,18.28,9.0270296,3.9767932604699,1120,NA,"C2-E1",521.887228859017,0.949965612034602,0.0211778945340129,4.45866550656605,728.55116997594,206.663941116924,0.283664277313217,4.60722692854513,0,FALSE,"C","C",2.21000000000026,799.27,18.28,9.0270296,3.9767932604699,1120,NA,"C2-E1",523.008458689874,1.1482100682509,0.0192959727390346,3.3610526980361,772.800256338882,249.791797649008,0.323229444607575,4.19781697717743,0,FALSE,"C","C",2.21000000000026,799.27,18.28,9.0270296,3.9767932604699,1120,NA,"C2-E1",588.031256550282,0.82508187408064,0.0243423777881655,5.90059691113426,767.526882161866,179.495625611584,0.233862330796812,5.29565667022913,0,FALSE,"C","C",2.21000000000026,799.27,18.28,9.0270296,3.9767932604699,1120,NA,"C2-E1",594.681759546101,0.66624935521301,0.0258909019856454,7.77213569756258,739.623550881085,144.941791334984,0.195966976933496,5.63253635251649,0,FALSE,"C","C",2.21000000000026,799.27,18.28,9.0270296,3.9767932604699,1120,NA,"C2-E1",570.590406562544,0.785454731990108,0.0971462477590293,24.7363072122284,741.465192371212,170.874785808668,0.230455573055572,21.1340559829347,0,FALSE,"C","C",2.21000000000026,799.27,18.28,9.0270296,3.9767932604699,1120,NA,"C2-E1",565.537198243147,0.792437100456308,0.0380480501235064,9.60279373633496,737.930990389808,172.39379214666,0.233617769671923,8.27731013704491,0,FALSE,"C","C",2.21000000000026,799.27,18.28,9.0270296,3.9767932604699,1120,NA,"C2-E1",588.031256550282,0.82508187408064,0.0243423777881655,5.90059691113426,767.526882161866,179.495625611584,0.233862330796812,5.29565667022913,0,FALSE,"C","C",2.21000000000026,799.27,18.28,9.0270296,3.9767932604699,1120,NA,"C2-E1",558.994145066907,0.84583604768057,0.0402181630896761,9.50968292258561,743.004817598558,184.010672531651,0.247657442015499,8.74941575073869,0,FALSE,"C","C",2.21000000000026,799.27,18.28,9.0270296,3.9767932604699,1120,NA,"C2-E1",574.905393562658,0.909006315595582,0.0533705705702005,11.7426182094746,772.658686209544,197.753292646886,0.255938742651054,11.6107070760944,0,FALSE
29,"C3",1,4,"C","C",1.95999999999981,799.27,18.28,9.2968424,4.01091961932505,1120,NA,"C3-E1",562.104582531679,0.955431168821493,0.0218151259379839,4.56655102949854,771.741213819468,209.636631287789,0.271641098769709,4.7865818721393,0,FALSE,"C","C",1.95999999999981,799.27,18.28,9.2968424,4.01091961932505,1120,NA,"C3-E1",503.626864548615,0.949965612034602,0.0211778945340129,4.45866550656605,712.06426668175,208.437402133135,0.292722738502892,4.64676327584624,0,FALSE,"C","C",1.95999999999981,799.27,18.28,9.2968424,4.01091961932505,1120,NA,"C3-E1",504.397444604564,1.1482100682509,0.0192959727390346,3.3610526980361,756.332799629405,251.935355024841,0.333101189249345,4.23384002368463,0,FALSE,"C","C",1.95999999999981,799.27,18.28,9.2968424,4.01091961932505,1120,NA,"C3-E1",566.771389827402,0.82508187408064,0.0243423777881655,5.90059691113426,747.807334920373,181.035945092971,0.242089020311961,5.34110069209929,0,FALSE,"C","C",1.95999999999981,799.27,18.28,9.2968424,4.01091961932505,1120,NA,"C3-E1",601.621743553574,0.66624935521301,0.0258909019856454,7.77213569756258,747.807334920452,146.185591366878,0.195485634521662,5.68087126565903,0,FALSE,"C","C",1.95999999999981,799.27,18.28,9.2968424,4.01091961932505,1120,NA,"C3-E1",673.036025424929,0.785454731990108,0.0971462477590293,24.7363072122284,845.377152045871,172.341126620942,0.203863005055039,21.3154152669859,0,FALSE,"C","C",1.95999999999981,799.27,18.28,9.2968424,4.01091961932505,1120,NA,"C3-E1",571.516051206254,0.792437100456308,0.0380480501235064,9.60279373633496,745.389219329955,173.873168123701,0.233264935438695,8.34834084887497,0,FALSE,"C","C",1.95999999999981,799.27,18.28,9.2968424,4.01091961932505,1120,NA,"C3-E1",566.771389827402,0.82508187408064,0.0243423777881655,5.90059691113426,747.807334920373,181.035945092971,0.242089020311961,5.34110069209929,0,FALSE,"C","C",1.95999999999981,799.27,18.28,9.2968424,4.01091961932505,1120,NA,"C3-E1",640.74484261469,0.84583604768057,0.0402181630896761,9.50968292258561,826.334579943703,185.589737329013,0.224593937895782,8.82449777842432,0,FALSE,"C","C",1.95999999999981,799.27,18.28,9.2968424,4.01091961932505,1120,NA,"C3-E1",545.938931293078,0.909006315595582,0.0533705705702005,11.7426182094746,745.389219329878,199.4502880368,0.267578713059615,11.7103429209294,0,FALSE
29,"L1",1,4,"Cellulose","Cellulose",2.01999999999998,945.69,18.28,8.99376,3.91368820910566,1120,NA,"L1-E1",355.579922523508,0.955431168821493,0.0218151259379839,4.56655102949854,560.134610708887,204.554688185378,0.365188446267409,4.67054710960846,0,FALSE,"Cellulose","Cellulose",2.01999999999998,945.69,18.28,8.99376,3.91368820910566,1120,NA,"L1-E1",352.349563917711,0.949965612034602,0.0211778945340129,4.45866550656605,555.734094271959,203.384530354249,0.365974541512867,4.53411795029813,0,FALSE,"Cellulose","Cellulose",2.01999999999998,945.69,18.28,8.99376,3.91368820910566,1120,NA,"L1-E1",354.125245123561,1.1482100682509,0.0192959727390346,3.3610526980361,599.953265128482,245.828020004922,0.409745282330077,4.13120464945207,0,FALSE,"Cellulose","Cellulose",2.01999999999998,945.69,18.28,8.99376,3.91368820910566,1120,NA,"L1-E1",324.770540623295,0.82508187408064,0.0243423777881655,5.90059691113426,501.41787115591,176.647330532615,0.352295641408618,5.21162346450431,0,FALSE,"Cellulose","Cellulose",2.01999999999998,945.69,18.28,8.99376,3.91368820910566,1120,NA,"L1-E1",358.776063397628,0.66624935521301,0.0258909019856454,7.77213569756258,501.41787115591,142.641807758283,0.284476912299621,5.54315743021504,0,FALSE,"Cellulose","Cellulose",2.01999999999998,945.69,18.28,8.99376,3.91368820910566,1120,NA,"L1-E1",423.146752443622,0.785454731990108,0.0971462477590293,24.7363072122284,591.310041468563,168.163289024942,0.28439105922723,20.7986938956986,0,FALSE,"Cellulose","Cellulose",2.01999999999998,945.69,18.28,8.99376,3.91368820910566,1120,NA,"L1-E1",330.23715531098,0.792437100456308,0.0380480501235064,9.60279373633496,499.895346586348,169.658191275368,0.339387418654562,8.14596308248513,0,FALSE,"Cellulose","Cellulose",2.01999999999998,945.69,18.28,8.99376,3.91368820910566,1120,NA,"L1-E1",324.770540623295,0.82508187408064,0.0243423777881655,5.90059691113426,501.41787115591,176.647330532615,0.352295641408618,5.21162346450431,0,FALSE,"Cellulose","Cellulose",2.01999999999998,945.69,18.28,8.99376,3.91368820910566,1120,NA,"L1-E1",354.118434762899,0.84583604768057,0.0402181630896761,9.50968292258561,535.209165979747,181.090731216848,0.338355063268294,8.61057717045701,0,FALSE,"Cellulose","Cellulose",2.01999999999998,945.69,18.28,8.99376,3.91368820910566,1120,NA,"L1-E1",305.280067628525,0.909006315595582,0.0533705705702005,11.7426182094746,499.895346586348,194.615278957823,0.38931204358432,11.4264645926606,0,FALSE
29,"L2",1,4,"Cellulose","Cellulose",1.98000000000002,945.69,18.28,8.9025428,4.02299428997396,1120,NA,"L2-E1",384.376907998499,0.955431168821493,0.0218151259379839,4.56655102949854,594.644639761738,210.267731763239,0.353602332726801,4.80099163476871,0,FALSE,"Cellulose","Cellulose",1.98000000000002,945.69,18.28,8.9025428,4.02299428997396,1120,NA,"L2-E1",346.270980883257,0.949965612034602,0.0211778945340129,4.45866550656605,555.335873273126,209.06489238987,0.376465671410078,4.66075212166328,0,FALSE,"Cellulose","Cellulose",1.98000000000002,945.69,18.28,8.9025428,4.02299428997396,1120,NA,"L2-E1",349.157927301189,1.1482100682509,0.0192959727390346,3.3610526980361,601.851720969897,252.693793668708,0.419860548477766,4.24658578493595,0,FALSE,"Cellulose","Cellulose",1.98000000000002,945.69,18.28,8.9025428,4.02299428997396,1120,NA,"L2-E1",475.302449018744,0.82508187408064,0.0243423777881655,5.90059691113426,656.883393667946,181.580944649203,0.276427972452279,5.35717980558963,0,FALSE,"Cellulose","Cellulose",1.98000000000002,945.69,18.28,8.9025428,4.02299428997396,1120,NA,"L2-E1",481.63550205667,0.66624935521301,0.0258909019856454,7.77213569756258,628.261177752555,146.625675695885,0.233383313959333,5.69797324127609,0,FALSE,"Cellulose","Cellulose",1.98000000000002,945.69,18.28,8.9025428,4.02299428997396,1120,NA,"L2-E1",499.981425699487,0.785454731990108,0.0971462477590293,24.7363072122284,672.841376565418,172.859950865932,0.256910405463337,21.379584246552,0,FALSE,"Cellulose","Cellulose",1.98000000000002,945.69,18.28,8.9025428,4.02299428997396,1120,NA,"L2-E1",451.568284331292,0.792437100456308,0.0380480501235064,9.60279373633496,625.964888833439,174.396604502147,0.278604451484741,8.37347310675651,0,FALSE,"Cellulose","Cellulose",1.98000000000002,945.69,18.28,8.9025428,4.02299428997396,1120,NA,"L2-E1",475.302449018744,0.82508187408064,0.0243423777881655,5.90059691113426,656.883393667946,181.580944649203,0.276427972452279,5.35717980558963,0,FALSE,"Cellulose","Cellulose",1.98000000000002,945.69,18.28,8.9025428,4.02299428997396,1120,NA,"L2-E1",488.25336519382,0.84583604768057,0.0402181630896761,9.50968292258561,674.401811040268,186.148445846448,0.276020085947446,8.8510634826591,0,FALSE,"Cellulose","Cellulose",1.98000000000002,945.69,18.28,8.9025428,4.02299428997396,1120,NA,"L2-E1",461.541446217611,0.909006315595582,0.0533705705702005,11.7426182094746,661.59216925871,200.050723041099,0.302377706896453,11.7455963160049,0,FALSE
29,"L3",1,4,"Cellulose","Cellulose",1.82999999999993,945.69,18.28,9.3277356,4.16177967169106,1120,NA,"L3-E1",394.087672768628,0.955431168821493,0.0218151259379839,4.56655102949854,611.609227259948,217.521554491319,0.355654468239191,4.96661639300228,0,FALSE,"Cellulose","Cellulose",1.82999999999993,945.69,18.28,9.3277356,4.16177967169106,1120,NA,"L3-E1",353.613872781587,0.949965612034602,0.0211778945340129,4.45866550656605,569.89109230955,216.277219527963,0.379506229254215,4.82153889282671,0,FALSE,"Cellulose","Cellulose",1.82999999999993,945.69,18.28,9.3277356,4.16177967169106,1120,NA,"L3-E1",362.464492899981,1.1482100682509,0.0192959727390346,3.3610526980361,623.875724895474,261.411231995493,0.419011706280591,4.39308463297696,0,FALSE,"Cellulose","Cellulose",1.82999999999993,945.69,18.28,9.3277356,4.16177967169106,1120,NA,"L3-E1",480.70342549157,0.82508187408064,0.0243423777881655,5.90059691113426,668.548555197783,187.845129706213,0.280974550383466,5.54199196058047,0,FALSE,"Cellulose","Cellulose",1.82999999999993,945.69,18.28,9.3277356,4.16177967169106,1120,NA,"L3-E1",481.289467665359,0.66624935521301,0.0258909019856454,7.77213569756258,632.973440466387,151.683972801027,0.239637183969779,5.89454209877488,0,FALSE,"Cellulose","Cellulose",1.82999999999993,945.69,18.28,9.3277356,4.16177967169106,1120,NA,"L3-E1",526.223280537204,0.785454731990108,0.0971462477590293,24.7363072122284,705.046559346284,178.82327880908,0.253633290509047,22.1171378065969,0,FALSE,"Cellulose","Cellulose",1.82999999999993,945.69,18.28,9.3277356,4.16177967169106,1120,NA,"L3-E1",450.84989655325,0.792437100456308,0.0380480501235064,9.60279373633496,631.262840523319,180.41294397007,0.285796870001894,8.66234144154767,0,FALSE,"Cellulose","Cellulose",1.82999999999993,945.69,18.28,9.3277356,4.16177967169106,1120,NA,"L3-E1",480.70342549157,0.82508187408064,0.0243423777881655,5.90059691113426,668.548555197783,187.845129706213,0.280974550383466,5.54199196058047,0,FALSE,"Cellulose","Cellulose",1.82999999999993,945.69,18.28,9.3277356,4.16177967169106,1120,NA,"L3-E1",538.23682851632,0.84583604768057,0.0402181630896761,9.50968292258561,730.807029217661,192.570200701341,0.263503487244081,9.15640774504211,0,FALSE,"Cellulose","Cellulose",1.82999999999993,945.69,18.28,9.3277356,4.16177967169106,1120,NA,"L3-E1",459.482132083187,0.909006315595582,0.0533705705702005,11.7426182094746,666.434211168771,206.952079085584,0.310536397467709,12.1507962617951,0,FALSE
29,"E1",1,4,"Ethanol","Ethanol",1.87000000000012,1000,18.28,9.5098044,4.02957813559322,1120,NA,"E1-E1",585.615644144805,0.955431168821493,0.0218151259379839,4.56655102949854,796.227490312604,210.611846167799,0.264512151024968,4.80884871471075,0,FALSE,"Ethanol","Ethanol",1.87000000000012,1000,18.28,9.5098044,4.02957813559322,1120,NA,"E1-E1",542.116817403459,0.949965612034602,0.0211778945340129,4.45866550656605,751.523855686833,209.407038283373,0.278643234940283,4.66837969213117,0,FALSE,"Ethanol","Ethanol",1.87000000000012,1000,18.28,9.5098044,4.02957813559322,1120,NA,"E1-E1",737.381972787829,1.1482100682509,0.0192959727390346,3.3610526980361,990.489313383662,253.107340595834,0.255537679383113,4.25353555001184,0,FALSE,"Ethanol","Ethanol",1.87000000000012,1000,18.28,9.5098044,4.02957813559322,1120,NA,"E1-E1",533.147960336887,0.82508187408064,0.0243423777881655,5.90059691113426,715.026071927129,181.878111590242,0.254365705994533,5.36594711726157,0,FALSE,"Ethanol","Ethanol",1.87000000000012,1000,18.28,9.5098044,4.02957813559322,1120,NA,"E1-E1",406.179737893591,0.66624935521301,0.0258909019856454,7.77213569756258,553.045374360736,146.865636467146,0.265558023402524,5.70729827965777,0,FALSE,"Ethanol","Ethanol",1.87000000000012,1000,18.28,9.5098044,4.02957813559322,1120,NA,"E1-E1",506.912517343076,0.785454731990108,0.0971462477590293,24.7363072122284,680.055362776642,173.142845433565,0.254601102955249,21.4145730812203,0,FALSE,"Ethanol","Ethanol",1.87000000000012,1000,18.28,9.5098044,4.02957813559322,1120,NA,"E1-E1",368.399967302445,0.792437100456308,0.0380480501235064,9.60279373633496,543.081981188201,174.682013885757,0.321649437721304,8.38717674396259,0,FALSE,"Ethanol","Ethanol",1.87000000000012,1000,18.28,9.5098044,4.02957813559322,1120,NA,"E1-E1",533.147960336887,0.82508187408064,0.0243423777881655,5.90059691113426,715.026071927129,181.878111590242,0.254365705994533,5.36594711726157,0,FALSE,"Ethanol","Ethanol",1.87000000000012,1000,18.28,9.5098044,4.02957813559322,1120,NA,"E1-E1",533.719609413286,0.84583604768057,0.0402181630896761,9.50968292258561,720.172697161109,186.453087747823,0.258900522725748,8.86554872209416,0,FALSE,"Ethanol","Ethanol",1.87000000000012,1000,18.28,9.5098044,4.02957813559322,1120,NA,"E1-E1",511.053693751567,0.909006315595582,0.0533705705702005,11.7426182094746,711.431810515249,200.378116763682,0.281654705063806,11.7648186134472,0,FALSE
29,"E2",1,4,"Ethanol","Ethanol",1.99000000000001,1000,18.28,9.35936,3.36667625899281,1120,NA,"E2-E1",698.163053550593,0.955431168821493,0.0218151259379839,4.56655102949854,874.127355146493,175.964301595901,0.201302819960841,4.01774981303876,0,FALSE,"Ethanol","Ethanol",1.99000000000001,1000,18.28,9.35936,3.36667625899281,1120,NA,"E2-E1",645.703797188955,0.949965612034602,0.0211778945340129,4.45866550656605,820.66149264281,174.957695453855,0.213191062359258,3.90038920914195,0,FALSE,"Ethanol","Ethanol",1.99000000000001,1000,18.28,9.35936,3.36667625899281,1120,NA,"E2-E1",734.439256663465,1.1482100682509,0.0192959727390346,3.3610526980361,945.908161319746,211.468904656281,0.223561771960226,3.55379066272867,0,FALSE,"Ethanol","Ethanol",1.99000000000001,1000,18.28,9.35936,3.36667625899281,1120,NA,"E2-E1",619.403633251351,0.82508187408064,0.0243423777881655,5.90059691113426,771.361158261886,151.957525010535,0.196999192120254,4.48320051350385,0,FALSE,"Ethanol","Ethanol",1.99000000000001,1000,18.28,9.35936,3.36667625899281,1120,NA,"E2-E1",541.42760567338,0.66624935521301,0.0258909019856454,7.77213569756258,664.132522892467,122.704917219087,0.184759687245364,4.76839633692463,0,FALSE,"Ethanol","Ethanol",1.99000000000001,1000,18.28,9.35936,3.36667625899281,1120,NA,"E2-E1",509.57896740848,0.785454731990108,0.0971462477590293,24.7363072122284,654.238256177881,144.659288769401,0.221111020952082,17.8916830405119,0,FALSE,"Ethanol","Ethanol",1.99000000000001,1000,18.28,9.35936,3.36667625899281,1120,NA,"E2-E1",593.199709475331,0.792437100456308,0.0380480501235064,9.60279373633496,739.144959631313,145.945250155982,0.197451458275221,7.00741067022851,0,FALSE,"Ethanol","Ethanol",1.99000000000001,1000,18.28,9.35936,3.36667625899281,1120,NA,"E2-E1",619.403633251351,0.82508187408064,0.0243423777881655,5.90059691113426,771.361158261886,151.957525010535,0.196999192120254,4.48320051350385,0,FALSE,"Ethanol","Ethanol",1.99000000000001,1000,18.28,9.35936,3.36667625899281,1120,NA,"E2-E1",718.648015309555,0.84583604768057,0.0402181630896761,9.50968292258561,874.427891716912,155.779876407357,0.178150626121369,7.40708615176769,0,FALSE,"Ethanol","Ethanol",1.99000000000001,1000,18.28,9.35936,3.36667625899281,1120,NA,"E2-E1",600.19475662302,0.909006315595582,0.0533705705702005,11.7426182094746,767.608869423358,167.414112800337,0.218098200097795,9.82940004746139,0,FALSE
29,"E3",1,4,"Ethanol","Ethanol",1.92000000000007,1000,18.28,9.1312256,3.91898094420601,1120,NA,"E3-E1",766.104039293593,0.955431168821493,0.0218151259379839,4.56655102949854,970.935360087461,204.831320793868,0.210962880963998,4.67686339422391,0,FALSE,"Ethanol","Ethanol",1.92000000000007,1000,18.28,9.1312256,3.91898094420601,1120,NA,"E3-E1",708.504041542894,0.949965612034602,0.0211778945340129,4.45866550656605,912.163622025094,203.659580482199,0.223270886455716,4.54024973288847,0,FALSE,"Ethanol","Ethanol",1.92000000000007,1000,18.28,9.1312256,3.91898094420601,1120,NA,"E3-E1",745.622031260196,1.1482100682509,0.0192959727390346,3.3610526980361,991.782500484527,246.160469224331,0.248200053039927,4.13679154618135,0,FALSE,"Ethanol","Ethanol",1.92000000000007,1000,18.28,9.1312256,3.91898094420601,1120,NA,"E3-E1",826.935233384432,0.82508187408064,0.0243423777881655,5.90059691113426,1003.82145559077,176.886222206335,0.176212832691681,5.21867148186455,0,FALSE,"Ethanol","Ethanol",1.92000000000007,1000,18.28,9.1312256,3.91898094420601,1120,NA,"E3-E1",792.54555803601,0.66624935521301,0.0258909019856454,7.77213569756258,935.380269587942,142.834711551933,0.152702292528422,5.55065380251914,0,FALSE,"Ethanol","Ethanol",1.92000000000007,1000,18.28,9.1312256,3.91898094420601,1120,NA,"E3-E1",732.317505296848,0.785454731990108,0.0971462477590293,24.7363072122284,900.708212474401,168.390707177553,0.186953671394818,20.8268213221418,0,FALSE,"Ethanol","Ethanol",1.92000000000007,1000,18.28,9.1312256,3.91898094420601,1120,NA,"E3-E1",767.143867594454,0.792437100456308,0.0380480501235064,9.60279373633496,937.031498675971,169.887631081517,0.18130407710047,8.15697939815189,0,FALSE,"Ethanol","Ethanol",1.92000000000007,1000,18.28,9.1312256,3.91898094420601,1120,NA,"E3-E1",826.935233384432,0.82508187408064,0.0243423777881655,5.90059691113426,1003.82145559077,176.886222206335,0.176212832691681,5.21867148186455,0,FALSE,"Ethanol","Ethanol",1.92000000000007,1000,18.28,9.1312256,3.91898094420601,1120,NA,"E3-E1",823.010449635213,0.84583604768057,0.0402181630896761,9.50968292258561,1004.34608162551,181.3356319903,0.180550942855088,8.62222181397211,0,FALSE,"Ethanol","Ethanol",1.92000000000007,1000,18.28,9.1312256,3.91898094420601,1120,NA,"E3-E1",810.067674934251,0.909006315595582,0.0533705705702005,11.7426182094746,1004.94614479103,194.878469856783,0.193919316837924,11.4419173438741,0,FALSE
29,"A1",2,3,"A","A",2.32000000000005,821,19.86,5.5979382,1.75281201368949,1120,NA,"A1-E2",391.244084013964,0.751798232763107,0.0629916714017405,14.5125075541215,457.596600341139,66.3525163271754,0.145002205605788,5.55954473289787,0,FALSE,"A","A",2.32000000000005,821,19.86,5.5979382,1.75281201368949,1120,NA,"A1-E2",389.178439657394,0.787077260611396,0.0577933892323718,12.718076293338,458.644626872976,69.4661872155826,0.151459720980928,5.10075261623033,0,FALSE,"A","A",2.32000000000005,821,19.86,5.5979382,1.75281201368949,1120,NA,"A1-E2",372.322099619348,0.935616987997367,0.0284696877239172,5.27042008065626,454.898166929205,82.5760673098572,0.181526489471892,2.51268935893607,0,FALSE,"A","A",2.32000000000005,821,19.86,5.5979382,1.75281201368949,1120,NA,"A1-E2",431.047756510542,0.532748990830596,0.0834527895652995,27.1318151790577,478.067335131328,47.0195786207866,0.0983534643877521,7.3654104796555,0,FALSE,"A","A",2.32000000000005,821,19.86,5.5979382,1.75281201368949,1120,NA,"A1-E2",412.640366349634,0.458436421878978,0.149983994175273,56.6665050671444,453.101235825077,40.460869475443,0.0892976365464234,13.2373487840661,0,FALSE,"A","A",2.32000000000005,821,19.86,5.5979382,1.75281201368949,1120,NA,"A1-E2",386.647263442826,0.931849617303615,0.131138205414818,24.3749667729769,468.890828607062,82.2435651642363,0.175400242757057,11.574049441328,0,FALSE,"A","A",2.32000000000005,821,19.86,5.5979382,1.75281201368949,1120,NA,"A1-E2",393.005715914106,0.6532792908649,0.234089628808235,62.0645926314312,450.663107118665,57.6573912045594,0.127939008749118,20.660378331077,0,FALSE,"A","A",2.32000000000005,821,19.86,5.5979382,1.75281201368949,1120,NA,"A1-E2",431.047756510542,0.532748990830596,0.0834527895652995,27.1318151790577,478.067335131328,47.0195786207866,0.0983534643877521,7.3654104796555,0,FALSE,"A","A",2.32000000000005,821,19.86,5.5979382,1.75281201368949,1120,NA,"A1-E2",374.88889082082,1.1360237601788,0.0710509842061016,10.8328644951381,475.152541106727,100.263650285907,0.211013604288788,6.27084686308748,0,FALSE,"A","A",2.32000000000005,821,19.86,5.5979382,1.75281201368949,1120,NA,"A1-E2",381.068458967947,1.0692127883989,0.0800491684236808,12.9674119424885,475.435479143981,94.367020176034,0.198485439803402,7.06501229098093,0,FALSE
29,"A2",2,3,"A","A",1.87,821,19.86,5.879553,1.87472594397077,1120,NA,"A2-E2",399.173838695806,0.751798232763107,0.0629916714017405,14.5125075541215,470.1413941637,70.9675554678937,0.150949387458496,5.94622963901935,0,FALSE,"A","A",1.87,821,19.86,5.879553,1.87472594397077,1120,NA,"A2-E2",390.611046647447,0.787077260611396,0.0577933892323718,12.718076293338,464.908839214296,74.2977925668492,0.159811529271876,5.4555269981837,0,FALSE,"A","A",1.87,821,19.86,5.879553,1.87472594397077,1120,NA,"A2-E2",378.745697799183,0.935616987997367,0.0284696877239172,5.27042008065626,467.065206410384,88.3195086112009,0.189094600494817,2.68745529671569,0,FALSE,"A","A",1.87,821,19.86,5.879553,1.87472594397077,1120,NA,"A2-E2",413.385778663967,0.532748990830596,0.0834527895652995,27.1318151790577,463.675726032263,50.2899473682962,0.108459305814075,7.87769938040282,0,FALSE,"A","A",1.87,821,19.86,5.879553,1.87472594397077,1120,NA,"A2-E2",420.400667937719,0.458436421878978,0.149983994175273,56.6665050671444,463.675726032263,43.2750580945442,0.0933304369086881,14.1580506072882,0,FALSE,"A","A",1.87,821,19.86,5.879553,1.87472594397077,1120,NA,"A2-E2",383.800329797278,0.931849617303615,0.131138205414818,24.3749667729769,471.764209628009,87.963879830731,0.186457298022017,12.379063239523,0,FALSE,"A","A",1.87,821,19.86,5.879553,1.87472594397077,1120,NA,"A2-E2",400.142317346851,0.6532792908649,0.234089628808235,62.0645926314312,461.809972696461,61.6676553496099,0.133534698242956,22.0973766536398,0,FALSE,"A","A",1.87,821,19.86,5.879553,1.87472594397077,1120,NA,"A2-E2",413.385778663967,0.532748990830596,0.0834527895652995,27.1318151790577,463.675726032263,50.2899473682962,0.108459305814075,7.87769938040282,0,FALSE,"A","A",1.87,821,19.86,5.879553,1.87472594397077,1120,NA,"A2-E2",364.526887564846,1.1360237601788,0.0710509842061016,10.8328644951381,471.764209628009,107.237322063163,0.227311270915869,6.70700520824955,0,FALSE,"A","A",1.87,821,19.86,5.879553,1.87472594397077,1120,NA,"A2-E2",360.879411063191,1.0692127883989,0.0800491684236808,12.9674119424885,461.809972696461,100.93056163327,0.218554313680034,7.55640749431822,0,FALSE
29,"A3",2,3,"A","A",11.8199999999999,821,19.86,5.892462,2.05649759710186,1120,"May be error in tare. Check original data sheet.","A3-E2",391.594287941163,0.751798232763107,0.0629916714017405,14.5125075541215,469.442790417636,77.8485024764731,0.165831713822287,6.52277043681317,0,FALSE,"A","A",11.8199999999999,821,19.86,5.892462,2.05649759710186,1120,"May be error in tare. Check original data sheet.","A3-E2",377.027029089475,0.787077260611396,0.0577933892323718,12.718076293338,458.528665302005,81.5016362125303,0.177746000152139,5.98448973236382,0,FALSE,"A","A",11.8199999999999,821,19.86,5.892462,2.05649759710186,1120,"May be error in tare. Check original data sheet.","A3-E2",372.487681017896,0.935616987997367,0.0284696877239172,5.27042008065626,469.370565591122,96.882884573226,0.206410226110392,2.94802841865439,0,FALSE,"A","A",11.8199999999999,821,19.86,5.892462,2.05649759710186,1120,"May be error in tare. Check original data sheet.","A3-E2",368.947139169787,0.532748990830596,0.0834527895652995,27.1318151790577,424.113152236331,55.166013066544,0.130073808783472,8.64151365621782,0,FALSE,"A","A",11.8199999999999,821,19.86,5.892462,2.05649759710186,1120,"May be error in tare. Check original data sheet.","A3-E2",404.469728820862,0.458436421878978,0.149983994175273,56.6665050671444,451.940695589144,47.4709667682827,0.105038044220382,15.5308017938161,0,FALSE,"A","A",11.8199999999999,821,19.86,5.892462,2.05649759710186,1120,"May be error in tare. Check original data sheet.","A3-E2",375.208225122474,0.931849617303615,0.131138205414818,24.3749667729769,471.700999485272,96.4927743627983,0.204563429944165,13.5793254946538,0,FALSE,"A","A",11.8199999999999,821,19.86,5.892462,2.05649759710186,1120,"May be error in tare. Check original data sheet.","A3-E2",380.499771567446,0.6532792908649,0.234089628808235,62.0645926314312,448.146664412365,67.6468928449182,0.15094811189462,24.2399173791845,0,FALSE,"A","A",11.8199999999999,821,19.86,5.892462,2.05649759710186,1120,"May be error in tare. Check original data sheet.","A3-E2",368.947139169787,0.532748990830596,0.0834527895652995,27.1318151790577,424.113152236331,55.166013066544,0.130073808783472,8.64151365621782,0,FALSE,"A","A",11.8199999999999,821,19.86,5.892462,2.05649759710186,1120,"May be error in tare. Check original data sheet.","A3-E2",338.270438810228,1.1360237601788,0.0710509842061016,10.8328644951381,455.905390122329,117.634951312101,0.258024918899373,7.35731008517475,0,FALSE,"A","A",11.8199999999999,821,19.86,5.892462,2.05649759710186,1120,"May be error in tare. Check original data sheet.","A3-E2",309.805368745518,1.0692127883989,0.0800491684236808,12.9674119424885,420.522062105686,110.716693360167,0.263283911445155,8.28906961295579,0,FALSE
29,"B1",2,3,"B","B",1.88,858.47,19.86,5.9909676,1.77123271900505,1120,NA,"B1-E2",392.831267628216,0.751798232763107,0.0629916714017405,14.5125075541215,459.881097837692,67.0498302094757,0.145798186802494,5.61797126946512,0,FALSE,"B","B",1.88,858.47,19.86,5.9909676,1.77123271900505,1120,NA,"B1-E2",385.39824144729,0.787077260611396,0.0577933892323718,12.718076293338,455.594464829957,70.196223382667,0.154076111106544,5.15435760073369,0,FALSE,"B","B",1.88,858.47,19.86,5.9909676,1.77123271900505,1120,NA,"B1-E2",373.744308571721,0.935616987997367,0.0284696877239172,5.27042008065626,457.188186799208,83.4438782274869,0.182515385648262,2.53909579035541,0,FALSE,"B","B",1.88,858.47,19.86,5.9909676,1.77123271900505,1120,NA,"B1-E2",470.633623480284,0.532748990830596,0.0834527895652995,27.1318151790577,518.147341686532,47.5137182062473,0.0916992414775181,7.44281527544318,0,FALSE,"B","B",1.88,858.47,19.86,5.9909676,1.77123271900505,1120,NA,"B1-E2",430.114472440553,0.458436421878978,0.149983994175273,56.6665050671444,471.000554515863,40.8860820753096,0.0868068661136419,13.3764631324424,0,FALSE,"B","B",1.88,858.47,19.86,5.9909676,1.77123271900505,1120,NA,"B1-E2",381.253276531186,0.931849617303615,0.131138205414818,24.3749667729769,464.361158271392,83.1078817402062,0.17897250934936,11.6956837936722,0,FALSE,"B","B",1.88,858.47,19.86,5.9909676,1.77123271900505,1120,NA,"B1-E2",415.4633313089,0.6532792908649,0.234089628808235,62.0645926314312,473.726657322411,58.2633260135109,0.122989333855151,20.8775030072957,0,FALSE,"B","B",1.88,858.47,19.86,5.9909676,1.77123271900505,1120,NA,"B1-E2",470.633623480284,0.532748990830596,0.0834527895652995,27.1318151790577,518.147341686532,47.5137182062473,0.0916992414775181,7.44281527544318,0,FALSE,"B","B",1.88,858.47,19.86,5.9909676,1.77123271900505,1120,NA,"B1-E2",368.580833352717,1.1360237601788,0.0710509842061016,10.8328644951381,469.898177441127,101.317344088411,0.215615528964474,6.33674863763133,0,FALSE,"B","B",1.88,858.47,19.86,5.9909676,1.77123271900505,1120,NA,"B1-E2",425.156213027034,1.0692127883989,0.0800491684236808,12.9674119424885,520.51495796111,95.3587449340762,0.183200777375548,7.13926013298938,0,FALSE
29,"B2",2,3,"B","B",1.8900000000001,858.47,19.86,6.1647426,2.04589202077757,1120,NA,"B2-E2",391.725276622951,0.751798232763107,0.0629916714017405,14.5125075541215,469.172306111608,77.4470294886566,0.165071613306676,6.48913181753594,0,FALSE,"B","B",1.8900000000001,858.47,19.86,6.1647426,2.04589202077757,1120,NA,"B2-E2",380.711822741494,0.787077260611396,0.0577933892323718,12.718076293338,461.793146367895,81.081323626401,0.175579313517586,5.95362708379668,0,FALSE,"B","B",1.8900000000001,858.47,19.86,6.1647426,2.04589202077757,1120,NA,"B2-E2",376.811157118072,0.935616987997367,0.0284696877239172,5.27042008065626,473.19440637526,96.3832492571883,0.203686366446084,2.93282512328255,0,FALSE,"B","B",1.8900000000001,858.47,19.86,6.1647426,2.04589202077757,1120,NA,"B2-E2",387.581901032076,0.532748990830596,0.0834527895652995,27.1318151790577,442.463417115542,54.8815160834653,0.12403627952169,8.59694845333717,0,FALSE,"B","B",1.8900000000001,858.47,19.86,6.1647426,2.04589202077757,1120,NA,"B2-E2",421.698565361269,0.458436421878978,0.149983994175273,56.6665050671444,468.924719316758,47.2261539554896,0.100711589750056,15.4507078009839,0,FALSE,"B","B",1.8900000000001,858.47,19.86,6.1647426,2.04589202077757,1120,NA,"B2-E2",363.305878409947,0.931849617303615,0.131138205414818,24.3749667729769,459.301029296458,95.9951508865106,0.209002690530768,13.5092954721685,0,FALSE,"B","B",1.8900000000001,858.47,19.86,6.1647426,2.04589202077757,1120,NA,"B2-E2",398.986466675738,0.6532792908649,0.234089628808235,62.0645926314312,466.284497316207,67.2980306404698,0.144328261024797,24.1149095531497,0,FALSE,"B","B",1.8900000000001,858.47,19.86,6.1647426,2.04589202077757,1120,NA,"B2-E2",387.581901032076,0.532748990830596,0.0834527895652995,27.1318151790577,442.463417115542,54.8815160834653,0.12403627952169,8.59694845333717,0,FALSE,"B","B",1.8900000000001,858.47,19.86,6.1647426,2.04589202077757,1120,NA,"B2-E2",329.011997127989,1.1360237601788,0.0710509842061016,10.8328644951381,446.040292513867,117.028295385878,0.262371577971826,7.31936765637748,0,FALSE,"B","B",1.8900000000001,858.47,19.86,6.1647426,2.04589202077757,1120,NA,"B2-E2",329.87574397133,1.0692127883989,0.0800491684236808,12.9674119424885,440.021459595633,110.145715624303,0.250318963364931,8.24632200140426,0,FALSE
29,"B3",2,3,"B","B",4.88999999999999,858.47,19.86,6.002685,2.02675538533924,1120,NA,"B3-E2",377.152222659219,0.751798232763107,0.0629916714017405,14.5125075541215,453.874836805299,76.7226141460799,0.16903914454943,6.42843450377629,0,FALSE,"B","B",4.88999999999999,858.47,19.86,6.002685,2.02675538533924,1120,NA,"B3-E2",381.139653308309,0.787077260611396,0.0577933892323718,12.718076293338,461.462567539034,80.322914230725,0.174061603000834,5.89793871418511,0,FALSE,"B","B",4.88999999999999,858.47,19.86,6.002685,2.02675538533924,1120,NA,"B3-E2",382.012068249666,0.935616987997367,0.0284696877239172,5.27042008065626,477.493778674567,95.4817104249012,0.199964302550581,2.90539239241568,0,FALSE,"B","B",4.88999999999999,858.47,19.86,6.002685,2.02675538533924,1120,NA,"B3-E2",345.060443344389,0.532748990830596,0.0834527895652995,27.1318151790577,399.428614854961,54.3681715105717,0.136114863804421,8.51653528061696,0,FALSE,"B","B",4.88999999999999,858.47,19.86,6.002685,2.02675538533924,1120,NA,"B3-E2",352.644199604262,0.458436421878978,0.149983994175273,56.6665050671444,399.428614854961,46.7844152506983,0.117128351627203,15.3061867023878,0,FALSE,"B","B",4.88999999999999,858.47,19.86,6.002685,2.02675538533924,1120,NA,"B3-E2",344.793749004202,0.931849617303615,0.131138205414818,24.3749667729769,439.890991209459,95.0972422052572,0.216183654827283,13.3829337385803,0,FALSE,"B","B",4.88999999999999,858.47,19.86,6.002685,2.02675538533924,1120,NA,"B3-E2",329.456590310714,0.6532792908649,0.234089628808235,62.0645926314312,396.125136176325,66.6685458656109,0.168301730380309,23.8893462154659,0,FALSE,"B","B",4.88999999999999,858.47,19.86,6.002685,2.02675538533924,1120,NA,"B3-E2",345.060443344389,0.532748990830596,0.0834527895652995,27.1318151790577,399.428614854961,54.3681715105717,0.136114863804421,8.51653528061696,0,FALSE,"B","B",4.88999999999999,858.47,19.86,6.002685,2.02675538533924,1120,NA,"B3-E2",323.957341974026,1.1360237601788,0.0710509842061016,10.8328644951381,439.890991209459,115.933649235434,0.263550860445402,7.25090457569836,0,FALSE,"B","B",4.88999999999999,858.47,19.86,6.002685,2.02675538533924,1120,NA,"B3-E2",287.009689199434,1.0692127883989,0.0800491684236808,12.9674119424885,396.125136176325,109.115446976891,0.275457013483539,8.16918847908472,0,FALSE
29,"C1",2,3,"C","C",1.86999999999989,799.27,19.86,9.8589012,3.60669066663682,1120,NA,"C1-E2",525.003699979003,0.751798232763107,0.0629916714017405,14.5125075541215,661.534599742384,136.530899763381,0.206385123040502,11.4396512245977,0,FALSE,"C","C",1.86999999999989,799.27,19.86,9.8589012,3.60669066663682,1120,NA,"C1-E2",470.822879261375,0.787077260611396,0.0577933892323718,12.718076293338,613.760654174224,142.93777491285,0.232888462205456,10.4956131690687,0,FALSE,"C","C",1.86999999999989,799.27,19.86,9.8589012,3.60669066663682,1120,NA,"C1-E2",516.559945032455,0.935616987997367,0.0284696877239172,5.27042008065626,686.473392069562,169.913447037107,0.247516435451135,5.17025966746812,0,FALSE,"C","C",1.86999999999989,799.27,19.86,9.8589012,3.60669066663682,1120,NA,"C1-E2",552.155718729827,0.532748990830596,0.0834527895652995,27.1318151790577,648.906011423125,96.7502926932977,0.149097544159151,15.1555084204417,0,FALSE,"C","C",1.86999999999989,799.27,19.86,9.8589012,3.60669066663682,1120,NA,"C1-E2",512.811441186064,0.458436421878978,0.149983994175273,56.6665050671444,596.066142295696,83.2547011096318,0.139673595264082,27.2379593120275,0,FALSE,"C","C",1.86999999999989,799.27,19.86,9.8589012,3.60669066663682,1120,NA,"C1-E2",441.867729635961,0.931849617303615,0.131138205414818,24.3749667729769,611.097000403234,169.229270767273,0.276927019205799,23.8154552622923,0,FALSE,"C","C",1.86999999999989,799.27,19.86,9.8589012,3.60669066663682,1120,NA,"C1-E2",469.939097260156,0.6532792908649,0.234089628808235,62.0645926314312,588.578388351271,118.639291091115,0.201569227547495,42.5120281661198,0,FALSE,"C","C",1.86999999999989,799.27,19.86,9.8589012,3.60669066663682,1120,NA,"C1-E2",552.155718729827,0.532748990830596,0.0834527895652995,27.1318151790577,648.906011423125,96.7502926932977,0.149097544159151,15.1555084204417,0,FALSE,"C","C",1.86999999999989,799.27,19.86,9.8589012,3.60669066663682,1120,NA,"C1-E2",416.17665621703,1.1360237601788,0.0710509842061016,10.8328644951381,622.485130180501,206.308473963471,0.331427152169319,12.9032689623115,0,FALSE,"C","C",1.86999999999989,799.27,19.86,9.8589012,3.60669066663682,1120,NA,"C1-E2",452.254585369494,1.0692127883989,0.0800491684236808,12.9674119424885,646.429801108015,194.175215738522,0.300380977804078,14.5373911694727,0,FALSE
29,"C2",2,3,"C","C",1.89999999999986,799.27,19.86,9.5359776,3.31412747465396,1120,NA,"C2-E2",550.400387837881,0.751798232763107,0.0629916714017405,14.5125075541215,675.856338421794,125.455950583912,0.185625174244673,10.5117033669125,0,FALSE,"C","C",1.89999999999986,799.27,19.86,9.5359776,3.31412747465396,1120,NA,"C2-E2",525.532551508286,0.787077260611396,0.0577933892323718,12.718076293338,656.875672055497,131.34312054721,0.199951263434999,9.64424265399666,0,FALSE,"C","C",1.89999999999986,799.27,19.86,9.5359776,3.31412747465396,1120,NA,"C2-E2",516.710678288489,0.935616987997367,0.0284696877239172,5.27042008065626,672.841290860244,156.130612571755,0.232046716948863,4.75086476740445,0,FALSE,"C","C",1.89999999999986,799.27,19.86,9.5359776,3.31412747465396,1120,NA,"C2-E2",594.223240498056,0.532748990830596,0.0834527895652995,27.1318151790577,683.125459410737,88.9022189126811,0.130140397620911,13.9261421316654,0,FALSE,"C","C",1.89999999999986,799.27,19.86,9.5359776,3.31412747465396,1120,NA,"C2-E2",578.91341660821,0.458436421878978,0.149983994175273,56.6665050671444,655.414763090142,76.5013464819322,0.116722037387813,25.0285033159421,0,FALSE,"C","C",1.89999999999986,799.27,19.86,9.5359776,3.31412747465396,1120,NA,"C2-E2",482.407290708137,0.931849617303615,0.131138205414818,24.3749667729769,637.909225197144,155.501934489007,0.243768123028711,21.8836218299125,0,FALSE,"C","C",1.89999999999986,799.27,19.86,9.5359776,3.31412747465396,1120,NA,"C2-E2",548.720674300901,0.6532792908649,0.234089628808235,62.0645926314312,657.736326188001,109.015651887101,0.165743699331486,39.063588638717,0,FALSE,"C","C",1.89999999999986,799.27,19.86,9.5359776,3.31412747465396,1120,NA,"C2-E2",594.223240498056,0.532748990830596,0.0834527895652995,27.1318151790577,683.125459410737,88.9022189126811,0.130140397620911,13.9261421316654,0,FALSE,"C","C",1.89999999999986,799.27,19.86,9.5359776,3.31412747465396,1120,NA,"C2-E2",452.553435614393,1.1360237601788,0.0710509842061016,10.8328644951381,642.126827128405,189.573391514011,0.295227334390909,11.8565971227918,0,FALSE,"C","C",1.89999999999986,799.27,19.86,9.5359776,3.31412747465396,1120,NA,"C2-E2",506.686662472584,1.0692127883989,0.0800491684236808,12.9674119424885,685.111006797063,178.424344324479,0.260431291505043,13.3581645718088,0,FALSE
29,"C3",2,3,"C","C",1.93000000000006,799.27,19.86,10.0608774,4.07365143023106,1120,NA,"C3-E2",562.313785929329,0.751798232763107,0.0629916714017405,14.5125075541215,716.521436792401,154.207650863072,0.215217079273165,12.9207508710143,0,FALSE,"C","C",1.93000000000006,799.27,19.86,10.0608774,4.07365143023106,1120,NA,"C3-E2",523.602821271306,0.787077260611396,0.0577933892323718,12.718076293338,685.046849891243,161.444028619937,0.235668594995463,11.854487548054,0,FALSE,"C","C",1.93000000000006,799.27,19.86,10.0608774,4.07365143023106,1120,NA,"C3-E2",509.764376596357,0.935616987997367,0.0284696877239172,5.27042008065626,701.676636480745,191.912259884388,0.273505272809029,5.83965680336187,0,FALSE,"C","C",1.93000000000006,799.27,19.86,10.0608774,4.07365143023106,1120,NA,"C3-E2",629.546775539308,0.532748990830596,0.0834527895652995,27.1318151790577,738.823396307244,109.276620767936,0.147906280870527,17.1177026973542,0,FALSE,"C","C",1.93000000000006,799.27,19.86,10.0608774,4.07365143023106,1120,NA,"C3-E2",612.50534441298,0.458436421878978,0.149983994175273,56.6665050671444,706.539089914355,94.033745501375,0.133090648265156,30.7644769578986,0,FALSE,"C","C",1.93000000000006,799.27,19.86,10.0608774,4.07365143023106,1120,NA,"C3-E2",530.669437495677,0.931849617303615,0.131138205414818,24.3749667729769,721.808940329974,191.139502834297,0.264806228012246,26.8988589147033,0,FALSE,"C","C",1.93000000000006,799.27,19.86,10.0608774,4.07365143023106,1120,NA,"C3-E2",569.138450381356,0.6532792908649,0.234089628808235,62.0645926314312,703.138053481665,133.999603100309,0.190573675307139,48.0160901911845,0,FALSE,"C","C",1.93000000000006,799.27,19.86,10.0608774,4.07365143023106,1120,NA,"C3-E2",629.546775539308,0.532748990830596,0.0834527895652995,27.1318151790577,738.823396307244,109.276620767936,0.147906280870527,17.1177026973542,0,FALSE,"C","C",1.93000000000006,799.27,19.86,10.0608774,4.07365143023106,1120,NA,"C3-E2",494.18591519139,1.1360237601788,0.0710509842061016,10.8328644951381,727.205291597676,233.019376406286,0.32043135425258,14.573864221073,0,FALSE,"C","C",1.93000000000006,799.27,19.86,10.0608774,4.07365143023106,1120,NA,"C3-E2",515.670204414802,1.0692127883989,0.0800491684236808,12.9674119424885,734.985421166188,219.315216751386,0.29839396869043,16.4195573735113,0,FALSE
29,"C4",2,3,"CB","C",2.27999999999997,799.27,19.86,7.995636,2.15132760256637,1120,NA,"C4-E2",511.757272697338,0.751798232763107,0.0629916714017405,14.5125075541215,593.19555515977,81.4382824624316,0.137287411805534,6.82355092740963,0,TRUE,"CB","C",2.27999999999997,799.27,19.86,7.995636,2.15132760256637,1120,NA,"C4-E2",519.314691906407,0.787077260611396,0.0577933892323718,12.718076293338,604.574562807999,85.2598709015923,0.141024575208053,6.26044881679073,0,TRUE,"CB","C",2.27999999999997,799.27,19.86,7.995636,2.15132760256637,1120,NA,"C4-E2",564.459808413887,0.935616987997367,0.0284696877239172,5.27042008065626,665.810193696302,101.350385282414,0.152221137858763,3.08396903509104,0,TRUE,"CB","C",2.27999999999997,799.27,19.86,7.995636,2.15132760256637,1120,NA,"C4-E2",508.093935404294,0.532748990830596,0.0834527895652995,27.1318151790577,565.803784810801,57.7098494065076,0.101996223701128,9.03999444627351,0,TRUE,"CB","C",2.27999999999997,799.27,19.86,7.995636,2.15132760256637,1120,NA,"C4-E2",408.876607063447,0.458436421878978,0.149983994175273,56.6665050671444,458.536573247233,49.659966183787,0.10830099294394,16.2469640791752,0,TRUE,"CB","C",2.27999999999997,799.27,19.86,7.995636,2.15132760256637,1120,NA,"C4-E2",250.444988518483,0.931849617303615,0.131138205414818,24.3749667729769,351.387274678915,100.942286160432,0.28726790477165,14.2055005568941,0,TRUE,"CB","C",2.27999999999997,799.27,19.86,7.995636,2.15132760256637,1120,NA,"C4-E2",387.013990058994,0.6532792908649,0.234089628808235,62.0645926314312,457.780242356207,70.7662522972128,0.154585641208491,25.3576777406683,0,TRUE,"CB","C",2.27999999999997,799.27,19.86,7.995636,2.15132760256637,1120,NA,"C4-E2",508.093935404294,0.532748990830596,0.0834527895652995,27.1318151790577,565.803784810801,57.7098494065076,0.101996223701128,9.03999444627351,0,TRUE,"CB","C",2.27999999999997,799.27,19.86,7.995636,2.15132760256637,1120,NA,"C4-E2",433.338227388957,1.1360237601788,0.0710509842061016,10.8328644951381,556.397606666092,123.059379277135,0.22117165459158,7.69657318792014,0,TRUE,"CB","C",2.27999999999997,799.27,19.86,7.995636,2.15132760256637,1120,NA,"C4-E2",448.0877791047,1.0692127883989,0.0800491684236808,12.9674119424885,563.909883067414,115.822103962715,0.205391158127421,8.67129836819482,0,TRUE
29,"C5",2,3,"CB","C",1.91000000000008,799.27,19.86,6.2594748,1.9384875580155,1120,NA,"C5-E2",264.788283750861,0.751798232763107,0.0629916714017405,14.5125075541215,338.169528481441,73.3812447305802,0.21699543734795,6.14846783841263,0,TRUE,"CB","C",1.91000000000008,799.27,19.86,6.2594748,1.9384875580155,1120,NA,"C5-E2",252.436192464006,0.787077260611396,0.0577933892323718,12.718076293338,329.260939538131,76.8247470741246,0.233324812781893,5.64107582892748,0,TRUE,"CB","C",1.91000000000008,799.27,19.86,6.2594748,1.9384875580155,1120,NA,"C5-E2",517.795516307378,0.935616987997367,0.0284696877239172,5.27042008065626,609.118874328568,91.32335802119,0.149926987768776,2.77885878315207,0,TRUE,"CB","C",1.91000000000008,799.27,19.86,6.2594748,1.9384875580155,1120,NA,"C5-E2",278.112887380501,0.532748990830596,0.0834527895652995,27.1318151790577,330.113254463604,52.000367083103,0.157522808854184,8.14562911651656,0,TRUE,"CB","C",1.91000000000008,799.27,19.86,6.2594748,1.9384875580155,1120,NA,"C5-E2",-94.5516256968319,0.458436421878978,0.149983994175273,56.6665050671444,-49.8047324464017,44.7468932504302,-0.898446614457481,14.6395824073633,0,TRUE,"CB","C",1.91000000000008,799.27,19.86,6.2594748,1.9384875580155,1120,NA,"C5-E2",12.8744818658671,0.931849617303615,0.131138205414818,24.3749667729769,103.830115757336,90.9556338914684,0.876004357965309,12.800089606098,0,TRUE,"CB","C",1.91000000000008,799.27,19.86,6.2594748,1.9384875580155,1120,NA,"C5-E2",-162.955176001382,0.6532792908649,0.234089628808235,62.0645926314312,-99.1901318296397,63.7650441717421,-0.642856733785367,22.8489341845534,0,TRUE,"CB","C",1.91000000000008,799.27,19.86,6.2594748,1.9384875580155,1120,NA,"C5-E2",278.112887380501,0.532748990830596,0.0834527895652995,27.1318151790577,330.113254463604,52.000367083103,0.157522808854184,8.14562911651656,0,TRUE,"CB","C",1.91000000000008,799.27,19.86,6.2594748,1.9384875580155,1120,NA,"C5-E2",225.557185173622,1.1360237601788,0.0710509842061016,10.8328644951381,336.441773527931,110.88458835431,0.329580322893834,6.93511827131339,0,TRUE,"CB","C",1.91000000000008,799.27,19.86,6.2594748,1.9384875580155,1120,NA,"C5-E2",265.607834658351,1.0692127883989,0.0800491684236808,12.9674119424885,369.971162311036,104.363327652685,0.282085033332805,7.81340971897243,0,TRUE
29,"C6",2,3,"CB","C",1.8599999999999,799.27,19.86,6.050349,2.05144816596364,1120,NA,"C6-E2",498.656109310201,0.751798232763107,0.0629916714017405,14.5125075541215,576.313466096534,77.6573567863332,0.13474846824649,6.50675472145441,0,FALSE,"CB","C",1.8599999999999,799.27,19.86,6.050349,2.05144816596364,1120,NA,"C6-E2",468.513764546545,0.787077260611396,0.0577933892323718,12.718076293338,549.815285329673,81.3015207831285,0.147870608461493,5.96979568708821,0,FALSE,"CB","C",1.8599999999999,799.27,19.86,6.050349,2.05144816596364,1120,NA,"C6-E2",493.778184470303,0.935616987997367,0.0284696877239172,5.27042008065626,590.423187192943,96.6450027226395,0.163687681681541,2.94078996308093,0,FALSE,"CB","C",1.8599999999999,799.27,19.86,6.050349,2.05144816596364,1120,NA,"C6-E2",536.534539755855,0.532748990830596,0.0834527895652995,27.1318151790577,591.565100690316,55.0305609344615,0.0930253675719621,8.62029567463661,0,FALSE,"CB","C",1.8599999999999,799.27,19.86,6.050349,2.05144816596364,1120,NA,"C6-E2",495.237154745686,0.458436421878978,0.149983994175273,56.6665050671444,542.591563450347,47.3544087046607,0.0872745023964866,15.4926681658995,0,FALSE,"CB","C",1.8599999999999,799.27,19.86,6.050349,2.05144816596364,1120,NA,"C6-E2",448.238157232926,0.931849617303615,0.131138205414818,24.3749667729769,544.494007604095,96.255850371169,0.176780366775234,13.5459834333329,0,FALSE,"CB","C",1.8599999999999,799.27,19.86,6.050349,2.05144816596364,1120,NA,"C6-E2",471.917664214022,0.6532792908649,0.234089628808235,62.0645926314312,539.398459939441,67.4807957254191,0.125103797539569,24.1803997829689,0,FALSE,"CB","C",1.8599999999999,799.27,19.86,6.050349,2.05144816596364,1120,NA,"C6-E2",536.534539755855,0.532748990830596,0.0834527895652995,27.1318151790577,591.565100690316,55.0305609344615,0.0930253675719621,8.62029567463661,0,FALSE,"CB","C",1.8599999999999,799.27,19.86,6.050349,2.05144816596364,1120,NA,"C6-E2",436.373759877649,1.1360237601788,0.0710509842061016,10.8328644951381,553.719875653577,117.346115775927,0.211923250248908,7.33924527892843,0,FALSE,"CB","C",1.8599999999999,799.27,19.86,6.050349,2.05144816596364,1120,NA,"C6-E2",482.634426432745,1.0692127883989,0.0800491684236808,12.9674119424885,593.079271034245,110.4448446015,0.186222736142674,8.26871700652942,0,FALSE
29,"L1",2,3,"Cellulose","Cellulose",1.81999999999994,945.69,19.86,5.8972284,3.99737188231304,1120,NA,"L1-E2",373.851754440471,0.751798232763107,0.0629916714017405,14.5125075541215,525.171850957081,151.32009651661,0.28813443873818,12.6788084633041,0,FALSE,"Cellulose","Cellulose",1.81999999999994,945.69,19.86,5.8972284,3.99737188231304,1120,NA,"L1-E2",381.765313777405,0.787077260611396,0.0577933892323718,12.718076293338,540.18628612262,158.420972345215,0.293271000051367,11.6325110322788,0,FALSE,"Cellulose","Cellulose",1.81999999999994,945.69,19.86,5.8972284,3.99737188231304,1120,NA,"L1-E2",355.194768850204,0.935616987997367,0.0284696877239172,5.27042008065626,543.513451651568,188.318682801364,0.346483941159363,5.7303086206354,0,FALSE,"Cellulose","Cellulose",1.81999999999994,945.69,19.86,5.8972284,3.99737188231304,1120,NA,"L1-E2",470.728616740248,0.532748990830596,0.0834527895652995,27.1318151790577,577.959021386616,107.230404646368,0.185532884994347,16.7971719289484,0,FALSE,"Cellulose","Cellulose",1.81999999999994,945.69,19.86,5.8972284,3.99737188231304,1120,NA,"L1-E2",387.780372132848,0.458436421878978,0.149983994175273,56.6665050671444,480.053325941873,92.2729538090244,0.192213966287981,30.1884089180885,0,FALSE,"Cellulose","Cellulose",1.81999999999994,945.69,19.86,5.8972284,3.99737188231304,1120,NA,"L1-E2",402.869527920161,0.931849617303615,0.131138205414818,24.3749667729769,590.429923627796,187.560395707635,0.317667496517118,26.3951749759408,0,FALSE,"Cellulose","Cellulose",1.81999999999994,945.69,19.86,5.8972284,3.99737188231304,1120,NA,"L1-E2",410.135525316787,0.6532792908649,0.234089628808235,62.0645926314312,541.625971872716,131.490446555929,0.242769832660147,47.1169838942163,0,FALSE,"Cellulose","Cellulose",1.81999999999994,945.69,19.86,5.8972284,3.99737188231304,1120,NA,"L1-E2",470.728616740248,0.532748990830596,0.0834527895652995,27.1318151790577,577.959021386616,107.230404646368,0.185532884994347,16.7971719289484,0,FALSE,"Cellulose","Cellulose",1.81999999999994,945.69,19.86,5.8972284,3.99737188231304,1120,NA,"L1-E2",372.397742918128,1.1360237601788,0.0710509842061016,10.8328644951381,601.053807196993,228.656064278865,0.380425282297437,14.3009670934611,0,FALSE,"Cellulose","Cellulose",1.81999999999994,945.69,19.86,5.8972284,3.99737188231304,1120,NA,"L1-E2",433.241291443496,1.0692127883989,0.0800491684236808,12.9674119424885,648.44980788636,215.208516442864,0.331881533197368,16.1120994491119,0,FALSE
29,"L2",2,3,"Cellulose","Cellulose",1.8900000000001,945.69,19.86,6.1818222,4.57121528980172,1120,NA,"L2-E2",230.985968400346,0.751798232763107,0.0629916714017405,14.5125075541215,404.028847375805,173.042878975459,0.428293375830425,14.4989169910273,0,TRUE,"Cellulose","Cellulose",1.8900000000001,945.69,19.86,6.1818222,4.57121528980172,1120,NA,"L2-E2",227.503796044479,0.787077260611396,0.0577933892323718,12.718076293338,408.666918298359,181.16312225388,0.443302636308861,13.3024181524914,0,TRUE,"Cellulose","Cellulose",1.8900000000001,945.69,19.86,6.1818222,4.57121528980172,1120,NA,"L2-E2",376.25727135892,0.935616987997367,0.0284696877239172,5.27042008065626,591.610075031216,215.352803672296,0.364011386487853,6.55292405938824,0,TRUE,"Cellulose","Cellulose",1.8900000000001,945.69,19.86,6.1818222,4.57121528980172,1120,NA,"L2-E2",300.488942803882,0.532748990830596,0.0834527895652995,27.1318151790577,423.11282661613,122.623883812249,0.289813676396767,19.208492831697,0,TRUE,"Cellulose","Cellulose",1.8900000000001,945.69,19.86,6.1818222,4.57121528980172,1120,NA,"L2-E2",-45.6638773982183,0.458436421878978,0.149983994175273,56.6665050671444,59.8553361513877,105.519213549606,1.76290403386465,34.522111148013,0,TRUE,"Cellulose","Cellulose",1.8900000000001,945.69,19.86,6.1818222,4.57121528980172,1120,NA,"L2-E2",-40.5163402466504,0.931849617303615,0.131138205414818,24.3749667729769,173.969320297869,214.48566054452,1.23289359398128,30.1843388554569,0,TRUE,"Cellulose","Cellulose",1.8900000000001,945.69,19.86,6.1818222,4.57121528980172,1120,NA,"L2-E2",-101.496107523916,0.6532792908649,0.234089628808235,62.0645926314312,48.870472683156,150.366580207072,3.07683907994813,53.8808706139081,0,TRUE,"Cellulose","Cellulose",1.8900000000001,945.69,19.86,6.1818222,4.57121528980172,1120,NA,"L2-E2",300.488942803882,0.532748990830596,0.0834527895652995,27.1318151790577,423.11282661613,122.623883812249,0.289813676396767,19.208492831697,0,TRUE,"Cellulose","Cellulose",1.8900000000001,945.69,19.86,6.1818222,4.57121528980172,1120,NA,"L2-E2",246.359972052126,1.1360237601788,0.0710509842061016,10.8328644951381,507.840796931651,261.480824879525,0.514887394749259,16.3539448820943,0,TRUE,"Cellulose","Cellulose",1.8900000000001,945.69,19.86,6.1818222,4.57121528980172,1120,NA,"L2-E2",270.165728499218,1.0692127883989,0.0800491684236808,12.9674119424885,516.268540502268,246.102812003051,0.476695348826836,18.4250746542922,0,TRUE
29,"L3",2,3,"Cellulose","Cellulose",2.25999999999999,945.69,19.86,6.4002822,3.86733931233884,1120,NA,"L3-E2",382.093903176676,0.751798232763107,0.0629916714017405,14.5125075541215,528.491630292065,146.397727115389,0.277010493116956,12.2663729688762,0,FALSE,"Cellulose","Cellulose",2.25999999999999,945.69,19.86,6.4002822,3.86733931233884,1120,NA,"L3-E2",373.160149748833,0.787077260611396,0.0577933892323718,12.718076293338,526.427764643617,153.267614894784,0.291146526054802,11.2541110861859,0,FALSE,"Cellulose","Cellulose",2.25999999999999,945.69,19.86,6.4002822,3.86733931233884,1120,NA,"L3-E2",353.262627757968,0.935616987997367,0.0284696877239172,5.27042008065626,535.455395077921,182.192767319953,0.340257599409265,5.54390445844488,0,FALSE,"Cellulose","Cellulose",2.25999999999999,945.69,19.86,6.4002822,3.86733931233884,1120,NA,"L3-E2",441.690881709664,0.532748990830596,0.0834527895652995,27.1318151790577,545.433133262937,103.742251553273,0.190201594341468,16.25076806698,0,FALSE,"Cellulose","Cellulose",2.25999999999999,945.69,19.86,6.4002822,3.86733931233884,1120,NA,"L3-E2",479.634584072398,0.458436421878978,0.149983994175273,56.6665050671444,568.905943414821,89.2713593424232,0.156917607164688,29.2063946070308,0,FALSE,"Cellulose","Cellulose",2.25999999999999,945.69,19.86,6.4002822,3.86733931233884,1120,NA,"L3-E2",469.592726160363,0.931849617303615,0.131138205414818,24.3749667729769,651.051873098237,181.459146937874,0.278716880230054,25.5365527266008,0,FALSE,"Cellulose","Cellulose",2.25999999999999,945.69,19.86,6.4002822,3.86733931233884,1120,NA,"L3-E2",437.114113327074,0.6532792908649,0.234089628808235,62.0645926314312,564.327239384409,127.213126057335,0.225424394179703,45.584291243751,0,FALSE,"Cellulose","Cellulose",2.25999999999999,945.69,19.86,6.4002822,3.86733931233884,1120,NA,"L3-E2",441.690881709664,0.532748990830596,0.0834527895652995,27.1318151790577,545.433133262937,103.742251553273,0.190201594341468,16.25076806698,0,FALSE,"Cellulose","Cellulose",2.25999999999999,945.69,19.86,6.4002822,3.86733931233884,1120,NA,"L3-E2",436.934999296199,1.1360237601788,0.0710509842061016,10.8328644951381,658.152992624017,221.217993327818,0.336119406592432,13.835763564986,0,FALSE,"Cellulose","Cellulose",2.25999999999999,945.69,19.86,6.4002822,3.86733931233884,1120,NA,"L3-E2",403.707573249067,1.0692127883989,0.0800491684236808,12.9674119424885,611.91546095453,208.207887705463,0.340255968333727,15.5879806628869,0,FALSE
29,"E1",2,3,"Ethanol","Ethanol",1.75999999999999,1000,19.86,6.1224408,4.251695,1120,NA,"E1-E2",722.701279941663,0.751798232763107,0.0629916714017405,14.5125075541215,883.648751605698,160.947471664035,0.182139646971236,13.4854669859226,0,FALSE,"Ethanol","Ethanol",1.75999999999999,1000,19.86,6.1224408,4.251695,1120,NA,"E1-E2",732.071919611587,0.787077260611396,0.0577933892323718,12.718076293338,900.572043154143,168.500123542556,0.187103435892153,12.3726014114969,0,FALSE,"Ethanol","Ethanol",1.75999999999999,1000,19.86,6.1224408,4.251695,1120,NA,"E1-E2",720.873924521925,0.935616987997367,0.0284696877239172,5.27042008065626,921.173928035694,200.30000351377,0.217439939861181,6.09488564689527,0,FALSE,"Ethanol","Ethanol",1.75999999999999,1000,19.86,6.1224408,4.251695,1120,NA,"E1-E2",694.422473175699,0.532748990830596,0.0834527895652995,27.1318151790577,808.475152962682,114.052679786983,0.141071348165783,17.8658513661045,0,FALSE,"Ethanol","Ethanol",1.75999999999999,1000,19.86,6.1224408,4.251695,1120,NA,"E1-E2",654.96073502502,0.458436421878978,0.149983994175273,56.6665050671444,753.104332342278,98.1435973172579,0.130318726240779,32.1090734196896,0,FALSE,"Ethanol","Ethanol",1.75999999999999,1000,19.86,6.1224408,4.251695,1120,NA,"E1-E2",635.331792021079,0.931849617303615,0.131138205414818,24.3749667729769,834.825264258828,199.493472237749,0.238964344730107,28.0745041425556,0,FALSE,"Ethanol","Ethanol",1.75999999999999,1000,19.86,6.1224408,4.251695,1120,NA,"E1-E2",660.845112998728,0.6532792908649,0.234089628808235,62.0645926314312,800.701321184722,139.856208185994,0.174667138027276,50.1146880340297,0,FALSE,"Ethanol","Ethanol",1.75999999999999,1000,19.86,6.1224408,4.251695,1120,NA,"E1-E2",694.422473175699,0.532748990830596,0.0834527895652995,27.1318151790577,808.475152962682,114.052679786983,0.141071348165783,17.8658513661045,0,FALSE,"Ethanol","Ethanol",1.75999999999999,1000,19.86,6.1224408,4.251695,1120,NA,"E1-E2",602.500550032556,1.1360237601788,0.0710509842061016,10.8328644951381,845.704303357501,243.203753324945,0.287575400006137,15.2108315354563,0,FALSE,"Ethanol","Ethanol",1.75999999999999,1000,19.86,6.1224408,4.251695,1120,NA,"E1-E2",626.703359225972,1.0692127883989,0.0800491684236808,12.9674119424885,855.603997009036,228.900637783065,0.26753105242991,17.137192806703,0,FALSE
29,"E2",2,3,"Ethanol","Ethanol",1.80999999999995,1000,19.86,5.9641566,4.02983554054054,1120,NA,"E2-E2",744.878437135711,0.751798232763107,0.0629916714017405,14.5125075541215,897.427442055366,152.549004919654,0.169984778457714,12.7817762423356,0,FALSE,"Ethanol","Ethanol",1.80999999999995,1000,19.86,5.9641566,4.02983554054054,1120,NA,"E2-E2",741.91910986656,0.787077260611396,0.0577933892323718,12.718076293338,901.62665860589,159.70754873933,0.177132682596444,11.72698156782,0,FALSE,"Ethanol","Ethanol",1.80999999999995,1000,19.86,5.9641566,4.02983554054054,1120,NA,"E2-E2",708.002095550377,0.935616987997367,0.0284696877239172,5.27042008065626,897.850161540573,189.848065990195,0.211447381893261,5.7768458921416,0,FALSE,"Ethanol","Ethanol",1.80999999999995,1000,19.86,5.9641566,4.02983554054054,1120,NA,"E2-E2",633.779828857287,0.532748990830596,0.0834527895652995,27.1318151790577,741.881078476433,108.101249619146,0.145712369213067,16.9335859691588,0,FALSE,"Ethanol","Ethanol",1.80999999999995,1000,19.86,5.9641566,4.02983554054054,1120,NA,"E2-E2",780.766840090379,0.458436421878978,0.149983994175273,56.6665050671444,873.789165667728,93.0223255773486,0.106458547704998,30.4335765478217,0,FALSE,"Ethanol","Ethanol",1.80999999999995,1000,19.86,5.9641566,4.02983554054054,1120,NA,"E2-E2",682.630680991899,0.931849617303615,0.131138205414818,24.3749667729769,871.714301648958,189.08362065706,0.216910082006667,26.6095368027865,0,FALSE,"Ethanol","Ethanol",1.80999999999995,1000,19.86,5.9641566,4.02983554054054,1120,NA,"E2-E2",743.26783784855,0.6532792908649,0.234089628808235,62.0645926314312,875.82615125371,132.558313405161,0.151352312574144,47.499632721217,0,FALSE,"Ethanol","Ethanol",1.80999999999995,1000,19.86,5.9641566,4.02983554054054,1120,NA,"E2-E2",633.779828857287,0.532748990830596,0.0834527895652995,27.1318151790577,741.881078476433,108.101249619146,0.145712369213067,16.9335859691588,0,FALSE,"Ethanol","Ethanol",1.80999999999995,1000,19.86,5.9641566,4.02983554054054,1120,NA,"E2-E2",490.371938316494,1.1360237601788,0.0710509842061016,10.8328644951381,720.884975761964,230.51303744547,0.319763964010793,14.4171088290097,0,FALSE,"Ethanol","Ethanol",1.80999999999995,1000,19.86,5.9641566,4.02983554054054,1120,NA,"E2-E2",658.869872548316,1.0692127883989,0.0800491684236808,12.9674119424885,875.826151253771,216.956278705455,0.247716145943891,16.2429498441321,0,FALSE
29,"E3",2,3,"Ethanol","Ethanol",1.86000000000001,1000,19.86,6.5802138,4.32908802631579,1120,NA,"E3-E2",763.473509479746,0.751798232763107,0.0629916714017405,14.5125075541215,927.350686099088,163.877176619342,0.176715431471446,13.730941108907,0,FALSE,"Ethanol","Ethanol",1.86000000000001,1000,19.86,6.5802138,4.32908802631579,1120,NA,"E3-E2",759.728665362401,0.787077260611396,0.0577933892323718,12.718076293338,931.295973756068,171.567308393667,0.18422425655048,12.5978181936591,0,FALSE,"Ethanol","Ethanol",1.86000000000001,1000,19.86,6.5802138,4.32908802631579,1120,NA,"E3-E2",757.87055318276,0.935616987997367,0.0284696877239172,5.27042008065626,961.816590441423,203.946037258663,0.212042544582291,6.20583002208255,0,FALSE,"Ethanol","Ethanol",1.86000000000001,1000,19.86,6.5802138,4.32908802631579,1120,NA,"E3-E2",714.665824951681,0.532748990830596,0.0834527895652995,27.1318151790577,830.794590170037,116.128765218356,0.139780357975837,18.1910610307044,0,FALSE,"Ethanol","Ethanol",1.86000000000001,1000,19.86,6.5802138,4.32908802631579,1120,NA,"E3-E2",740.247882591797,0.458436421878978,0.149983994175273,56.6665050671444,840.17797447414,99.9300918823433,0.118939194930561,32.6935505197981,0,FALSE,"Ethanol","Ethanol",1.86000000000001,1000,19.86,6.5802138,4.32908802631579,1120,NA,"E3-E2",595.831865259645,0.931849617303615,0.131138205414818,24.3749667729769,798.956690063071,203.124824803425,0.254237591761564,28.5855405263761,0,FALSE,"Ethanol","Ethanol",1.86000000000001,1000,19.86,6.5802138,4.32908802631579,1120,NA,"E3-E2",701.333893014865,0.6532792908649,0.234089628808235,62.0645926314312,843.735884753199,142.401991738334,0.168775554426001,51.026918890153,0,FALSE,"Ethanol","Ethanol",1.86000000000001,1000,19.86,6.5802138,4.32908802631579,1120,NA,"E3-E2",714.665824951681,0.532748990830596,0.0834527895652995,27.1318151790577,830.794590170037,116.128765218356,0.139780357975837,18.1910610307044,0,FALSE,"Ethanol","Ethanol",1.86000000000001,1000,19.86,6.5802138,4.32908802631579,1120,NA,"E3-E2",557.325485265296,1.1360237601788,0.0710509842061016,10.8328644951381,804.956243462692,247.630758197396,0.307632570352097,15.4877122348735,0,FALSE,"Ethanol","Ethanol",1.86000000000001,1000,19.86,6.5802138,4.32908802631579,1120,NA,"E3-E2",662.540554967938,1.0692127883989,0.0800491684236808,12.9674119424885,895.607839954917,233.067284986979,0.260233636407996,17.4491387985646,0,FALSE
