"id.exper","descrip","exper","elapsed.time","id","date","time.orig","time","sheet.order","mass.init","pres.init","vol","mass.final","notes","inject.date.time","xCH4.oa","date.time","start.time","mass.tot","mass.vent","mass.leak","cmass.tot","cmass.vent","cmass.leak","xCH4","vol.hs","temperature","pres.resid","pres.init.abs","pres.resid.abs","rh.resid","pres.resid.prev","rh.resid.prev","temp.prev","vBg","vCH4","cvBg","cvCH4","rvBg","rvCH4"
"A1-E2","FIA","2",0,"A1","17012017",1520,"1520",185,826.2,0,0,826.2,NA,NA,NA,2017-01-17 15:20:00,2017-01-17 15:20:00,0,0,0,0,0,0,0,837.24,30,0,1.01325,1.01325,1,1.01325,1,20,-39.3826852989392,0,-39.3826852989392,0,NA,NA
"A1-E2","FIA","2",1.00486111111111,"A1","18012017",1613,"1527",220,826.2,0.959,790,825.3,NA,"17-02-2017 11:40:12",0.5566,2017-01-18 15:27:00,2017-01-17 15:20:00,0.900000000000091,0.900000000000091,0,0.900000000000091,0.900000000000091,0,0.547,837.24,30,0,1.97225,1.01325,0.513753327417924,1.01325,1,30,713.858562038033,391.254079838854,674.475876739094,391.254079838854,710.405203410344,389.361351049032
"A1-E2","FIA","2",1.82152777777778,"A1","19012017",1114,"1103",233,825.3,0.966,790,824.3,NA,"06-02-2017 15:30:33",0.5135,2017-01-19 11:03:00,2017-01-17 15:20:00,1,1,0,1.90000000000009,1.90000000000009,0,0.5017,837.24,30,0,1.97925,1.01325,0.511936339522546,1.01325,0.513753327417924,30,703.65061473878,353.79083977704,1378.12649147787,745.044919615894,861.612997639323,433.213273196375
"A1-E2","FIA","2",2.97916666666667,"A1","20012017",1523,"1450",265,824.3,0.564,449,823.8,NA,"02-02-2017 18:22:23",0.5491,2017-01-20 14:50:00,2017-01-17 15:20:00,0.5,0.5,0,2.40000000000009,2.40000000000009,0,0.5491,837.24,30,0,1.57725,1.01325,0.642415596766524,1.01325,0.511936339522546,30,404.353091836854,222.468027514671,1782.47958331473,967.512947130565,349.291213104421,192.173940984479
"A1-E2","FIA","2",4.62291666666667,"A1","22012017",625,"0617",280,823.8,0.338,260,823.5,NA,"10-02-2017 21:06:28",0.5605,2017-01-22 06:17:00,2017-01-17 15:20:00,0.299999999999955,0.299999999999955,0,2.70000000000005,2.70000000000005,0,0.5491,837.24,30,0,1.35125,1.01325,0.749861239592969,1.01325,0.642415596766524,30,240.261064833976,132.18745265278,2022.7406481487,1099.70039978334,146.166427275423,80.4182221461777
"A1-E2","FIA","2",6.75208333333333,"A1","24012017",1018,"0923",313,823.4,0.241,184,823.2,NA,"03-02-2017 09:13:31",0.5753,2017-01-24 09:23:00,2017-01-17 15:20:00,0.299999999999955,0.199999999999932,0.100000000000023,3,2.89999999999998,0.100000000000023,0.565,837.24,30,0,1.25425,1.01325,0.807853298784134,1.01325,0.749861239592969,30,171.463418054435,97.0610812129198,2194.20406620314,1196.76148099626,80.5307638611826,45.5864177908038
"A1-E2","FIA","2",11.1263888888889,"A1","28012017",1829,"1822",328,823.2,0.251,200,823,NA,"09-02-2017 14:30:48",0.5765,2017-01-28 18:22:00,2017-01-17 15:20:00,0.200000000000045,0.200000000000045,0,3.20000000000005,3.10000000000002,0.100000000000023,0.5654,837.24,30,0,1.26425,1.01325,0.80146331817283,1.01325,0.807853298784134,30,180.746093742604,102.38802477044,2374.95015994574,1299.1495057667,41.319951577925,23.4066924383924
"A1-E2","FIA","2",14.7868055555556,"A1","01022017",1053,"1013",367,823,0.13,95,822.9,NA,"20-02-2017 14:51:03",0.5689,2017-02-01 10:13:00,2017-01-17 15:20:00,0.100000000000023,0.100000000000023,0,3.30000000000007,3.20000000000005,0.100000000000023,0.5689,837.24,30,0,1.14325,1.01325,0.886289088125957,1.01325,0.80146331817283,30,90.4737031976445,51.5675021520156,2465.42386314339,1350.71700791872,24.7167771968522,14.0878776510913
"A1-E2","FIA","2",20.0701388888889,"A1","06022017",1759,"1701",391,822.9,0.137,97,822.8,NA,"08-02-2017 16:25:28",0.5839,2017-02-06 17:01:00,2017-01-17 15:20:00,0.100000000000023,0.100000000000023,0,3.40000000000009,3.30000000000007,0.100000000000023,0.5721,837.24,30,0,1.15025,1.01325,0.880895457509237,1.01325,0.886289088125957,30,98.3741256941427,56.3851255777006,2563.79798883753,1407.10213349642,18.6197083332762,10.672263516284
"A1-E2","FIA","2",31.0743055555556,"A1","17022017",1707,"1707",397,822.8,0.169,123,822.6,"Initial mass (822.4) below final mass even after removing 123 mL biogas. Must be data recording error but which one? Suspect mass.init, so set to previous mass.final value. This is the most consitent explanation.","27-02-2017 12:44:19",0.5813,2017-02-17 17:07:00,2017-01-17 15:20:00,0.199999999999932,0.199999999999932,0,3.60000000000002,3.5,0.100000000000023,0.5813,837.24,30,0,1.18225,1.01325,0.857052230915627,1.01325,0.880895457509237,30,122.023201614094,71.0619284695337,2685.82119045162,1478.16406196595,11.0888180186984,6.45772920586448
"A2-E2","FIA","2",0,"A2","17012017",1520,"1520",186,842.7,0,0,842.7,NA,NA,NA,2017-01-17 15:20:00,2017-01-17 15:20:00,0,0,0,0,0,0,0,823.13,30,0,1.01325,1.01325,1,1.01325,1,20,-38.7189691726576,0,-38.7189691726576,0,NA,NA
"A2-E2","FIA","2",1.00486111111111,"A2","18012017",1616,"1527",221,842.7,0.937,763,841.8,NA,"17-02-2017 13:26:51",0.5691,2017-01-18 15:27:00,2017-01-17 15:20:00,0.900000000000091,0.900000000000091,0,0.900000000000091,0.900000000000091,0,0.5596,823.13,30,0,1.95025,1.01325,0.519548775797975,1.01325,1,30,685.727587681919,384.472057333129,647.008618509261,384.472057333129,682.4103153158,382.612137221635
"A2-E2","FIA","2",1.82152777777778,"A2","19012017",1118,"1103",234,841.8,1.009,821,840.8,NA,"06-02-2017 14:38:54",0.5231,2017-01-19 11:03:00,2017-01-17 15:20:00,1,1,0,1.90000000000009,1.90000000000009,0,0.5113,823.13,30,0,2.02225,1.01325,0.501050809741625,1.01325,0.519548775797975,30,723.441476794235,370.686163459875,1370.4500953035,755.158220793004,885.846706278655,453.901424644745
"A2-E2","FIA","2",2.97916666666667,"A2","20012017",1525,"1450",266,840.8,0.539,434,840.3,NA,"02-02-2017 17:10:07",0.5455,2017-01-20 14:50:00,2017-01-17 15:20:00,0.5,0.5,0,2.40000000000009,2.40000000000009,0,0.5455,823.13,30,0,1.55225,1.01325,0.652762119503946,1.01325,0.501050809741625,30,378.903350035391,207.10254152483,1749.35344533889,962.260762317834,327.307033023973,178.90081571431
"A2-E2","FIA","2",4.62291666666667,"A2","22012017",627,"0617",281,840.3,0.338,270,840,NA,"10-02-2017 21:24:12",0.5625,2017-01-22 06:17:00,2017-01-17 15:20:00,0.299999999999955,0.299999999999955,0,2.70000000000005,2.70000000000005,0,0.5511,823.13,30,0,1.35125,1.01325,0.749861239592969,1.01325,0.652762119503946,30,236.534499641325,130.610020897853,1985.88794498021,1092.87078321569,143.899315371148,79.4585678466025
"A2-E2","FIA","2",6.75208333333333,"A2","24012017",1021,"0923",314,840,0.242,188,839.8,"Check final mass","03-02-2017 12:45:44",0.5672,2017-01-24 09:23:00,2017-01-17 15:20:00,0.200000000000045,0.200000000000045,0,2.90000000000009,2.90000000000009,0,0.5569,823.13,30,0,1.25525,1.01325,0.807209719179446,1.01325,0.749861239592969,30,169.305579456199,94.4689458253482,2155.19352443641,1187.33972904104,79.5172975919525,44.3689765128837
"A2-E2","FIA","2",11.1263888888889,"A2","28012017",1832,"1822",329,839.8,0.258,192,839.5,NA,"09-02-2017 15:23:24",0.5734,2017-01-28 18:22:00,2017-01-17 15:20:00,0.299999999999955,0.299999999999955,0,3.20000000000005,3.20000000000005,0,0.5623,823.13,30,0,1.27125,1.01325,0.797050147492625,1.01325,0.807209719179446,30,182.802749908728,102.986698260556,2337.99627434514,1290.32642730159,41.7901190456531,23.5435538173044
"A2-E2","FIA","2",14.7868055555556,"A2","01022017",1055,"1013",368,839.5,0.14,100,839.4,NA,NA,NA,2017-02-01 10:13:00,2017-01-17 15:20:00,0.100000000000023,0.100000000000023,0,3.30000000000007,3.30000000000007,0,0.563773375262055,823.13,30,0,1.15325,1.01325,0.878603945371775,1.01325,0.797050147492625,30,96.1297027014539,54.2987323104536,2434.12597704659,1344.62515961204,26.261956344165,14.8340304547625
"A2-E2","FIA","2",20.0701388888889,"A2","06022017",1802,"1701",392,839.4,0.132,93,839.3,"mass.init originally entered as 838.4. Must be mistake due to writing 8/9.","08-02-2017 14:40:07",0.5778,2017-02-06 17:01:00,2017-01-17 15:20:00,0.100000000000023,0.100000000000023,0,3.40000000000009,3.40000000000009,0,0.5659,823.13,30,0,1.14525,1.01325,0.884741322855272,1.01325,0.878603945371775,30,92.8174764549337,52.6251009071202,2526.94345350153,1397.25026051917,17.5679766160758,9.96058692248333
"A2-E2","FIA","2",31.0743055555556,"A2","17022017",1712,"1707",398,839.3,0.182,134,839.1,NA,"27-02-2017 12:05:41",0.5771,2017-02-17 17:07:00,2017-01-17 15:20:00,0.199999999999932,0.199999999999932,0,3.60000000000002,3.60000000000002,0,0.5771,823.13,30,0,1.19525,1.01325,0.847730600292826,1.01325,0.884741322855272,30,129.600472634503,74.9307163688379,2656.54392613603,1472.180976888,11.7774000122229,6.80930402443056
"A3-E2","FIA","2",0,"A3","17012017",1520,"1520",187,839.3,0,0,839.3,NA,NA,NA,2017-01-17 15:20:00,2017-01-17 15:20:00,0,0,0,0,0,0,0,822.81,30,0,1.01325,1.01325,1,1.01325,1,20,-38.7039167870864,0,-38.7039167870864,0,NA,NA
"A3-E2","FIA","2",1.00486111111111,"A3","18012017",1618,"1527",222,839.3,0.866,709,838.5,NA,"17-02-2017 12:15:42",0.5786,2017-01-18 15:27:00,2017-01-17 15:20:00,0.799999999999955,0.799999999999955,0,0.799999999999955,0.799999999999955,0,0.5691,822.81,30,0,1.87925,1.01325,0.539177863509379,1.01325,1,30,633.521075666694,361.216073921085,594.817158879608,361.216073921085,630.45635726333,359.468656839227
"A3-E2","FIA","2",1.82152777777778,"A3","19012017",1120,"1103",235,838.5,0.924,758,837.5,NA,"06-02-2017 14:56:01",0.5319,2017-01-19 11:03:00,2017-01-17 15:20:00,1,1,0,1.79999999999995,1.79999999999995,0,0.5201,822.81,30,0,1.93725,1.01325,0.523035230352303,1.01325,0.539177863509379,30,661.590329571348,344.815252051834,1256.40748845096,706.031325972919,810.110607638385,422.222757614491
"A3-E2","FIA","2",2.97916666666667,"A3","20012017",1527,"1450",267,837.6,0.467,390,837.1,NA,"02-02-2017 16:15:39",0.5406,2017-01-20 14:50:00,2017-01-17 15:20:00,0.399999999999977,0.5,-0.100000000000023,2.19999999999993,2.29999999999995,-0.100000000000023,0.5406,822.81,30,0,1.48025,1.01325,0.684512751224455,1.01325,0.523035230352303,30,326.769650516991,177.006530107256,1583.17713896795,883.037856080175,282.272523541972,152.903061400389
"A3-E2","FIA","2",4.62291666666667,"A3","22012017",629,"0617",282,837.1,0.311,240,836.8,NA,"10-02-2017 19:55:33",0.5569,2017-01-22 06:17:00,2017-01-17 15:20:00,0.300000000000068,0.300000000000068,0,2.5,2.60000000000002,-0.100000000000023,0.5454,822.81,30,0,1.32425,1.01325,0.765150084953747,1.01325,0.684512751224455,30,217.680172090323,118.958758791646,1800.85731105827,1001.99661487182,132.429002032135,72.3703475538532
"A3-E2","FIA","2",6.75208333333333,"A3","24012017",1024,"0923",315,836.8,0.214,162,836.6,NA,"03-02-2017 12:27:46",0.5627,2017-01-24 09:23:00,2017-01-17 15:20:00,0.199999999999932,0.199999999999932,0,2.69999999999993,2.79999999999995,-0.100000000000023,0.5524,822.81,30,0,1.22725,1.01325,0.825626400488898,1.01325,0.765150084953747,30,149.23284070505,82.5975568851342,1950.09015176332,1084.59417175696,70.0897881980667,38.7933730967362
"A3-E2","FIA","2",11.1263888888889,"A3","28012017",1834,"1822",330,836.6,0.225,180,836.4,NA,"09-02-2017 13:21:17",0.5709,2017-01-28 18:22:00,2017-01-17 15:20:00,0.200000000000045,0.200000000000045,0,2.89999999999998,3,-0.100000000000023,0.5598,822.81,30,0,1.23825,1.01325,0.818291944276196,1.01325,0.825626400488898,30,159.164493091264,89.2717726559257,2109.25464485458,1173.86594441288,36.3862311559644,20.4082160064348
"A3-E2","FIA","2",14.7868055555556,"A3","01022017",1057,"1013",369,836.4,0.123,90,836.3,NA,"20-02-2017 16:21:40",0.5636,2017-02-01 10:13:00,2017-01-17 15:20:00,0.100000000000023,0.100000000000023,0,3,3.10000000000002,-0.100000000000023,0.5636,822.81,30,0,1.13625,1.01325,0.891749174917492,1.01325,0.818291944276196,30,84.3179577801964,47.6122737590466,2193.57260263478,1221.47821817193,23.0350709928823,13.0073371680947
"A3-E2","FIA","2",20.0701388888889,"A3","06022017",1804,"1701",393,836.3,0.115,80,836.2,NA,"08-02-2017 13:47:49",0.577,2017-02-06 17:01:00,2017-01-17 15:20:00,0.0999999999999091,0.0999999999999091,0,3.09999999999991,3.19999999999993,-0.100000000000023,0.5651,822.81,30,0,1.12825,1.01325,0.89807223576335,1.01325,0.891749174917492,30,80.7547067169007,45.7212569865354,2274.32730935168,1267.19947515846,15.2848025331673,8.65386567568494
"A3-E2","FIA","2",31.0743055555556,"A3","17022017",1716,"1707",399,836.2,0.14,105,836,NA,"27-02-2017 10:48:49",0.5778,2017-02-17 17:07:00,2017-01-17 15:20:00,0.200000000000045,0.200000000000045,0,3.29999999999995,3.39999999999998,-0.100000000000023,0.5778,822.81,30,0,1.15325,1.01325,0.878603945371775,1.01325,0.89807223576335,30,99.2404710169039,57.4469862961207,2373.56778036858,1324.64646145458,9.01844492391403,5.22047584667511
"B1-E2","FIB","2",0,"B1","17012017",1520,"1520",188,845.4,0,0,845.4,NA,NA,NA,2017-01-17 15:20:00,2017-01-17 15:20:00,0,0,0,0,0,0,0,817.4,30,0,1.01325,1.01325,1,1.01325,1,20,-38.4494373935228,0,-38.4494373935228,0,NA,NA
"B1-E2","FIB","2",1.00486111111111,"B1","18012017",1604,"1527",217,845.4,1.23,1010,844.2,NA,"17-02-2017 14:02:10",0.4859,2017-01-18 15:27:00,2017-01-17 15:20:00,1.19999999999993,1.19999999999993,0,1.19999999999993,1.19999999999993,0,0.4762,817.4,30,0,2.24325,1.01325,0.45168839852892,1.01325,1,30,893.888377448057,426.644871105843,855.438940054534,426.644871105843,889.564107481135,424.580936000286
"B1-E2","FIB","2",1.82152777777778,"B1","19012017",1138,"1103",244,844.2,1.139,919,843,NA,"06-02-2017 12:17:37",0.4824,2017-01-19 11:03:00,2017-01-17 15:20:00,1.20000000000005,1.20000000000005,0,2.39999999999998,2.39999999999998,0,0.4706,817.4,30,0,2.15225,1.01325,0.470786386339877,1.01325,0.45168839852892,30,810.780580974036,382.436862305165,1666.21952102857,809.081733411008,992.792548131472,468.290035475712
"B1-E2","FIB","2",2.97916666666667,"B1","20012017",1515,"1450",262,843,0.655,514,842.4,NA,"02-02-2017 19:16:52",0.5737,2017-01-20 14:50:00,2017-01-17 15:20:00,0.600000000000023,0.600000000000023,0,3,3,0,0.5737,817.4,30,0,1.66825,1.01325,0.607372995654129,1.01325,0.470786386339877,30,459.630459199057,264.181457420371,2125.84998022763,1073.26319083138,397.041308486288,228.207137783644
"B1-E2","FIB","2",4.62291666666667,"B1","22012017",643,"0617",289,842.4,0.326,250,842.1,NA,"10-02-2017 19:02:36",0.5886,2017-01-22 06:17:00,2017-01-17 15:20:00,0.299999999999955,0.299999999999955,0,3.29999999999995,3.29999999999995,0,0.5773,817.4,30,0,1.33925,1.01325,0.756580175471346,1.01325,0.607372995654129,30,224.761907495055,129.994839437345,2350.61188772268,1203.25803026872,136.737282126269,79.084312965685
"B1-E2","FIB","2",6.75208333333333,"B1","24012017",933,"0923",304,842.1,0.205,150,842,NA,"03-02-2017 10:23:15",0.5958,2017-01-24 09:23:00,2017-01-17 15:20:00,0.100000000000023,0.100000000000023,0,3.39999999999998,3.39999999999998,0,0.5856,817.4,30,0,1.21825,1.01325,0.831725836240509,1.01325,0.756580175471346,30,141.445674267258,82.9806484999678,2492.05756198994,1286.23867876869,66.432410614759,38.9732987083998
"B1-E2","FIB","2",11.1263888888889,"B1","28012017",1846,"1822",334,841.9,0.222,165,841.8,NA,"09-02-2017 14:13:33",0.589,2017-01-28 18:22:00,2017-01-17 15:20:00,0.200000000000045,0.100000000000023,0.100000000000023,3.60000000000002,3.5,0.100000000000023,0.578,817.4,30,0,1.23525,1.01325,0.820279295689132,1.01325,0.831725836240509,30,156.126591823422,90.4076610994216,2648.18415381336,1376.64633986811,35.6917434871769,20.6678888685771
"B1-E2","FIB","2",14.7868055555556,"B1","01022017",1037,"1013",361,841.7,0.123,87,841.6,NA,"20-02-2017 12:09:09",0.5908,2017-02-01 10:13:00,2017-01-17 15:20:00,0.199999999999932,0.100000000000023,0.0999999999999091,3.79999999999995,3.60000000000002,0.199999999999932,0.5908,817.4,30,0,1.13625,1.01325,0.891749174917492,1.01325,0.820279295689132,30,83.8250891237305,49.612455671436,2732.00924293709,1426.25879553955,22.9004227543487,13.5537727503069
"B1-E2","FIB","2",20.0701388888889,"B1","06022017",1744,"1701",385,841.6,0.13,93,841.5,NA,"08-02-2017 16:07:58",0.5935,2017-02-06 17:01:00,2017-01-17 15:20:00,0.100000000000023,0.100000000000023,0,3.89999999999998,3.70000000000005,0.199999999999932,0.5817,817.4,30,0,1.14325,1.01325,0.886289088125957,1.01325,0.891749174917492,30,91.1248245555621,53.1042475986267,2823.13406749265,1479.36304313818,17.2476008622515,10.051277148005
"B1-E2","FIB","2",31.0743055555556,"B1","17022017",1720,"1707",400,841.5,0.182,134,841.4,NA,"27-02-2017 10:29:58",0.5888,2017-02-17 17:07:00,2017-01-17 15:20:00,0.100000000000023,0.100000000000023,0,4,3.80000000000007,0.199999999999932,0.5888,817.4,30,0,1.19525,1.01325,0.847730600292826,1.01325,0.886289088125957,30,128.746209201891,75.9420405686008,2951.88027669455,1555.30508370678,11.6997691058136,6.90120777601825
"B2-E2","FIB","2",0,"B2","17012017",1520,"1520",189,853.2,0,0,853.2,NA,NA,NA,2017-01-17 15:20:00,2017-01-17 15:20:00,0,0,0,0,0,0,0,809.08,30,0,1.01325,1.01325,1,1.01325,1,20,-38.0580753686705,0,-38.0580753686705,0,NA,NA
"B2-E2","FIB","2",1.00486111111111,"B2","18012017",1607,"1527",218,853.2,1.104,883,852.1,NA,"17-02-2017 12:33:31",0.4837,2017-01-18 15:27:00,2017-01-17 15:20:00,1.10000000000002,1.10000000000002,0,1.10000000000002,1.10000000000002,0,0.474,809.08,30,0,2.11725,1.01325,0.478568898335104,1.01325,1,30,794.152867853443,377.294502180371,756.094792484772,377.294502180371,790.31107789147,375.46930417397
"B2-E2","FIB","2",1.82152777777778,"B2","19012017",1140,"1103",245,852.1,1.07,872,851,NA,"06-02-2017 11:59:59",0.4898,2017-01-19 11:03:00,2017-01-17 15:20:00,1.10000000000002,1.10000000000002,0,2.20000000000005,2.20000000000005,0,0.478,809.08,30,0,2.08325,1.01325,0.486379455178207,1.01325,0.478568898335104,30,753.71712287417,361.099349973725,1509.81191535894,738.393852154097,922.918925968371,442.162469355582
"B2-E2","FIB","2",2.97916666666667,"B2","20012017",1518,"1450",263,851.1,0.576,450,850.5,NA,"02-02-2017 17:28:08",0.5701,2017-01-20 14:50:00,2017-01-17 15:20:00,0.5,0.600000000000023,-0.100000000000023,2.70000000000005,2.80000000000007,-0.100000000000023,0.5701,809.08,30,0,1.58925,1.01325,0.637564889098632,1.01325,0.486379455178207,30,398.601909380841,227.670065206603,1908.41382473978,966.0639173607,344.323185068033,196.667602817941
"B2-E2","FIB","2",4.62291666666667,"B2","22012017",646,"0617",290,850.5,0.293,224,850.3,NA,"10-02-2017 15:34:56",0.5836,2017-01-22 06:17:00,2017-01-17 15:20:00,0.200000000000045,0.200000000000045,0,2.90000000000009,3.00000000000011,-0.100000000000023,0.5723,809.08,30,0,1.30625,1.01325,0.775693779904306,1.01325,0.637564889098632,30,199.661039013899,114.479681277282,2108.07486375368,1080.54359863798,121.466791795528,69.6454334766736
"B2-E2","FIB","2",6.75208333333333,"B2","24012017",937,"0923",305,850.3,0.187,135,850.1,NA,"03-02-2017 10:41:02",0.5888,2017-01-24 09:23:00,2017-01-17 15:20:00,0.199999999999932,0.199999999999932,0,3.10000000000002,3.20000000000005,-0.100000000000023,0.5785,809.08,30,0,1.20025,1.01325,0.844199125182254,1.01325,0.775693779904306,30,127.643500475528,73.9778381499194,2235.71836422921,1154.5214367879,59.9499806538685,34.7449729079856
"B2-E2","FIB","2",11.1263888888889,"B2","28012017",1849,"1822",335,850.1,0.218,170,849.9,NA,"09-02-2017 12:30:42",0.5885,2017-01-28 18:22:00,2017-01-17 15:20:00,0.200000000000045,0.200000000000045,0,3.30000000000007,3.40000000000009,-0.100000000000023,0.5775,809.08,30,0,1.23125,1.01325,0.822944162436548,1.01325,0.844199125182254,30,152.042290522647,87.9666104018936,2387.76065475186,1242.48804718979,34.7580406973505,20.1098458451702
"B2-E2","FIB","2",14.7868055555556,"B2","01022017",1040,"1013",362,849.9,0.111,78,849.8,NA,"20-02-2017 15:26:54",0.5815,2017-02-01 10:13:00,2017-01-17 15:20:00,0.100000000000023,0.100000000000023,0,3.40000000000009,3.50000000000011,-0.100000000000023,0.5815,809.08,30,0,1.12425,1.01325,0.90126751167445,1.01325,0.822944162436548,30,74.4214253564583,43.355237875164,2462.18208010831,1285.84328506496,20.3314081793398,11.8443450085821
"B2-E2","FIB","2",20.0701388888889,"B2","06022017",1747,"1701",386,849.8,0.123,87,849.7,NA,"08-02-2017 12:22:10",0.5963,2017-02-06 17:01:00,2017-01-17 15:20:00,0.0999999999999091,0.0999999999999091,0,3.5,3.60000000000002,-0.100000000000023,0.5846,809.08,30,0,1.13625,1.01325,0.891749174917492,1.01325,0.90126751167445,30,85.453577861978,50.0468844676123,2547.63565797029,1335.89016953257,16.1741787751378,9.47259642920107
"B2-E2","FIB","2",31.0743055555556,"B2","17022017",1720,"1707",401,849.7,0.166,120,849.5,NA,"27-02-2017 11:46:24",0.5891,2017-02-17 17:07:00,2017-01-17 15:20:00,0.200000000000045,0.200000000000045,0,3.70000000000005,3.80000000000007,-0.100000000000023,0.5891,809.08,30,0,1.17925,1.01325,0.859232563069748,1.01325,0.891749174917492,30,116.093598251722,68.5135918020448,2663.72925622202,1404.40376133462,10.5499672777029,6.22614995550578
"B3-E2","FIB","2",0,"B3","17012017",1520,"1520",190,847.9,0,0,847.9,NA,NA,NA,2017-01-17 15:20:00,2017-01-17 15:20:00,0,0,0,0,0,0,0,817.3,30,0,1.01325,1.01325,1,1.01325,1,20,-38.4447335230318,0,-38.4447335230318,0,NA,NA
"B3-E2","FIB","2",1.00486111111111,"B3","18012017",609,"1527",219,847.9,1.044,852,846.9,NA,"17-02-2017 12:51:20",0.5525,2017-01-18 15:27:00,2017-01-17 15:20:00,1,1,0,1,1,0,0.5429,817.3,30,0,2.05725,1.01325,0.492526430915057,1.01325,1,30,758.622253590818,412.679205531164,720.177520067786,412.679205531164,754.952346351609,410.6828306599
"B3-E2","FIB","2",1.82152777777778,"B3","19012017",1143,"1103",246,846.9,1.135,929,845.7,NA,"06-02-2017 11:42:33",0.5027,2017-01-19 11:03:00,2017-01-17 15:20:00,1.19999999999993,1.19999999999993,0,2.19999999999993,2.19999999999993,0,0.4909,817.3,30,0,2.14825,1.01325,0.471662981496567,1.01325,0.492526430915057,30,809.038902305584,398.041507277067,1529.21642237337,810.72071280823,990.659880374185,487.397764012735
"B3-E2","FIB","2",2.97916666666667,"B3","20012017",1521,"1450",264,845.7,0.438,244,845.3,NA,"02-02-2017 15:57:44",0.5415,2017-01-20 14:50:00,2017-01-17 15:20:00,0.400000000000091,0.400000000000091,0,2.60000000000002,2.60000000000002,0,0.5415,817.3,30,0,1.45125,1.01325,0.698191214470284,1.01325,0.471662981496567,30,301.918388030082,163.816577972514,1831.13481040345,974.537290780744,260.805326192752,141.509221523947
"B3-E2","FIB","2",4.62291666666667,"B3","22012017",648,"0617",291,845.3,0.283,229,845.1,NA,"10-02-2017 15:51:44",0.5595,2017-01-22 06:17:00,2017-01-17 15:20:00,0.199999999999932,0.199999999999932,0,2.79999999999995,2.79999999999995,0,0.5481,817.3,30,0,1.29625,1.01325,0.781677917068467,1.01325,0.698191214470284,30,196.299674064916,107.804445919481,2027.43448446837,1082.34173670022,119.421854944436,65.584453791319
"B3-E2","FIB","2",6.75208333333333,"B3","24012017",940,"0923",306,845.1,0.178,135,844.9,NA,"03-02-2017 11:34:15",0.5647,2017-01-24 09:23:00,2017-01-17 15:20:00,0.200000000000045,0.200000000000045,0,3,3,0,0.5543,817.3,30,0,1.19125,1.01325,0.850577124868835,1.01325,0.781677917068467,30,122.585703806211,68.0816733071421,2150.02018827458,1150.42341000737,57.5744988522321,31.9757369740002
"B3-E2","FIB","2",11.1263888888889,"B3","28012017",1851,"1822",336,844.9,0.21,155,844.7,NA,NA,NA,2017-01-28 18:22:00,2017-01-17 15:20:00,0.199999999999932,0.199999999999932,0,3.19999999999993,3.19999999999993,0,0.560724217804667,817.3,30,0,1.22325,1.01325,0.828326180257511,1.01325,0.850577124868835,30,147.971219675774,83.1304030966722,2297.99140795035,1233.55381310404,33.827362491366,19.0042515413888
"B3-E2","FIB","2",14.7868055555556,"B3","01022017",1043,"1013",363,844.7,0.11,78,844.6,NA,"20-02-2017 11:33:16",0.5661,2017-02-01 10:13:00,2017-01-17 15:20:00,0.100000000000023,0.100000000000023,0,3.29999999999995,3.29999999999995,0,0.5661,817.3,30,0,1.12325,1.01325,0.902069886490096,1.01325,0.828326180257511,30,74.6174699170195,42.3210842287831,2372.60887786737,1275.87489733282,20.3849661697037,11.561821530914
"B3-E2","FIB","2",20.0701388888889,"B3","06022017",1749,"1701",387,844.6,0.107,75,844.5,NA,"08-02-2017 12:05:12",0.5801,2017-02-06 17:01:00,2017-01-17 15:20:00,0.100000000000023,0.100000000000023,0,3.39999999999998,3.39999999999998,0,0.5683,817.3,30,0,1.12025,1.01325,0.904485605891542,1.01325,0.902069886490096,30,74.7201976028811,42.5436357633351,2447.32907547025,1318.41853309616,14.1426241519649,8.05242317287099
"B3-E2","FIB","2",31.0743055555556,"B3","17022017",1724,"1707",402,844.5,0.146,105,844.3,NA,"27-02-2017 15:02:03",0.5761,2017-02-17 17:07:00,2017-01-17 15:20:00,0.200000000000045,0.200000000000045,0,3.60000000000002,3.60000000000002,0,0.5761,817.3,30,0,1.15925,1.01325,0.874056502048739,1.01325,0.904485605891542,30,103.134321012594,59.5257961410289,2550.46339648285,1377.94432923719,9.37229725218579,5.40938700259256
"C1-E2","FIC","2",0,"C1","17012017",1520,"1520",191,1037.8,0,0,1037.8,NA,NA,NA,2017-01-17 15:20:00,2017-01-17 15:20:00,0,0,0,0,0,0,0,623.16,30,0,1.01325,1.01325,1,1.01325,1,20,-29.312639351783,0,-29.312639351783,0,NA,NA
"C1-E2","FIC","2",1.00486111111111,"C1","18012017",1553,"1527",214,1037.8,1.107,670,1037,NA,"17-02-2017 14:19:52",0.6443,2017-01-18 15:27:00,2017-01-17 15:20:00,0.799999999999955,0.799999999999955,0,0.799999999999955,0.799999999999955,0,0.6354,623.16,30,0,2.12025,1.01325,0.4778917580474,1.01325,1,30,613.325128273947,390.327826144125,584.012488922164,390.327826144125,610.358109685199,388.439578194568
"C1-E2","FIC","2",1.82152777777778,"C1","19012017",1130,"1103",241,1037,0.946,567,1036.4,NA,"06-02-2017 13:10:28",0.6361,2017-01-19 11:03:00,2017-01-17 15:20:00,0.599999999999909,0.599999999999909,0,1.39999999999986,1.39999999999986,0,0.6251,623.16,30,0,1.95925,1.01325,0.517162179405385,1.01325,0.4778917580474,30,511.801828028245,320.45158787745,1095.81431695041,710.779414021575,626.696115952953,392.389699441776
"C1-E2","FIC","2",2.97916666666667,"C1","20012017",1507,"1450",259,1036.4,0.878,538,1035.8,NA,"02-02-2017 17:46:16",0.6494,2017-01-20 14:50:00,2017-01-17 15:20:00,0.600000000000136,0.600000000000136,0,2,2,0,0.6494,623.16,30,0,1.89125,1.01325,0.53575677461996,1.01325,0.517162179405385,30,475.053781448814,308.972646882772,1570.86809839922,1019.75206090435,410.364394292916,266.898987109293
"C1-E2","FIC","2",4.62291666666667,"C1","22012017",637,"0617",286,1035.8,0.654,389,1035.4,NA,"10-02-2017 17:52:30",0.651,2017-01-22 06:17:00,2017-01-17 15:20:00,0.399999999999864,0.399999999999864,0,2.39999999999986,2.39999999999986,0,0.6404,623.16,30,0,1.66725,1.01325,0.607737291947818,1.01325,0.53575677461996,30,351.387126271924,225.381996924446,1922.25522467115,1245.13405782879,213.771635754782,137.11452284377
"C1-E2","FIC","2",6.75208333333333,"C1","24012017",1004,"0923",310,1035.3,0.444,270,1035,NA,"03-02-2017 10:05:42",0.6447,2017-01-24 09:23:00,2017-01-17 15:20:00,0.400000000000091,0.299999999999955,0.100000000000136,2.79999999999995,2.69999999999982,0.100000000000136,0.635,623.16,30,0,1.45725,1.01325,0.695316520844056,1.01325,0.607737291947818,30,236.737026048092,150.567838622931,2158.99225071924,1395.70189645172,111.187644327871,70.7167930910046
"C1-E2","FIC","2",11.1263888888889,"C1","28012017",1855,"1822",337,1035,0.166,290,1034.7,NA,"09-02-2017 12:13:54",0.6286,2017-01-28 18:22:00,2017-01-17 15:20:00,0.299999999999955,0.299999999999955,0,3.09999999999991,2.99999999999977,0.100000000000136,0.618,623.16,30,0,1.17925,1.01325,0.859232563069748,1.01325,0.695316520844056,30,84.7801495712616,52.481619477319,2243.7724002905,1448.18351592904,19.381396314116,11.9977031349959
"C1-E2","FIC","2",14.7847222222222,"C1","01022017",1010,"1010",352,1034.7,0.234,142,1034.5,NA,"20-02-2017 13:57:20",0.62,2017-02-01 10:10:00,2017-01-17 15:20:00,0.200000000000045,0.200000000000045,0,3.29999999999995,3.19999999999982,0.100000000000136,0.62,623.16,30,0,1.24725,1.01325,0.8123872519543,1.01325,0.859232563069748,30,126.323703199456,78.4507890217323,2370.09610348996,1526.63430495077,34.5303972299197,21.4444070218858
"C1-E2","FIC","2",20.0701388888889,"C1","06022017",1717,"1701",376,1034.5,0.267,156,1034.4,NA,"08-02-2017 15:15:19",0.6287,2017-02-06 17:01:00,2017-01-17 15:20:00,0.0999999999999091,0.0999999999999091,0,3.39999999999986,3.29999999999973,0.100000000000136,0.6173,623.16,30,0,1.28025,1.01325,0.791446983011131,1.01325,0.8123872519543,30,143.501498237864,88.7316619016082,2513.59760172782,1615.36596685238,27.1504608412198,16.7880164417706
"C1-E2","FIC","2",31.0743055555556,"C1","17022017",1753,"1707",415,1034.3,0.234,140,1034.1,"Ask Jinmi about pres.init","27-02-2017 13:42:36",0.615,2017-02-17 17:07:00,2017-01-17 15:20:00,0.300000000000182,0.200000000000045,0.100000000000136,3.70000000000005,3.49999999999977,0.200000000000273,0.615,623.16,30,0,1.24725,1.01325,0.8123872519543,1.01325,0.791446983011131,30,124.723868993986,76.8342683112987,2638.3214707218,1692.20023516368,11.3342402720775,6.98228867652847
"C2-E2","FIC","2",0,"C2","17012017",1520,"1520",192,1022.1,0,0,1022.1,NA,NA,NA,2017-01-17 15:20:00,2017-01-17 15:20:00,0,0,0,0,0,0,0,639.24,30,0,1.01325,1.01325,1,1.01325,1,20,-30.0690217267378,0,-30.0690217267378,0,NA,NA
"C2-E2","FIC","2",1.00486111111111,"C2","18012017",1557,"1527",215,1022.1,1.082,690,1021.3,NA,"17-02-2017 11:57:55",0.633,2017-01-18 15:27:00,2017-01-17 15:20:00,0.800000000000068,0.800000000000068,0,0.800000000000068,0.800000000000068,0,0.6239,639.24,30,0,2.09525,1.01325,0.4835938432168,1.01325,1,30,614.942879493046,384.293586888901,584.873857766308,384.293586888901,611.968034879051,382.43453014514
"C2-E2","FIC","2",1.82152777777778,"C2","19012017",1132,"1103",242,1021.3,0.971,618,1020.6,NA,"06-02-2017 12:52:47",0.6317,2017-01-19 11:03:00,2017-01-17 15:20:00,0.699999999999932,0.699999999999932,0,1.5,1.5,0,0.6207,639.24,30,0,1.98425,1.01325,0.510646339926925,1.01325,0.4835938432168,30,539.354866983502,335.332615521908,1124.22872474981,719.626202410809,660.434531000207,410.611365945193
"C2-E2","FIC","2",2.97916666666667,"C2","20012017",1509,"1450",260,1020.6,0.901,575,1020,NA,"02-02-2017 18:04:21",0.6475,2017-01-20 14:50:00,2017-01-17 15:20:00,0.600000000000023,0.600000000000023,0,2.10000000000002,2.10000000000002,0,0.6475,639.24,30,0,1.91425,1.01325,0.529319576857777,1.01325,0.510646339926925,30,500.226097177478,324.395405291394,1624.45482192729,1044.0216077022,432.108926176106,280.221585854593
"C2-E2","FIC","2",4.62291666666667,"C2","22012017",639,"0617",287,1020,0.683,420,1019.5,NA,"10-02-2017 18:09:50",0.6513,2017-01-22 06:17:00,2017-01-17 15:20:00,0.5,0.5,0,2.60000000000002,2.60000000000002,0,0.6407,639.24,30,0,1.69625,1.01325,0.597347089167281,1.01325,0.529319576857777,30,376.780292251369,241.782234085515,2001.23511417866,1285.80384178772,229.219949658628,147.091853436055
"C2-E2","FIC","2",6.75208333333333,"C2","24012017",1009,"0923",311,1019.5,0.444,275,1019.2,NA,"03-02-2017 11:52:03",0.6461,2017-01-24 09:23:00,2017-01-17 15:20:00,0.299999999999955,0.299999999999955,0,2.89999999999998,2.89999999999998,0,0.6364,639.24,30,0,1.45725,1.01325,0.695316520844056,1.01325,0.597347089167281,30,242.594229420845,154.632323952605,2243.8293435995,1440.43616574032,113.938581332687,72.6257490188358
"C2-E2","FIC","2",11.1263888888889,"C2","28012017",1858,"1822",338,1019.2,0.495,310,1018.9,"mass.init originally entered as 1018.2. Must be mistake.","09-02-2017 11:39:14",0.6423,2017-01-28 18:22:00,2017-01-17 15:20:00,0.300000000000068,0.300000000000068,0,3.20000000000005,3.20000000000005,0,0.6318,639.24,30,0,1.50825,1.01325,0.671805072103431,1.01325,0.695316520844056,30,273.951403573677,173.361050173326,2517.78074717318,1613.79721591365,62.6274045318455,39.6316736386076
"C2-E2","FIC","2",14.7868055555556,"C2","01022017",1013,"1013",353,1018.8,0.248,150,1018.7,NA,"20-02-2017 14:33:04",0.6222,2017-02-01 10:13:00,2017-01-17 15:20:00,0.199999999999932,0.0999999999999091,0.100000000000023,3.39999999999998,3.29999999999995,0.100000000000023,0.6222,639.24,30,0,1.26125,1.01325,0.803369672943508,1.01325,0.671805072103431,30,133.00240970627,82.8907592557664,2650.78315687945,1696.68797516941,36.3353196693282,22.6451704284393
"C2-E2","FIC","2",20.0701388888889,"C2","06022017",1720,"1701",377,1018.7,0.268,162,1018.5,NA,"08-02-2017 11:48:19",0.6278,2017-02-06 17:01:00,2017-01-17 15:20:00,0.200000000000045,0.200000000000045,0,3.60000000000002,3.5,0.100000000000023,0.6164,639.24,30,0,1.28125,1.01325,0.790829268292683,1.01325,0.803369672943508,30,147.554426124778,91.1050568250019,2798.33758300423,1787.79303199442,27.9282825472766,17.2438593359625
"C2-E2","FIC","2",31.0743055555556,"C2","17022017",1756,"1707",416,1018.5,0.357,220,1018.3,NA,"27-02-2017 14:02:09",0.6361,2017-02-17 17:07:00,2017-01-17 15:20:00,0.200000000000045,0.200000000000045,0,3.80000000000007,3.70000000000005,0.100000000000023,0.6361,639.24,30,0,1.37025,1.01325,0.739463601532567,1.01325,0.790829268292683,30,197.833005564754,126.041731275536,2996.17058856898,1913.83476326995,17.9780088358731,11.4540005702873
"C3-E2","FIC","2",0,"C3","17012017",1520,"1520",193,1049.3,0,0,1049.3,NA,NA,NA,2017-01-17 15:20:00,2017-01-17 15:20:00,0,0,0,0,0,0,0,613.32,30,0,1.01325,1.01325,1,1.01325,1,20,-28.8497784954678,0,-28.8497784954678,0,NA,NA
"C3-E2","FIC","2",1.00486111111111,"C3","18012017",1600,"1527",216,1049.3,1.059,655,1048.6,NA,"17-02-2017 13:09:08",0.657,2017-01-18 15:27:00,2017-01-17 15:20:00,0.700000000000045,0.700000000000045,0,0.700000000000045,0.700000000000045,0,0.6482,613.32,30,0,2.07225,1.01325,0.488961273977561,1.01325,1,30,577.466327085101,374.889208452504,548.616548589633,374.889208452504,574.672778854558,373.075646283073
"C3-E2","FIC","2",1.82152777777778,"C3","19012017",1135,"1103",243,1048.6,0.904,554,1048,NA,"06-02-2017 12:35:13",0.6433,2017-01-19 11:03:00,2017-01-17 15:20:00,0.599999999999909,0.599999999999909,0,1.29999999999995,1.29999999999995,0,0.6324,613.32,30,0,1.91725,1.01325,0.52849132872604,1.01325,0.488961273977561,30,481.075019052797,304.72066383321,1029.69156764243,679.609872285715,589.071451901384,373.127343469237
"C3-E2","FIC","2",2.97916666666667,"C3","20012017",1513,"1450",261,1048,0.776,472,1047.5,NA,NA,NA,2017-01-20 14:50:00,2017-01-17 15:20:00,0.5,0.5,0,1.79999999999995,1.79999999999995,0,0.635044719881011,613.32,30,0,1.78925,1.01325,0.566298728517535,1.01325,0.52849132872604,30,412.195640526842,262.180219140378,1441.88720816927,941.790091426093,356.065820251141,226.478413654556
"C3-E2","FIC","2",4.62291666666667,"C3","22012017",641,"0617",288,1047.5,0.586,351,1047.1,NA,"10-02-2017 18:44:58",0.6494,2017-01-22 06:17:00,2017-01-17 15:20:00,0.400000000000091,0.400000000000091,0,2.20000000000005,2.20000000000005,0,0.6388,613.32,30,0,1.59925,1.01325,0.633578239799906,1.01325,0.566298728517535,30,309.46801486269,198.000262779815,1751.35522303196,1139.79035420591,188.269514745362,120.456433630306
"C3-E2","FIC","2",6.75208333333333,"C3","24012017",1016,"0923",312,1047.1,0.403,240,1046.8,"Labeled C5 on data sheet but see mass.","03-02-2017 11:16:30",0.6518,2017-01-24 09:23:00,2017-01-17 15:20:00,0.299999999999955,0.299999999999955,0,2.5,2.5,0,0.6422,613.32,30,0,1.41625,1.01325,0.715445719329214,1.01325,0.633578239799906,30,211.242029809564,135.871781403495,1962.59725284152,1275.6621356094,99.2134777970553,63.8145352971406
"C3-E2","FIC","2",11.1263888888889,"C3","28012017",1900,"1822",339,1046.8,0.475,294,1046.5,NA,"09-02-2017 11:04:12",0.6418,2017-01-28 18:22:00,2017-01-17 15:20:00,0.299999999999955,0.299999999999955,0,2.79999999999995,2.79999999999995,0,0.6314,613.32,30,0,1.48825,1.01325,0.680833193347892,1.01325,0.715445719329214,30,252.404876101448,159.625200285425,2215.00212894297,1435.28733589483,57.7017021092372,36.4915523751408
"C3-E2","FIC","2",14.7868055555556,"C3","01022017",1015,"1013",354,1046.4,0.24,150,1046.3,NA,"20-02-2017 13:03:21",0.62,2017-02-01 10:13:00,2017-01-17 15:20:00,0.200000000000045,0.100000000000136,0.0999999999999091,3,2.90000000000009,0.0999999999999091,0.62,613.32,30,0,1.25325,1.01325,0.808497905445841,1.01325,0.680833193347892,30,123.456766661263,76.6703358858598,2338.45889560424,1511.95767178069,33.7275173576586,20.9457946643214
"C3-E2","FIC","2",20.0701388888889,"C3","06022017",1722,"1701",378,1046.3,0.262,154,1046.2,NA,"08-02-2017 12:56:22",0.6265,2017-02-06 17:01:00,2017-01-17 15:20:00,0.0999999999999091,0.0999999999999091,0,3.09999999999991,3,0.0999999999999091,0.6151,613.32,30,0,1.27525,1.01325,0.794550088217996,1.01325,0.808497905445841,30,138.41872460334,85.2846065384046,2476.87762020758,1597.24227831909,26.1991276851747,16.1421968211491
"C3-E2","FIC","2",31.0743055555556,"C3","17022017",1758,"1707",417,1046.2,0.344,222,1045.9,"Ask Jinmi about pres.init","27-02-2017 13:03:45",0.637,2017-02-17 17:07:00,2017-01-17 15:20:00,0.299999999999955,0.299999999999955,0,3.39999999999986,3.29999999999995,0.0999999999999091,0.637,613.32,30,0,1.35725,1.01325,0.746546325290109,1.01325,0.794550088217996,30,182.808850002888,116.633996163118,2659.68647021046,1713.87627448221,16.6126936769001,10.5990757588597
"E1-E2","Ethanol","2",0,"E1","17012017",1520,"1520",200,851.1,0,0,851.1,NA,NA,NA,2017-01-17 15:20:00,2017-01-17 15:20:00,0,0,0,0,0,0,0,813.28,30,0,1.01325,1.01325,1,1.01325,1,20,-38.255637929293,0,-38.255637929293,0,NA,NA
"E1-E2","Ethanol","2",1.00486111111111,"E1","18012017",1543,"1527",211,851.1,0.283,211,850.9,NA,"17-02-2017 13:44:37",0.6259,2017-01-18 15:27:00,2017-01-17 15:20:00,0.200000000000045,0.200000000000045,0,0.200000000000045,0.200000000000045,0,0.6168,813.28,30,0,1.29625,1.01325,0.781677917068467,1.01325,1,30,204.63044626308,126.427476355786,166.374808333787,126.427476355786,203.640527034441,125.815871425247
"E1-E2","Ethanol","2",1.82152777777778,"E1","19012017",1154,"1103",250,850.9,0.296,232,850.6,NA,"06-02-2017 10:32:54",0.6994,2017-01-19 11:03:00,2017-01-17 15:20:00,0.299999999999955,0.299999999999955,0,0.5,0.5,0,0.6894,813.28,30,0,1.30925,1.01325,0.773916364330724,1.01325,0.781677917068467,30,207.3056847549,143.110514238206,373.680493088687,269.537990593992,253.843695618245,175.237364373314
"E1-E2","Ethanol","2",2.97916666666667,"E1","20012017",1459,"1450",256,850.6,1.024,814,849.8,NA,"02-02-2017 20:29:36",0.7454,2017-01-20 14:50:00,2017-01-17 15:20:00,0.800000000000068,0.800000000000068,0,1.30000000000007,1.30000000000007,0,0.7454,813.28,30,0,2.03725,1.01325,0.497361639464965,1.01325,0.773916364330724,30,733.46554709062,547.333330612481,1107.14604017931,816.871321206473,633.587515183259,472.801437361711
"E1-E2","Ethanol","2",4.62291666666667,"E1","22012017",657,"0617",295,849.8,0.439,334,849.5,NA,"10-02-2017 16:25:47",0.7492,2017-01-22 06:17:00,2017-01-17 15:20:00,0.299999999999955,0.299999999999955,0,1.60000000000002,1.60000000000002,0,0.7404,813.28,30,0,1.45225,1.01325,0.697710449302806,1.01325,0.497361639464965,30,301.948006147747,223.815856710879,1409.09404632705,1040.68717791735,183.69460450053,136.161737922968
"E1-E2","Ethanol","2",6.75208333333333,"E1","24012017",923,"0923",301,849.4,0.123,85,849.3,NA,"03-02-2017 14:15:41",0.7444,2017-01-24 09:23:00,2017-01-17 15:20:00,0.200000000000045,0.100000000000023,0.100000000000023,1.80000000000007,1.70000000000005,0.100000000000023,0.7363,813.28,30,0,1.13625,1.01325,0.891749174917492,1.01325,0.697710449302806,30,79.6272202520179,58.6970682789909,1488.72126657907,1099.38424619634,37.3983030537853,27.5680946907198
"E1-E2","Ethanol","2",11.1263888888889,"E1","28012017",1903,"1822",340,849.3,0.137,96,849.2,NA,"09-02-2017 10:13:52",0.725,2017-01-28 18:22:00,2017-01-17 15:20:00,0.0999999999999091,0.0999999999999091,0,1.89999999999998,1.79999999999995,0.100000000000023,0.7158,813.28,30,0,1.15025,1.01325,0.880895457509237,1.01325,0.891749174917492,30,95.7270520574383,68.606510732917,1584.44831863651,1167.99075692926,21.883942683396,15.6839776877918
"E1-E2","Ethanol","2",14.7868055555556,"E1","01022017",1029,"1013",358,849.2,0.081,54,849.1,NA,"20-02-2017 11:16:02",0.7061,2017-02-01 10:13:00,2017-01-17 15:20:00,0.100000000000023,0.100000000000023,0,2,1.89999999999998,0.100000000000023,0.7061,813.28,30,0,1.09425,1.01325,0.925976696367375,1.01325,0.880895457509237,30,54.9004914971033,38.815019068212,1639.34881013361,1206.80577599747,14.9984268176492,10.6039892730459
"E1-E2","Ethanol","2",20.0701388888889,"E1","06022017",1737,"1701",382,849.1,0.073,48,849.1,NA,"08-02-2017 17:00:27",0.7069,2017-02-06 17:01:00,2017-01-17 15:20:00,0,0,0,2,1.89999999999998,0.100000000000023,0.6968,813.28,30,0,1.08625,1.01325,0.932796317606444,1.01325,0.925976696367375,30,50.504474900559,35.2381427355957,1689.85328503417,1242.04391873307,9.55920660578404,6.66968001304651
"E1-E2","Ethanol","2",31.0743055555556,"E1","17022017",1745,"1707",412,849.1,0.138,88,849,NA,"27-02-2017 13:23:21",0.6899,2017-02-17 17:07:00,2017-01-17 15:20:00,0.100000000000023,0.100000000000023,0,2.10000000000002,2,0.100000000000023,0.6899,813.28,30,0,1.15125,1.01325,0.880130293159609,1.01325,0.932796317606444,30,97.7144598012184,67.5045556993093,1787.56774483539,1309.54847443238,8.87976916027732,6.13445413397737
"E2-E2","Ethanol","2",0,"E2","17012017",1520,"1520",201,841.2,0,0,841.2,NA,NA,NA,2017-01-17 15:20:00,2017-01-17 15:20:00,0,0,0,0,0,0,0,821.21,30,0,1.01325,1.01325,1,1.01325,1,20,-38.6286548592303,0,-38.6286548592303,0,NA,NA
"E2-E2","Ethanol","2",1.00486111111111,"E2","18012017",1547,"1527",212,841.3,0.24,187,841,NA,"17-02-2017 14:37:22",0.5939,2017-01-18 15:27:00,2017-01-17 15:20:00,0.200000000000045,0.299999999999955,-0.0999999999999091,0.200000000000045,0.299999999999955,-0.0999999999999091,0.5845,821.21,30,0,1.25325,1.01325,0.808497905445841,1.01325,1,30,175.230299183476,102.608158326185,136.601644324246,102.608158326185,174.382605960059,102.111781610025
"E2-E2","Ethanol","2",1.82152777777778,"E2","19012017",1156,"1103",251,841,0.284,223,840.8,NA,"06-02-2017 09:58:22",0.6911,2017-01-19 11:03:00,2017-01-17 15:20:00,0.200000000000045,0.200000000000045,0,0.400000000000091,0.5,-0.0999999999999091,0.6809,821.21,30,0,1.29725,1.01325,0.781075351705531,1.01325,0.808497905445841,30,201.399697027031,137.324279854138,338.001341351277,239.932438180323,246.61187391065,168.15217941323
"E2-E2","Ethanol","2",2.97916666666667,"E2","20012017",1502,"1450",257,840.8,1.034,830,839.9,NA,"02-02-2017 20:11:26",0.7405,2017-01-20 14:50:00,2017-01-17 15:20:00,0.899999999999977,0.899999999999977,0,1.30000000000007,1.39999999999998,-0.0999999999999091,0.7405,821.21,30,0,2.04725,1.01325,0.49493222615704,1.01325,0.781075351705531,30,748.141222747204,554.626650057253,1086.14256409848,794.559088237576,646.264763500884,479.101605328401
"E2-E2","Ethanol","2",4.62291666666667,"E2","22012017",659,"0617",296,840,0.489,389,839.6,NA,"10-02-2017 16:43:06",0.7496,2017-01-22 06:17:00,2017-01-17 15:20:00,0.299999999999955,0.399999999999977,-0.100000000000023,1.60000000000002,1.79999999999995,-0.199999999999932,0.7409,821.21,30,0,1.50225,1.01325,0.674488267598602,1.01325,0.49493222615704,30,341.322933442647,253.172418936036,1427.46549754113,1047.73150717361,207.648932892865,154.021243459185
"E2-E2","Ethanol","2",6.75208333333333,"E2","24012017",927,"0923",302,839.5,0.111,77,839.5,NA,"03-02-2017 10:58:45",0.7427,2017-01-24 09:23:00,2017-01-17 15:20:00,0.100000000000023,0,0.100000000000023,1.70000000000005,1.79999999999995,-0.0999999999999091,0.7346,821.21,30,0,1.12425,1.01325,0.90126751167445,1.01325,0.674488267598602,30,70.9198586244829,52.1581363778673,1498.38535616561,1099.88964355148,33.3087398627708,24.4969720757107
"E2-E2","Ethanol","2",11.1263888888889,"E2","28012017",1905,"1822",341,839.5,0.158,116,839.4,NA,"09-02-2017 10:30:25",0.7246,2017-01-28 18:22:00,2017-01-17 15:20:00,0.100000000000023,0.100000000000023,0,1.80000000000007,1.89999999999998,-0.0999999999999091,0.7155,821.21,30,0,1.17125,1.01325,0.865101387406617,1.01325,0.90126751167445,30,112.289144876028,80.4427548373457,1610.67450104164,1180.33239838882,25.6701648867248,18.3898344127287
"E2-E2","Ethanol","2",14.7868055555556,"E2","01022017",1031,"1013",359,839.3,0.086,58,839.3,NA,"20-02-2017 12:45:17",0.71,2017-02-01 10:13:00,2017-01-17 15:20:00,0.100000000000023,0,0.100000000000023,1.90000000000009,1.89999999999998,1.13686837721616e-13,0.71,821.21,30,0,1.09925,1.01325,0.921764839663407,1.01325,0.865101387406617,30,58.5952060416885,41.6553121786019,1669.26970708333,1221.98771056743,16.0077967558398,11.3799373054803
"E2-E2","Ethanol","2",20.0701388888889,"E2","06022017",1740,"1701",383,839.3,0.098,66,839.2,NA,"08-02-2017 16:42:59",0.7098,2017-02-06 17:01:00,2017-01-17 15:20:00,0.0999999999999091,0.0999999999999091,0,2,1.99999999999989,1.13686837721616e-13,0.6997,821.21,30,0,1.11125,1.01325,0.911811023622047,1.01325,0.921764839663407,30,69.119084156102,48.4260843181937,1738.38879123943,1270.41379488562,13.0824764964231,9.16582037568336
"E2-E2","Ethanol","2",31.0743055555556,"E2","17022017",1748,"1707",413,839.2,0.159,118,839.1,NA,"27-02-2017 15:22:31",0.6948,2017-02-17 17:07:00,2017-01-17 15:20:00,0.100000000000023,0.100000000000023,0,2.10000000000002,2.09999999999991,1.13686837721616e-13,0.6948,821.21,30,0,1.17225,1.01325,0.864363403710813,1.01325,0.911811023622047,30,113.347198430892,78.8586619488667,1851.73598967032,1349.27245683449,10.3003891039054,7.16625477763271
"E3-E2","Ethanol","2",0,"E3","17012017",1520,"1520",202,871.6,0,0,871.6,NA,NA,NA,2017-01-17 15:20:00,2017-01-17 15:20:00,0,0,0,0,0,0,0,790.15,30,0,1.01325,1.01325,1,1.01325,1,20,-37.1676326847222,0,-37.1676326847222,0,NA,NA
"E3-E2","Ethanol","2",1.00486111111111,"E3","18012017",1549,"1527",213,871.6,0.278,205,871.3,NA,"17-02-2017 15:47:48",0.6316,2017-01-18 15:27:00,2017-01-17 15:20:00,0.300000000000068,0.300000000000068,0,0.300000000000068,0.300000000000068,0,0.6225,790.15,30,0,1.29125,1.01325,0.784704743465634,1.01325,1,30,195.298120957669,121.773686126853,158.130488272947,121.773686126853,194.353347739491,121.184594348768
"E3-E2","Ethanol","2",1.82152777777778,"E3","19012017",1158,"1103",252,871.3,0.321,240,871.1,NA,"06-02-2017 10:15:27",0.7082,2017-01-19 11:03:00,2017-01-17 15:20:00,0.199999999999932,0.199999999999932,0,0.5,0.5,0,0.6984,790.15,30,0,1.33425,1.01325,0.759415401911186,1.01325,0.784704743465634,30,219.063189010268,153.19535885501,377.193677283215,274.969044981862,268.24063960441,187.586153700012
"E3-E2","Ethanol","2",2.97916666666667,"E3","20012017",1504,"1450",258,871.1,1.142,889,870.2,NA,"02-02-2017 18:58:43",0.7506,2017-01-20 14:50:00,2017-01-17 15:20:00,0.899999999999977,0.899999999999977,0,1.39999999999998,1.39999999999998,0,0.7506,790.15,30,0,2.15525,1.01325,0.47013107528129,1.01325,0.759415401911186,30,795.067803488564,597.42810569092,1172.26148077178,872.397150672782,686.801221969726,516.074668383278
"E3-E2","Ethanol","2",4.62291666666667,"E3","22012017",701,"0617",297,870.2,0.484,362,869.8,NA,"10-02-2017 17:17:41",0.7508,2017-01-22 06:17:00,2017-01-17 15:20:00,0.400000000000091,0.400000000000091,0,1.80000000000007,1.80000000000007,0,0.7421,790.15,30,0,1.49725,1.01325,0.676740691267323,1.01325,0.47013107528129,30,324.158583696289,240.829125026364,1496.42006446807,1113.22627569915,197.206742933103,146.512015225165
"E3-E2","Ethanol","2",6.75208333333333,"E3","24012017",929,"0923",303,869.8,0.126,88,869.7,NA,NA,NA,2017-01-24 09:23:00,2017-01-17 15:20:00,0.0999999999999091,0.0999999999999091,0,1.89999999999998,1.89999999999998,0,0.733096796583022,790.15,30,0,1.13925,1.01325,0.889400921658986,1.01325,0.676740691267323,30,78.8425853122562,57.8666460041924,1575.26264978032,1171.09292170334,37.0297856652476,27.1780724872919
"E3-E2","Ethanol","2",11.1263888888889,"E3","28012017",1907,"1822",342,869.7,0.17,120,869.6,"mass.init originally entered as 868.9. Typo","09-02-2017 11:21:39",0.7237,2017-01-28 18:22:00,2017-01-17 15:20:00,0.100000000000023,0.100000000000023,0,2,2,0,0.7146,790.15,30,0,1.18325,1.01325,0.856327910416227,1.01325,0.889400921658986,30,116.117133931909,83.0807770557557,1691.37978371223,1254.17369875909,26.5452727197888,18.992906645545
"E3-E2","Ethanol","2",14.7868055555556,"E3","01022017",1034,"1013",360,869.5,0.095,65,869.5,NA,"20-02-2017 16:58:57",0.7077,2017-02-01 10:13:00,2017-01-17 15:20:00,0.100000000000023,0,0.100000000000023,2.10000000000002,2,0.100000000000023,0.7077,790.15,30,0,1.10825,1.01325,0.914279269117979,1.01325,0.856327910416227,30,62.4390510739204,44.2445531658976,1753.81883478615,1298.41825192499,17.0579080907694,12.0872996696818
"E3-E2","Ethanol","2",20.0701388888889,"E3","06022017",1742,"1701",384,869.5,0.103,68,869.4,NA,"08-02-2017 14:05:11",0.7067,2017-02-06 17:01:00,2017-01-17 15:20:00,0.100000000000023,0.100000000000023,0,2.20000000000005,2.10000000000002,0.100000000000023,0.6965,790.15,30,0,1.11625,1.01325,0.907726763717805,1.01325,0.914279269117979,30,69.7933893091015,48.6755634502798,1823.61222409525,1347.09381537527,13.2101052320066,9.21304040068388
"E3-E2","Ethanol","2",31.0743055555556,"E3","17022017",1750,"1707",414,869.4,0.177,128,869.3,NA,"27-02-2017 14:41:49",0.6931,2017-02-17 17:07:00,2017-01-17 15:20:00,0.100000000000023,0.100000000000023,0,2.30000000000007,2.20000000000005,0.100000000000023,0.6931,790.15,30,0,1.19025,1.01325,0.851291745431632,1.01325,0.907726763717805,30,121.58313021385,84.382278697737,1945.1953543091,1431.47609407301,11.048826676003,7.66821161963532
"I1-E2","I","2",0,"I1","17012017",1520,"1520",182,959.9,0,0,959.9,"Start",NA,NA,2017-01-17 15:20:00,2017-01-17 15:20:00,0,0,0,0,0,0,0,703.66,30,0,1.01325,1.01325,1,1.01325,1,20,-33.099255097047,0,-33.099255097047,0,NA,NA
"I1-E2","I","2",1.00486111111111,"I1","18012017",1623,"1527",223,959.9,0.207,140,959.8,NA,"17-02-2017 11:22:20",0.2822,2017-01-18 15:27:00,2017-01-17 15:20:00,0.100000000000023,0.100000000000023,0,0.100000000000023,0.100000000000023,0,0.2744,703.66,30,0,1.22025,1.01325,0.830362630608482,1.01325,1,30,129.502140614055,35.6482652577459,96.4028855170076,35.6482652577459,128.875661702998,35.4758133871141
"I1-E2","I","2",1.82152777777778,"I1","19012017",1123,"1103",238,959.8,0.085,51,959.7,NA,"06-02-2017 14:04:02",0.4877,2017-01-19 11:03:00,2017-01-17 15:20:00,0.0999999999999091,0.0999999999999091,0,0.199999999999932,0.199999999999932,0,0.4759,703.66,30,0,1.09825,1.01325,0.922604142954701,1.01325,0.830362630608482,30,48.6563354377131,23.2086307568954,145.059220954721,58.8568960146413,59.5791862502609,28.4187315390556
"I1-E2","I","2",2.97916666666667,"I1","20012017",1530,"1450",268,959.7,0.11,69,959.6,"For I bottles, there is clear separation of solids from liquid. Nearly clear solution on bottom.","02-02-2017 16:52:11",0.5031,2017-01-20 14:50:00,2017-01-17 15:20:00,0.100000000000023,0.100000000000023,0,0.299999999999955,0.299999999999955,0,0.5031,703.66,30,0,1.12325,1.01325,0.902069886490096,1.01325,0.922604142954701,30,66.7549481574556,33.6573975796437,211.814169112176,92.514293594285,57.6647422595897,29.0741766734775
"I1-E2","I","2",4.62291666666667,"I1","22012017",632,"0617",283,959.6,0.113,74,959.6,NA,"10-02-2017 19:37:50",0.568,2017-01-22 06:17:00,2017-01-17 15:20:00,0,0,0,0.299999999999955,0.299999999999955,0,0.5566,703.66,30,0,1.12625,1.01325,0.899667036625971,1.01325,0.902069886490096,30,68.0845481105779,37.9693280749282,279.898717222754,130.483621669213,41.4202574056748,23.0992109961541
"I1-E2","I","2",6.75208333333333,"I1","24012017",1028,"0923",316,959.5,0.118,74,959.5,NA,"03-02-2017 13:57:45",0.5836,2017-01-24 09:23:00,2017-01-17 15:20:00,0.100000000000023,0,0.100000000000023,0.399999999999977,0.299999999999955,0.100000000000023,0.5734,703.66,30,0,1.13125,1.01325,0.895690607734807,1.01325,0.899667036625971,30,71.1485826067118,40.8726871969581,351.047299829466,171.356308866171,33.4161640422912,19.1965654154011
"I1-E2","I","2",11.1263888888889,"I1","28012017",1838,"1822",331,959.5,0.172,108,959.3,NA,"09-02-2017 13:04:38",0.6196,2017-01-28 18:22:00,2017-01-17 15:20:00,0.200000000000045,0.200000000000045,0,0.600000000000023,0.5,0.100000000000023,0.6088,703.66,30,0,1.18525,1.01325,0.854882936089433,1.01325,0.895690607734807,30,104.825775770229,63.9270654558872,455.873075599695,235.283374322059,23.9639811254373,14.6142203931541
"I1-E2","I","2",14.7868055555556,"I1","01022017",1018,"1013",355,959.3,0.096,68,959.2,NA,"20-02-2017 13:39:20",0.6145,2017-02-01 10:13:00,2017-01-17 15:20:00,0.0999999999999091,0.0999999999999091,0,0.699999999999932,0.599999999999909,0.100000000000023,0.6145,703.66,30,0,1.10925,1.01325,0.913455037187289,1.01325,0.854882936089433,30,56.1915635528959,34.5879022381447,512.064639152591,269.871276560203,15.3511385915709,9.44917078788243
"I1-E2","I","2",20.0701388888889,"I1","06022017",1727,"1701",379,959.2,0.076,36,959.2,NA,"08-02-2017 12:39:17",0.6348,2017-02-06 17:01:00,2017-01-17 15:20:00,0,0,0,0.699999999999932,0.599999999999909,0.100000000000023,0.6235,703.66,30,0,1.08925,1.01325,0.930227220564609,1.01325,0.913455037187289,30,45.2402391948929,28.2537100435297,557.304878347484,298.124986603733,8.5628212987179,5.34770537101508
"I1-E2","I","2",31.0743055555556,"I1","17022017",1726,"1707",403,959.1,0.129,80,959,NA,"27-02-2017 11:07:48",0.6334,2017-02-17 17:07:00,2017-01-17 15:20:00,0.200000000000045,0.100000000000023,0.100000000000023,0.899999999999977,0.699999999999932,0.200000000000045,0.6334,703.66,30,0,1.14225,1.01325,0.887065003282994,1.01325,0.930227220564609,30,78.8447746741664,50.0203027426541,636.14965302165,348.145289346387,7.16499277614537,4.54557843931729
"I2-E2","I","2",0,"I2","17012017",1520,"1520",183,989.9,0,0,989.9,NA,NA,NA,2017-01-17 15:20:00,2017-01-17 15:20:00,0,0,0,0,0,0,0,673.88,30,0,1.01325,1.01325,1,1.01325,1,20,-31.698442464824,0,-31.698442464824,0,NA,NA
"I2-E2","I","2",1.00486111111111,"I2","18012017",1625,"1527",224,989.9,0.198,128,989.8,NA,"17-02-2017 11:04:27",0.2372,2017-01-18 15:27:00,2017-01-17 15:20:00,0.100000000000023,0.100000000000023,0,0.100000000000023,0.100000000000023,0,0.2303,673.88,30,0,1.21125,1.01325,0.836532507739938,1.01325,1,30,118.629171377927,27.4123730700028,86.9307289131031,27.4123730700028,118.055291488746,27.2797631104382
"I2-E2","I","2",1.82152777777778,"I2","19012017",1126,"1103",239,989.8,0.095,52,989.7,NA,"06-02-2017 13:28:20",0.4451,2017-01-19 11:03:00,2017-01-17 15:20:00,0.0999999999999091,0.0999999999999091,0,0.199999999999932,0.199999999999932,0,0.4335,673.88,30,0,1.10825,1.01325,0.914279269117979,1.01325,0.836532507739938,30,52.7459647531385,22.9220422174016,139.676693666242,50.3344152874044,64.586895616088,28.0678067968182
"I2-E2","I","2",2.97916666666667,"I2","20012017",1533,"1450",269,989.7,0.115,68,989.6,NA,"02-02-2017 16:33:32",0.4848,2017-01-20 14:50:00,2017-01-17 15:20:00,0.100000000000023,0.100000000000023,0,0.299999999999955,0.299999999999955,0,0.4848,673.88,30,0,1.12825,1.01325,0.89807223576335,1.01325,0.914279269117979,30,66.7129893289609,32.4153357428952,206.389682995203,82.7497510302996,57.6284970808061,28.0012498318951
"I2-E2","I","2",4.62291666666667,"I2","22012017",634,"0617",284,989.6,0.128,83,989.6,NA,"10-02-2017 19:20:12",0.5545,2017-01-22 06:17:00,2017-01-17 15:20:00,0,0,0,0.299999999999955,0.299999999999955,0,0.543,673.88,30,0,1.14125,1.01325,0.887842278203724,1.01325,0.89807223576335,30,74.0881315796106,40.3102459591558,280.477814574813,123.059996989455,45.0726275769494,24.5233435492963
"I2-E2","I","2",6.75208333333333,"I2","24012017",1031,"0923",317,989.5,0.122,73,989.5,NA,"03-02-2017 13:21:44",0.576,2017-01-24 09:23:00,2017-01-17 15:20:00,0.100000000000023,0,0.100000000000023,0.399999999999977,0.299999999999955,0.100000000000023,0.5657,673.88,30,0,1.13525,1.01325,0.89253468399031,1.01325,0.887842278203724,30,70.2322157279867,39.8058057770816,350.7100303028,162.865802766537,32.9857764671562,18.6954860792555
"I2-E2","I","2",11.1263888888889,"I2","28012017",1840,"1822",332,989.5,0.182,125,989.3,NA,"09-02-2017 15:05:48",0.6211,2017-01-28 18:22:00,2017-01-17 15:20:00,0.200000000000045,0.200000000000045,0,0.600000000000023,0.5,0.100000000000023,0.6104,673.88,30,0,1.19525,1.01325,0.847730600292826,1.01325,0.89253468399031,30,106.300209057402,64.9961520510695,457.010239360202,227.861954817607,24.3010479508904,14.8586218373615
"I2-E2","I","2",14.7868055555556,"I2","01022017",1022,"1013",356,989.3,0.125,75,989.2,NA,"20-02-2017 11:51:05",0.6095,2017-02-01 10:13:00,2017-01-17 15:20:00,0.0999999999999091,0.0999999999999091,0,0.699999999999932,0.599999999999909,0.100000000000023,0.6095,673.88,30,0,1.13825,1.01325,0.890182297386339,1.01325,0.847730600292826,30,71.0058830953705,43.3519616722999,528.016122455572,271.213916489906,19.3983061387466,11.8434499730814
"I2-E2","I","2",20.0701388888889,"I2","06022017",1730,"1701",380,989.2,0.147,86,989.1,NA,"08-02-2017 13:13:29",0.6402,2017-02-06 17:01:00,2017-01-17 15:20:00,0.100000000000023,0.100000000000023,0,0.799999999999955,0.699999999999932,0.100000000000023,0.629,673.88,30,0,1.16025,1.01325,0.873303167420814,1.01325,0.890182297386339,30,85.2703687872435,53.7220379875884,613.286491242816,324.935954477495,16.1395019786581,10.1682090828243
"I2-E2","I","2",31.0743055555556,"I2","17022017",1728,"1707",404,989.1,0.224,140,989,NA,"27-02-2017 15:42:45",0.6402,2017-02-17 17:07:00,2017-01-17 15:20:00,0.100000000000023,0.100000000000023,0,0.899999999999977,0.799999999999955,0.100000000000023,0.6402,673.88,30,0,1.23725,1.01325,0.818953323903819,1.01325,0.873303167420814,30,130.97313692749,83.9808627354906,744.259628170306,408.916817212985,11.9021404250654,7.63173307706086
"I3-E2","I","2",0,"I3","17012017",1520,"1520",184,986.5,0,0,986.5,NA,NA,NA,2017-01-17 15:20:00,2017-01-17 15:20:00,0,0,0,0,0,0,0,675.6,30,0,1.01325,1.01325,1,1.01325,1,20,-31.7793490372693,0,-31.7793490372693,0,NA,NA
"I3-E2","I","2",1.00486111111111,"I3","18012017",1627,"1527",225,986.5,0.187,125,986.4,NA,"17-02-2017 10:46:34",0.2685,2017-01-18 15:27:00,2017-01-17 15:20:00,0.100000000000023,0.100000000000023,0,0.100000000000023,0.100000000000023,0,0.2609,675.6,30,0,1.20025,1.01325,0.844199125182254,1.01325,1,30,112.324627989954,29.4003216601182,80.5452789526845,29.4003216601182,111.781246928496,29.2580948103457
"I3-E2","I","2",1.82152777777778,"I3","19012017",1127,"1103",240,986.3,0.083,43,986.3,"Slight leak, P low.","06-02-2017 13:46:10",0.4625,2017-01-19 11:03:00,2017-01-17 15:20:00,0.100000000000023,0,0.100000000000023,0.200000000000045,0.100000000000023,0.100000000000023,0.4508,675.6,30,0,1.09625,1.01325,0.924287343215507,1.01325,0.844199125182254,30,45.8687646406908,20.7273151118604,126.414043593375,50.1276367719786,56.1658342539071,25.3803858512576
"I3-E2","I","2",2.97916666666667,"I3","20012017",1535,"1450",270,986.3,0.115,67,986.2,NA,"02-02-2017 15:22:25",0.4926,2017-01-20 14:50:00,2017-01-17 15:20:00,0.0999999999999091,0.0999999999999091,0,0.299999999999955,0.199999999999932,0.100000000000023,0.4926,675.6,30,0,1.12825,1.01325,0.89807223576335,1.01325,0.924287343215507,30,67.1393479670039,33.1462363474409,193.553391560379,83.2738731194195,57.9967972840346,28.632621679853
"I3-E2","I","2",4.62291666666667,"I3","22012017",635,"0617",285,986.2,0.127,79,986.1,NA,"10-02-2017 18:27:27",0.5579,2017-01-22 06:17:00,2017-01-17 15:20:00,0.100000000000023,0.100000000000023,0,0.399999999999977,0.299999999999955,0.100000000000023,0.5464,675.6,30,0,1.14025,1.01325,0.888620916465687,1.01325,0.89807223576335,30,73.6765664407669,40.3367207290127,267.229958001146,123.610593848432,44.8222457434323,24.5394498731636
"I3-E2","I","2",6.75208333333333,"I3","24012017",1033,"0923",318,986.1,0.115,68,986,NA,"03-02-2017 13:03:44",0.5933,2017-01-24 09:23:00,2017-01-17 15:20:00,0.100000000000023,0.100000000000023,0,0.5,0.399999999999977,0.100000000000023,0.5831,675.6,30,0,1.12825,1.01325,0.89807223576335,1.01325,0.888620916465687,30,66.2267335292112,38.6871920459006,333.456691530357,162.297785894333,31.1045323816256,18.1701097671549
"I3-E2","I","2",11.1263888888889,"I3","28012017",1843,"1822",333,986,0.163,92,985.9,NA,"09-02-2017 13:38:10",0.6202,2017-01-28 18:22:00,2017-01-17 15:20:00,0.100000000000023,0.100000000000023,0,0.600000000000023,0.5,0.100000000000023,0.6095,675.6,30,0,1.17625,1.01325,0.861424017003188,1.01325,0.89807223576335,30,95.3005580339408,58.1848427078512,428.757249564298,220.482628602184,21.7864428590054,13.3015039687737
"I3-E2","I","2",14.7868055555556,"I3","01022017",1025,"1013",357,985.8,0.105,70,985.8,NA,"20-02-2017 14:15:15",0.6165,2017-02-01 10:13:00,2017-01-17 15:20:00,0.100000000000023,0,0.100000000000023,0.700000000000045,0.5,0.200000000000045,0.6165,675.6,30,0,1.11825,1.01325,0.906103286384977,1.01325,0.861424017003188,30,59.5241685470393,36.7581665132599,488.281418111337,257.240795115444,16.2615827561633,10.0420716712378
