"id","date","day","time.orig","time","vol","pres.init","pres.resid","mass.init","mass.final","notes","date.time","start.time","time.d"
"A1","01032017",15,1750,"1746",158,76.4,0.2,383.74,383.59,NA,2017-03-01 17:46:00,2017-02-14 12:30:00,15.2194444444444
"A1","07032017",21,1104,"1034",103,49.2,0.3,383.57,383.48,NA,2017-03-07 10:34:00,2017-02-14 12:30:00,20.9194444444444
"A1","14022017",0,1230,"1230",0,0,0,385.27,385.27,NA,2017-02-14 12:30:00,2017-02-14 12:30:00,0
"A1","15022017",1,1016,"0929",187,92.2,0.3,385.26,385.04,NA,2017-02-15 09:29:00,2017-02-14 12:30:00,0.874305555555556
"A1","16022017",2,1325,"1250",201,99.1,0.3,385.04,384.8,NA,2017-02-16 12:50:00,2017-02-14 12:30:00,2.01388888888889
"A1","17022017",3,932,"0854",165,77.7,0.4,384.8,384.62,NA,2017-02-17 08:54:00,2017-02-14 12:30:00,2.85
"A1","18022017",4,1644,"1608",257,125.5,0.4,384.6,384.36,NA,2017-02-18 16:08:00,2017-02-14 12:30:00,4.15138888888889
"A1","19022017",5,1634,"1559",230,108.7,0.3,384.36,384.12,NA,2017-02-19 15:59:00,2017-02-14 12:30:00,5.14513888888889
"A1","20022017",6,1121,"1052",171,82.3,0.3,384.13,383.97,NA,2017-02-20 10:52:00,2017-02-14 12:30:00,5.93194444444444
"A1","21022017",7,1605,"1540",124,58.7,0.3,383.98,383.86,NA,2017-02-21 15:40:00,2017-02-14 12:30:00,7.13194444444444
"A1","23022017",9,1531,"1510",102,48.5,0.1,383.85,383.75,NA,2017-02-23 15:10:00,2017-02-14 12:30:00,9.11111111111111
"A2","01032017",15,1750,"1746",130,63,0.4,389.64,389.51,NA,2017-03-01 17:46:00,2017-02-14 12:30:00,15.2194444444444
"A2","07032017",21,1104,"1034",96,45.4,0.1,389.49,389.4,NA,2017-03-07 10:34:00,2017-02-14 12:30:00,20.9194444444444
"A2","14022017",0,1230,"1230",0,0,0,391.09,391.09,NA,2017-02-14 12:30:00,2017-02-14 12:30:00,0
"A2","15022017",1,1016,"0929",174,86.1,0.2,391.09,390.87,NA,2017-02-15 09:29:00,2017-02-14 12:30:00,0.874305555555556
"A2","16022017",2,1325,"1250",202,98.8,0.4,390.89,390.65,NA,2017-02-16 12:50:00,2017-02-14 12:30:00,2.01388888888889
"A2","17022017",3,932,"0854",169,79.9,0.4,390.67,390.44,NA,2017-02-17 08:54:00,2017-02-14 12:30:00,2.85
"A2","18022017",4,1644,"1608",255,123.9,0.5,390.48,390.2,NA,2017-02-18 16:08:00,2017-02-14 12:30:00,4.15138888888889
"A2","19022017",5,1634,"1559",214,101,0.4,390.19,389.99,NA,2017-02-19 15:59:00,2017-02-14 12:30:00,5.14513888888889
"A2","20022017",6,1121,"1052",150,71.8,0.5,389.99,389.85,NA,2017-02-20 10:52:00,2017-02-14 12:30:00,5.93194444444444
"A2","21022017",7,1605,"1540",104,48.9,0.2,389.85,389.76,NA,2017-02-21 15:40:00,2017-02-14 12:30:00,7.13194444444444
"A2","23022017",9,1531,"1510",85,40.9,0.1,389.74,389.66,NA,2017-02-23 15:10:00,2017-02-14 12:30:00,9.11111111111111
"A3","01032017",15,1750,"1746",143,69.5,0.3,389.7,389.56,NA,2017-03-01 17:46:00,2017-02-14 12:30:00,15.2194444444444
"A3","07032017",21,1104,"1034",99,47.1,0.2,389.55,389.45,NA,2017-03-07 10:34:00,2017-02-14 12:30:00,20.9194444444444
"A3","14022017",0,1230,"1230",0,0,0,391.14,391.14,NA,2017-02-14 12:30:00,2017-02-14 12:30:00,0
"A3","15022017",1,1016,"0929",179,88.8,0.3,391.13,390.92,NA,2017-02-15 09:29:00,2017-02-14 12:30:00,0.874305555555556
"A3","16022017",2,1325,"1250",201,99.7,0.2,390.93,390.7,NA,2017-02-16 12:50:00,2017-02-14 12:30:00,2.01388888888889
"A3","17022017",3,932,"0854",163,79.1,0.5,390.7,390.51,NA,2017-02-17 08:54:00,2017-02-14 12:30:00,2.85
"A3","18022017",4,1644,"1608",268,129.9,0.2,390.51,390.24,NA,2017-02-18 16:08:00,2017-02-14 12:30:00,4.15138888888889
"A3","19022017",5,1634,"1559",228,110.5,0.4,390.25,390.04,NA,2017-02-19 15:59:00,2017-02-14 12:30:00,5.14513888888889
"A3","20022017",6,1121,"1052",161,75.2,0.3,390.04,389.88,NA,2017-02-20 10:52:00,2017-02-14 12:30:00,5.93194444444444
"A3","21022017",7,1605,"1540",77,37.3,0.3,389.89,389.81,NA,2017-02-21 15:40:00,2017-02-14 12:30:00,7.13194444444444
"A3","23022017",9,1531,"1510",100,47,0.2,389.81,389.73,NA,2017-02-23 15:10:00,2017-02-14 12:30:00,9.11111111111111
"B1","01032017",15,1754,"1746",120,57.7,0.3,387.02,386.92,NA,2017-03-01 17:46:00,2017-02-14 12:30:00,15.2194444444444
"B1","07032017",21,1108,"1034",80,38.1,0.3,386.85,386.78,NA,2017-03-07 10:34:00,2017-02-14 12:30:00,20.9194444444444
"B1","14022017",0,1230,"1230",0,0,0,388.55,388.55,NA,2017-02-14 12:30:00,2017-02-14 12:30:00,0
"B1","15022017",1,1023,"0929",183,90.1,0.2,388.53,388.31,NA,2017-02-15 09:29:00,2017-02-14 12:30:00,0.874305555555556
"B1","16022017",2,1331,"1250",211,102.7,0.3,388.31,388.06,NA,2017-02-16 12:50:00,2017-02-14 12:30:00,2.01388888888889
"B1","17022017",3,937,"0854",169,82.6,0.3,388.06,387.87,NA,2017-02-17 08:54:00,2017-02-14 12:30:00,2.85
"B1","18022017",4,1650,"1608",260,125.5,0.2,387.86,387.59,NA,2017-02-18 16:08:00,2017-02-14 12:30:00,4.15138888888889
"B1","19022017",5,1638,"1559",222,106.4,0.3,387.6,387.39,NA,2017-02-19 15:59:00,2017-02-14 12:30:00,5.14513888888889
"B1","20022017",6,1126,"1052",114,54.6,0.2,387.39,387.25,NA,2017-02-20 10:52:00,2017-02-14 12:30:00,5.93194444444444
"B1","21022017",7,1609,"1540",84,39.9,0.2,387.3,387.19,NA,2017-02-21 15:40:00,2017-02-14 12:30:00,7.13194444444444
"B1","23022017",9,1534,"1510",89,41.9,0.2,387.18,387.11,NA,2017-02-23 15:10:00,2017-02-14 12:30:00,9.11111111111111
"B2","01032017",15,1754,"1746",162,76.7,0.1,385.93,385.77,NA,2017-03-01 17:46:00,2017-02-14 12:30:00,15.2194444444444
"B2","07032017",21,1108,"1034",117,55.9,0.2,385.75,385.65,NA,2017-03-07 10:34:00,2017-02-14 12:30:00,20.9194444444444
"B2","14022017",0,1230,"1230",0,0,0,387.4,387.4,NA,2017-02-14 12:30:00,2017-02-14 12:30:00,0
"B2","15022017",1,1023,"0929",181,89.1,0.3,387.39,387.16,NA,2017-02-15 09:29:00,2017-02-14 12:30:00,0.874305555555556
"B2","16022017",2,1331,"1250",219,106.8,0.5,387.16,386.91,NA,2017-02-16 12:50:00,2017-02-14 12:30:00,2.01388888888889
"B2","17022017",3,937,"0854",172,83.4,0.2,386.92,386.71,NA,2017-02-17 08:54:00,2017-02-14 12:30:00,2.85
"B2","18022017",4,1650,"1608",262,126.5,0.3,386.71,386.44,NA,2017-02-18 16:08:00,2017-02-14 12:30:00,4.15138888888889
"B2","19022017",5,1638,"1559",228,109,0.4,386.44,386.26,NA,2017-02-19 15:59:00,2017-02-14 12:30:00,5.14513888888889
"B2","20022017",6,1126,"1052",118,55.3,0.4,386.24,386.11,NA,2017-02-20 10:52:00,2017-02-14 12:30:00,5.93194444444444
"B2","21022017",7,1609,"1540",83,39.7,0.2,386.11,386.03,NA,2017-02-21 15:40:00,2017-02-14 12:30:00,7.13194444444444
"B2","23022017",9,1534,"1510",100,47.7,0.2,386.05,385.95,NA,2017-02-23 15:10:00,2017-02-14 12:30:00,9.11111111111111
"B3","01032017",15,1754,"1746",125,58.1,0.1,383.97,383.86,NA,2017-03-01 17:46:00,2017-02-14 12:30:00,15.2194444444444
"B3","07032017",21,1108,"1034",110,50.8,0.3,383.83,383.74,NA,2017-03-07 10:34:00,2017-02-14 12:30:00,20.9194444444444
"B3","14022017",0,1230,"1230",0,0,0,385.45,385.45,NA,2017-02-14 12:30:00,2017-02-14 12:30:00,0
"B3","15022017",1,1023,"0929",179,86.2,0.3,385.44,385.22,NA,2017-02-15 09:29:00,2017-02-14 12:30:00,0.874305555555556
"B3","16022017",2,1331,"1250",218,104.2,0.3,385.23,384.97,NA,2017-02-16 12:50:00,2017-02-14 12:30:00,2.01388888888889
"B3","17022017",3,937,"0854",169,81.1,0.2,384.98,384.78,NA,2017-02-17 08:54:00,2017-02-14 12:30:00,2.85
"B3","18022017",4,1650,"1608",261,123.4,0.4,384.78,384.51,NA,2017-02-18 16:08:00,2017-02-14 12:30:00,4.15138888888889
"B3","19022017",5,1638,"1559",215,100.5,0.3,384.5,384.3,NA,2017-02-19 15:59:00,2017-02-14 12:30:00,5.14513888888889
"B3","20022017",6,1126,"1052",101,47.4,0.2,384.3,384.2,NA,2017-02-20 10:52:00,2017-02-14 12:30:00,5.93194444444444
"B3","21022017",7,1609,"1540",74,34.4,0.1,384.2,384.12,NA,2017-02-21 15:40:00,2017-02-14 12:30:00,7.13194444444444
"B3","23022017",9,1534,"1510",86,40.1,0.1,384.11,384.02,NA,2017-02-23 15:10:00,2017-02-14 12:30:00,9.11111111111111
"L1","07032017",21,1112,"1034",95,39.3,0.4,357.26,357.13,NA,2017-03-07 10:34:00,2017-02-14 12:30:00,20.9194444444444
"L1","14022017",0,1230,"1230",0,0,0,358.26,358.26,NA,2017-02-14 12:30:00,2017-02-14 12:30:00,0
"L1","15022017",1,1029,"0929",48,20.9,0,358.26,358.2,NA,2017-02-15 09:29:00,2017-02-14 12:30:00,0.874305555555556
"L1","16022017",2,1336,"1250",58,25.3,0.2,358.2,358.14,NA,2017-02-16 12:50:00,2017-02-14 12:30:00,2.01388888888889
"L1","17022017",3,943,"0854",135,58.9,0.3,358.14,357.98,NA,2017-02-17 08:54:00,2017-02-14 12:30:00,2.85
"L1","18022017",4,1656,"1608",227,98.1,0.4,357.97,357.69,NA,2017-02-18 16:08:00,2017-02-14 12:30:00,4.15138888888889
"L1","19022017",5,1643,"1559",188,79.9,0.2,357.69,357.48,NA,2017-02-19 15:59:00,2017-02-14 12:30:00,5.14513888888889
"L1","20022017",6,1131,"1052",93,39.3,0.1,357.48,357.37,NA,2017-02-20 10:52:00,2017-02-14 12:30:00,5.93194444444444
"L1","23022017",9,1537,"1510",116,48.8,0.2,357.37,357.26,NA,2017-02-23 15:10:00,2017-02-14 12:30:00,9.11111111111111
"C1-1","07032017",21,1034,"1034",149,80.9,0,407.59,407.45,NA,2017-03-07 10:34:00,2017-02-14 12:30:00,20.9194444444444
"C1-1","14022017",0,1230,"1230",0,0,0,409.53,409.53,NA,2017-02-14 12:30:00,2017-02-14 12:30:00,0
"C1-1","15022017",1,935,"0929",165,88.7,0.3,409.52,409.33,NA,2017-02-15 09:29:00,2017-02-14 12:30:00,0.874305555555556
"C1-1","16022017",2,1250,"1250",207,107.4,0.2,409.33,409.09,NA,2017-02-16 12:50:00,2017-02-14 12:30:00,2.01388888888889
"C1-1","17022017",3,858,"0854",149,79.3,0.5,409.09,408.91,NA,2017-02-17 08:54:00,2017-02-14 12:30:00,2.85
"C1-1","18022017",4,1608,"1608",261,137.9,0.3,408.93,408.64,NA,2017-02-18 16:08:00,2017-02-14 12:30:00,4.15138888888889
"C1-1","19022017",5,1559,"1559",233,124.6,0.4,408.64,408.41,NA,2017-02-19 15:59:00,2017-02-14 12:30:00,5.14513888888889
"C1-1","20022017",6,1052,"1052",204,108.9,0.3,408.41,408.21,NA,2017-02-20 10:52:00,2017-02-14 12:30:00,5.93194444444444
"C1-1","21022017",7,1540,"1540",261,139.1,0.5,408.22,407.97,NA,2017-02-21 15:40:00,2017-02-14 12:30:00,7.13194444444444
"C1-1","22022017",8,1709,"1709",118,62.1,0.4,407.98,407.87,NA,2017-02-22 17:09:00,2017-02-14 12:30:00,8.19375
"C1-1","23022017",9,1510,"1510",74,38.4,0.3,407.86,407.79,NA,2017-02-23 15:10:00,2017-02-14 12:30:00,9.11111111111111
"C1-1","26022017",12,1128,"1128",138,74,0.4,407.78,407.64,NA,2017-02-26 11:28:00,2017-02-14 12:30:00,11.9569444444444
"C1-2","07032017",21,1034,"1034",84,46.2,0.2,408.5,408.43,NA,2017-03-07 10:34:00,2017-02-14 12:30:00,20.9194444444444
"C1-2","14022017",0,1230,"1230",0,0,0,410.615,410.615,NA,2017-02-14 12:30:00,2017-02-14 12:30:00,0
"C1-2","15022017",1,935,"0929",155,81.4,0.4,410.61,410.41,NA,2017-02-15 09:29:00,2017-02-14 12:30:00,0.874305555555556
"C1-2","16022017",2,1250,"1250",210,108.2,0.5,410.43,410.17,NA,2017-02-16 12:50:00,2017-02-14 12:30:00,2.01388888888889
"C1-2","17022017",3,858,"0854",146,76.8,0.5,410.18,410,NA,2017-02-17 08:54:00,2017-02-14 12:30:00,2.85
"C1-2","18022017",4,1608,"1608",244,126.5,0.5,410.02,409.76,NA,2017-02-18 16:08:00,2017-02-14 12:30:00,4.15138888888889
"C1-2","19022017",5,1559,"1559",245,122.13,0.3,409.76,409.51,NA,2017-02-19 15:59:00,2017-02-14 12:30:00,5.14513888888889
"C1-2","20022017",6,1052,"1052",190,99.2,0.7,409.51,409.33,NA,2017-02-20 10:52:00,2017-02-14 12:30:00,5.93194444444444
"C1-2","21022017",7,1540,"1540",292,151.6,0.6,409.32,409.06,NA,2017-02-21 15:40:00,2017-02-14 12:30:00,7.13194444444444
"C1-2","22022017",8,1709,"1709",232,120.2,0.4,409.05,408.84,NA,2017-02-22 17:09:00,2017-02-14 12:30:00,8.19375
"C1-2","23022017",9,1510,"1510",75,38.1,0.4,408.82,408.75,NA,2017-02-23 15:10:00,2017-02-14 12:30:00,9.11111111111111
"C1-2","26022017",12,1128,"1128",70,37.4,0.3,408.71,408.65,NA,2017-02-26 11:28:00,2017-02-14 12:30:00,11.9569444444444
"C1-3","07032017",21,1034,"1034",85,42.4,0.2,382.74,382.66,NA,2017-03-07 10:34:00,2017-02-14 12:30:00,20.9194444444444
"C1-3","14022017",0,1230,"1230",0,0,0,384.725,384.725,NA,2017-02-14 12:30:00,2017-02-14 12:30:00,0
"C1-3","15022017",1,935,"0929",159,77.7,0.1,384.71,384.54,NA,2017-02-15 09:29:00,2017-02-14 12:30:00,0.874305555555556
"C1-3","16022017",2,1250,"1250",182,85.9,0.5,384.51,384.29,NA,2017-02-16 12:50:00,2017-02-14 12:30:00,2.01388888888889
"C1-3","17022017",3,858,"0854",140,70,0.5,384.27,384.12,NA,2017-02-17 08:54:00,2017-02-14 12:30:00,2.85
"C1-3","18022017",4,1608,"1608",243,118.4,0.6,384.12,383.87,NA,2017-02-18 16:08:00,2017-02-14 12:30:00,4.15138888888889
"C1-3","19022017",5,1559,"1559",225,109.4,0.3,383.85,383.62,NA,2017-02-19 15:59:00,2017-02-14 12:30:00,5.14513888888889
"C1-3","20022017",6,1052,"1052",185,90.5,0.3,383.61,383.43,NA,2017-02-20 10:52:00,2017-02-14 12:30:00,5.93194444444444
"C1-3","21022017",7,1540,"1540",190,93,0.4,383.34,383.16,NA,2017-02-21 15:40:00,2017-02-14 12:30:00,7.13194444444444
"C1-3","22022017",8,1709,"1709",102,49.7,0.3,383.14,383.05,NA,2017-02-22 17:09:00,2017-02-14 12:30:00,8.19375
"C1-3","23022017",9,1510,"1510",80,38.7,0.4,383.04,382.96,NA,2017-02-23 15:10:00,2017-02-14 12:30:00,9.11111111111111
"C1-3","26022017",12,1128,"1128",80,39,0.1,382.94,382.86,NA,2017-02-26 11:28:00,2017-02-14 12:30:00,11.9569444444444
"L2","07032017",21,1112,"1034",82,34.7,0.3,359.17,359.09,NA,2017-03-07 10:34:00,2017-02-14 12:30:00,20.9194444444444
"L2","14022017",0,1230,"1230",0,0,0,360.2,360.2,NA,2017-02-14 12:30:00,2017-02-14 12:30:00,0
"L2","15022017",1,1029,"0929",44,19.2,0,360.19,360.14,NA,2017-02-15 09:29:00,2017-02-14 12:30:00,0.874305555555556
"L2","16022017",2,1336,"1250",54,23.2,0.1,360.15,360.08,NA,2017-02-16 12:50:00,2017-02-14 12:30:00,2.01388888888889
"L2","17022017",3,943,"0854",121,52.6,0.2,360.07,359.95,NA,2017-02-17 08:54:00,2017-02-14 12:30:00,2.85
"L2","18022017",4,1656,"1608",222,95.3,0,359.94,359.67,NA,2017-02-18 16:08:00,2017-02-14 12:30:00,4.15138888888889
"L2","19022017",5,1643,"1559",178,75.9,0.1,359.67,359.46,NA,2017-02-19 15:59:00,2017-02-14 12:30:00,5.14513888888889
"L2","20022017",6,1131,"1052",100,42.2,0.1,359.46,359.35,NA,2017-02-20 10:52:00,2017-02-14 12:30:00,5.93194444444444
"L2","23022017",9,1537,"1510",130,54.1,0.3,359.37,359.23,NA,2017-02-23 15:10:00,2017-02-14 12:30:00,9.11111111111111
"C2-1","07032017",21,1038,"1034",45,23.4,0,394.21,394.18,NA,2017-03-07 10:34:00,2017-02-14 12:30:00,20.9194444444444
"C2-1","14022017",0,1230,"1230",0,0,0,396.285,396.285,NA,2017-02-14 12:30:00,2017-02-14 12:30:00,0
"C2-1","15022017",1,941,"0929",178,90.8,0.4,396.28,396.09,NA,2017-02-15 09:29:00,2017-02-14 12:30:00,0.874305555555556
"C2-1","16022017",2,1257,"1250",220,108.3,0.5,396.07,395.79,NA,2017-02-16 12:50:00,2017-02-14 12:30:00,2.01388888888889
"C2-1","17022017",3,904,"0854",150,72.4,0.4,395.79,395.61,NA,2017-02-17 08:54:00,2017-02-14 12:30:00,2.85
"C2-1","18022017",4,1613,"1608",206,102.5,0.3,395.61,395.39,NA,2017-02-18 16:08:00,2017-02-14 12:30:00,4.15138888888889
"C2-1","19022017",5,1607,"1559",201,100.7,0.5,395.41,395.21,NA,2017-02-19 15:59:00,2017-02-14 12:30:00,5.14513888888889
"C2-1","20022017",6,1057,"1052",165,84,0.8,395.2,395.03,NA,2017-02-20 10:52:00,2017-02-14 12:30:00,5.93194444444444
"C2-1","21022017",7,1545,"1540",242,122.4,0.5,395.04,394.81,NA,2017-02-21 15:40:00,2017-02-14 12:30:00,7.13194444444444
"C2-1","22022017",8,1714,"1709",198,99.1,0,394.8,394.61,NA,2017-02-22 17:09:00,2017-02-14 12:30:00,8.19375
"C2-1","23022017",9,1514,"1510",90,46,0.2,394.6,394.52,NA,2017-02-23 15:10:00,2017-02-14 12:30:00,9.11111111111111
"C2-1","26022017",12,1131,"1128",100,51.1,0,394.49,394.4,NA,2017-02-26 11:28:00,2017-02-14 12:30:00,11.9569444444444
"C2-2","07032017",21,1038,"1034",66,36,0.3,405.46,405.32,NA,2017-03-07 10:34:00,2017-02-14 12:30:00,20.9194444444444
"C2-2","14022017",0,1230,"1230",0,0,0,407.58,407.58,NA,2017-02-14 12:30:00,2017-02-14 12:30:00,0
"C2-2","15022017",1,941,"0929",173,92.2,0.2,407.56,407.34,NA,2017-02-15 09:29:00,2017-02-14 12:30:00,0.874305555555556
"C2-2","16022017",2,1257,"1250",226,110.9,0.5,407.35,407.07,NA,2017-02-16 12:50:00,2017-02-14 12:30:00,2.01388888888889
"C2-2","17022017",3,904,"0854",139,68.8,0.5,407.07,406.91,NA,2017-02-17 08:54:00,2017-02-14 12:30:00,2.85
"C2-2","18022017",4,1613,"1608",200,101.8,0.5,406.9,406.68,NA,2017-02-18 16:08:00,2017-02-14 12:30:00,4.15138888888889
"C2-2","19022017",5,1607,"1559",170,84.6,0.3,406.68,406.51,NA,2017-02-19 15:59:00,2017-02-14 12:30:00,5.14513888888889
"C2-2","20022017",6,1057,"1052",130,67.8,0.4,406.46,406.33,NA,2017-02-20 10:52:00,2017-02-14 12:30:00,5.93194444444444
"C2-2","21022017",7,1545,"1540",214,111.3,0.4,406.34,406.13,NA,2017-02-21 15:40:00,2017-02-14 12:30:00,7.13194444444444
"C2-2","22022017",8,1714,"1709",125,62.2,0.4,406.01,405.9,NA,2017-02-22 17:09:00,2017-02-14 12:30:00,8.19375
"C2-2","23022017",9,1514,"1510",115,59.8,0.3,405.83,405.73,NA,2017-02-23 15:10:00,2017-02-14 12:30:00,9.11111111111111
"C2-2","26022017",12,1131,"1128",85,44.6,0,405.67,405.59,NA,2017-02-26 11:28:00,2017-02-14 12:30:00,11.9569444444444
"C2-3","07032017",21,1038,"1034",84,44.6,0.3,402.92,402.84,NA,2017-03-07 10:34:00,2017-02-14 12:30:00,20.9194444444444
"C2-3","14022017",0,1230,"1230",0,0,0,404.935,404.935,NA,2017-02-14 12:30:00,2017-02-14 12:30:00,0
"C2-3","15022017",1,941,"0929",168,90.2,0.3,404.93,404.7,NA,2017-02-15 09:29:00,2017-02-14 12:30:00,0.874305555555556
"C2-3","16022017",2,1257,"1250",230,112.8,0.6,404.74,404.45,NA,2017-02-16 12:50:00,2017-02-14 12:30:00,2.01388888888889
"C2-3","17022017",3,904,"0854",139,69.3,0.5,404.45,404.28,NA,2017-02-17 08:54:00,2017-02-14 12:30:00,2.85
"C2-3","18022017",4,1613,"1608",205,103.9,0.5,404.3,404.07,NA,2017-02-18 16:08:00,2017-02-14 12:30:00,4.15138888888889
"C2-3","19022017",5,1607,"1559",185,99.7,0.2,404.07,403.87,NA,2017-02-19 15:59:00,2017-02-14 12:30:00,5.14513888888889
"C2-3","20022017",6,1057,"1052",166,82.6,0.5,403.86,403.7,NA,2017-02-20 10:52:00,2017-02-14 12:30:00,5.93194444444444
"C2-3","21022017",7,1545,"1540",210,105.3,0.6,403.68,403.48,NA,2017-02-21 15:40:00,2017-02-14 12:30:00,7.13194444444444
"C2-3","22022017",8,1714,"1709",201,100.6,0.4,403.47,403.28,NA,2017-02-22 17:09:00,2017-02-14 12:30:00,8.19375
"C2-3","23022017",9,1514,"1510",87,42.6,0.1,403.28,403.19,NA,2017-02-23 15:10:00,2017-02-14 12:30:00,9.11111111111111
"C2-3","26022017",12,1131,"1128",114,58.5,0.2,403.15,403.04,NA,2017-02-26 11:28:00,2017-02-14 12:30:00,11.9569444444444
"L3","07032017",21,1112,"1034",21,9.3,0.2,360.38,360.36,NA,2017-03-07 10:34:00,2017-02-14 12:30:00,20.9194444444444
"L3","14022017",0,1230,"1230",0,0,0,361.51,361.51,NA,2017-02-14 12:30:00,2017-02-14 12:30:00,0
"L3","15022017",1,1029,"0929",41,17.8,0,361.49,361.45,NA,2017-02-15 09:29:00,2017-02-14 12:30:00,0.874305555555556
"L3","16022017",2,1336,"1250",54,23.1,0.2,361.47,361.4,NA,2017-02-16 12:50:00,2017-02-14 12:30:00,2.01388888888889
"L3","17022017",3,943,"0854",118,50.7,0.1,361.4,361.26,NA,2017-02-17 08:54:00,2017-02-14 12:30:00,2.85
"L3","18022017",4,1656,"1608",209,90.3,0.3,361.23,360.97,NA,2017-02-18 16:08:00,2017-02-14 12:30:00,4.15138888888889
"L3","19022017",5,1643,"1559",169,71.4,0,360.95,360.75,NA,2017-02-19 15:59:00,2017-02-14 12:30:00,5.14513888888889
"L3","20022017",6,1131,"1052",96,40.6,0.2,360.74,360.64,NA,2017-02-20 10:52:00,2017-02-14 12:30:00,5.93194444444444
"L3","23022017",9,1537,"1510",82,34.6,0.2,360.61,360.51,NA,2017-02-23 15:10:00,2017-02-14 12:30:00,9.11111111111111
"C3-1","07032017",21,1042,"1034",41,21.5,0.1,400.5,400.45,NA,2017-03-07 10:34:00,2017-02-14 12:30:00,20.9194444444444
"C3-1","14022017",0,1230,"1230",0,0,0,402.315,402.315,NA,2017-02-14 12:30:00,2017-02-14 12:30:00,0
"C3-1","15022017",1,949,"0929",190,96.4,0.3,402.29,402.07,NA,2017-02-15 09:29:00,2017-02-14 12:30:00,0.874305555555556
"C3-1","16022017",2,1303,"1250",210,105.6,0.5,402.07,401.83,NA,2017-02-16 12:50:00,2017-02-14 12:30:00,2.01388888888889
"C3-1","17022017",3,909,"0854",164,85.3,0.4,401.83,401.64,NA,2017-02-17 08:54:00,2017-02-14 12:30:00,2.85
"C3-1","18022017",4,1619,"1608",281,144.9,0.6,401.63,401.36,NA,2017-02-18 16:08:00,2017-02-14 12:30:00,4.15138888888889
"C3-1","19022017",5,1613,"1559",221,112,0.4,401.34,401.12,NA,2017-02-19 15:59:00,2017-02-14 12:30:00,5.14513888888889
"C3-1","20022017",6,1102,"1052",140,71.3,0.3,401.1,400.96,NA,2017-02-20 10:52:00,2017-02-14 12:30:00,5.93194444444444
"C3-1","21022017",7,1550,"1540",85,43.9,0.3,400.93,400.82,NA,2017-02-21 15:40:00,2017-02-14 12:30:00,7.13194444444444
"C3-1","22022017",8,1718,"1709",55,27.7,0.2,400.83,400.76,NA,2017-02-22 17:09:00,2017-02-14 12:30:00,8.19375
"C3-1","26022017",12,1135,"1128",54,27.3,0.2,400.7,400.63,NA,2017-02-26 11:28:00,2017-02-14 12:30:00,11.9569444444444
"C3-2","07032017",21,1042,"1034",50,26.7,0.3,402.32,402.27,NA,2017-03-07 10:34:00,2017-02-14 12:30:00,20.9194444444444
"C3-2","14022017",0,1230,"1230",0,0,0,404.115,404.115,NA,2017-02-14 12:30:00,2017-02-14 12:30:00,0
"C3-2","15022017",1,949,"0929",167,85.9,0.2,404.09,403.89,NA,2017-02-15 09:29:00,2017-02-14 12:30:00,0.874305555555556
"C3-2","16022017",2,1303,"1250",215,109.7,0.5,403.88,403.62,NA,2017-02-16 12:50:00,2017-02-14 12:30:00,2.01388888888889
"C3-2","17022017",3,909,"0854",167,86.7,0.4,403.63,403.44,NA,2017-02-17 08:54:00,2017-02-14 12:30:00,2.85
"C3-2","18022017",4,1619,"1608",273,140.9,0.5,403.44,403.17,NA,2017-02-18 16:08:00,2017-02-14 12:30:00,4.15138888888889
"C3-2","19022017",5,1613,"1559",236,121.5,0.4,403.16,402.93,NA,2017-02-19 15:59:00,2017-02-14 12:30:00,5.14513888888889
"C3-2","20022017",6,1102,"1052",180,93,0.3,402.92,402.76,NA,2017-02-20 10:52:00,2017-02-14 12:30:00,5.93194444444444
"C3-2","21022017",7,1550,"1540",105,54.6,0.3,402.75,402.64,NA,2017-02-21 15:40:00,2017-02-14 12:30:00,7.13194444444444
"C3-2","22022017",8,1718,"1709",61,31.1,0.1,402.64,402.58,NA,2017-02-22 17:09:00,2017-02-14 12:30:00,8.19375
"C3-2","26022017",12,1135,"1128",75,39.2,0.1,402.53,402.46,NA,2017-02-26 11:28:00,2017-02-14 12:30:00,11.9569444444444
"C3-3","07032017",21,1042,"1034",74,37.9,0.2,400.14,400.08,NA,2017-03-07 10:34:00,2017-02-14 12:30:00,20.9194444444444
"C3-3","14022017",0,1230,"1230",0,0,0,401.855,401.855,NA,2017-02-14 12:30:00,2017-02-14 12:30:00,0
"C3-3","15022017",1,949,"0929",183,92.5,0.3,401.86,401.63,NA,2017-02-15 09:29:00,2017-02-14 12:30:00,0.874305555555556
"C3-3","16022017",2,1303,"1250",214,106.1,0.5,401.63,401.38,NA,2017-02-16 12:50:00,2017-02-14 12:30:00,2.01388888888889
"C3-3","17022017",3,909,"0854",180,85.9,0.5,401.38,401.19,NA,2017-02-17 08:54:00,2017-02-14 12:30:00,2.85
"C3-3","18022017",4,1619,"1608",263,134.2,0.5,401.18,400.92,NA,2017-02-18 16:08:00,2017-02-14 12:30:00,4.15138888888889
"C3-3","19022017",5,1613,"1559",208,106.7,0.4,400.9,400.69,NA,2017-02-19 15:59:00,2017-02-14 12:30:00,5.14513888888889
"C3-3","20022017",6,1102,"1052",149,74.2,0.1,400.68,400.54,NA,2017-02-20 10:52:00,2017-02-14 12:30:00,5.93194444444444
"C3-3","21022017",7,1550,"1540",75,37.4,0.2,400.49,400.41,NA,2017-02-21 15:40:00,2017-02-14 12:30:00,7.13194444444444
"C3-3","22022017",8,1718,"1709",51,25.8,0.3,400.41,400.36,NA,2017-02-22 17:09:00,2017-02-14 12:30:00,8.19375
"C3-3","26022017",12,1135,"1128",43,21.7,0.1,400.28,400.24,NA,2017-02-26 11:28:00,2017-02-14 12:30:00,11.9569444444444
"C4-1","02032017",16,1536,"1536",81,40.9,0,390.03,389.94,NA,2017-03-02 15:36:00,2017-02-14 12:30:00,16.1291666666667
"C4-1","07032017",21,1047,"1034",77,38.6,0.1,389.92,389.86,NA,2017-03-07 10:34:00,2017-02-14 12:30:00,20.9194444444444
"C4-1","14022017",0,1230,"1230",0,0,0,391.69,391.69,NA,2017-02-14 12:30:00,2017-02-14 12:30:00,0
"C4-1","15022017",1,956,"0929",189,92.5,0.3,391.69,391.44,NA,2017-02-15 09:29:00,2017-02-14 12:30:00,0.874305555555556
"C4-1","16022017",2,1309,"1250",199,100.5,0.5,391.44,391.23,NA,2017-02-16 12:50:00,2017-02-14 12:30:00,2.01388888888889
"C4-1","17022017",3,915,"0854",183,87,0.1,391.23,391.03,NA,2017-02-17 08:54:00,2017-02-14 12:30:00,2.85
"C4-1","18022017",4,1625,"1608",281,141.7,0.4,391.02,390.74,NA,2017-02-18 16:08:00,2017-02-14 12:30:00,4.15138888888889
"C4-1","19022017",5,1619,"1559",230,113.8,0.2,390.74,390.51,NA,2017-02-19 15:59:00,2017-02-14 12:30:00,5.14513888888889
"C4-1","20022017",6,1107,"1052",186,91.3,0.5,390.51,390.34,NA,2017-02-20 10:52:00,2017-02-14 12:30:00,5.93194444444444
"C4-1","21022017",7,1554,"1540",140,69,0,390.35,390.2,NA,2017-02-21 15:40:00,2017-02-14 12:30:00,7.13194444444444
"C4-1","23022017",9,1518,"1510",97,47.4,0,390.2,390.11,NA,2017-02-23 15:10:00,2017-02-14 12:30:00,9.11111111111111
"C4-1","26022017",12,1139,"1128",67,33.8,0.3,390.11,390.03,NA,2017-02-26 11:28:00,2017-02-14 12:30:00,11.9569444444444
"C4-2","02032017",16,1536,"1536",75,35.3,0.3,375.87,375.79,NA,2017-03-02 15:36:00,2017-02-14 12:30:00,16.1291666666667
"C4-2","07032017",21,1047,"1034",75,35.6,0.2,375.77,375.69,NA,2017-03-07 10:34:00,2017-02-14 12:30:00,20.9194444444444
"C4-2","14022017",0,1230,"1230",0,0,0,377.52,377.52,NA,2017-02-14 12:30:00,2017-02-14 12:30:00,0
"C4-2","15022017",1,956,"0929",177,85.8,0.3,377.5,377.3,NA,2017-02-15 09:29:00,2017-02-14 12:30:00,0.874305555555556
"C4-2","16022017",2,1309,"1250",224,105.6,0.4,377.31,377.04,NA,2017-02-16 12:50:00,2017-02-14 12:30:00,2.01388888888889
"C4-2","17022017",3,915,"0854",167,79.6,0.5,377.03,376.86,NA,2017-02-17 08:54:00,2017-02-14 12:30:00,2.85
"C4-2","18022017",4,1625,"1608",269,126.7,0.5,376.85,376.58,NA,2017-02-18 16:08:00,2017-02-14 12:30:00,4.15138888888889
"C4-2","19022017",5,1619,"1559",210,99.2,0.4,376.55,376.35,NA,2017-02-19 15:59:00,2017-02-14 12:30:00,5.14513888888889
"C4-2","20022017",6,1107,"1052",182,85,0.3,376.33,376.16,NA,2017-02-20 10:52:00,2017-02-14 12:30:00,5.93194444444444
"C4-2","21022017",7,1554,"1540",118,56.2,0.4,376.17,376.07,NA,2017-02-21 15:40:00,2017-02-14 12:30:00,7.13194444444444
"C4-2","23022017",9,1518,"1510",97,45.7,0.2,376.05,375.96,NA,2017-02-23 15:10:00,2017-02-14 12:30:00,9.11111111111111
"C4-2","26022017",12,1139,"1128",75,35.2,0,375.95,375.88,NA,2017-02-26 11:28:00,2017-02-14 12:30:00,11.9569444444444
"C4-3","02032017",16,1536,"1536",55,27.8,0.4,398.52,398.46,NA,2017-03-02 15:36:00,2017-02-14 12:30:00,16.1291666666667
"C4-3","07032017",21,1047,"1034",45,23.1,0.3,398.41,398.37,NA,2017-03-07 10:34:00,2017-02-14 12:30:00,20.9194444444444
"C4-3","14022017",0,1230,"1230",0,0,0,400.185,400.185,NA,2017-02-14 12:30:00,2017-02-14 12:30:00,0
"C4-3","15022017",1,956,"0929",182,92.4,0.3,400.19,399.95,NA,2017-02-15 09:29:00,2017-02-14 12:30:00,0.874305555555556
"C4-3","16022017",2,1309,"1250",209,106.5,0.4,399.96,399.71,NA,2017-02-16 12:50:00,2017-02-14 12:30:00,2.01388888888889
"C4-3","17022017",3,915,"0854",169,86.3,0.4,399.71,399.53,NA,2017-02-17 08:54:00,2017-02-14 12:30:00,2.85
"C4-3","18022017",4,1625,"1608",269,137.7,0.3,399.52,399.26,NA,2017-02-18 16:08:00,2017-02-14 12:30:00,4.15138888888889
"C4-3","19022017",5,1619,"1559",234,118.7,0.3,399.25,399.02,NA,2017-02-19 15:59:00,2017-02-14 12:30:00,5.14513888888889
"C4-3","20022017",6,1107,"1052",175,87.8,0.3,399.01,398.85,NA,2017-02-20 10:52:00,2017-02-14 12:30:00,5.93194444444444
"C4-3","21022017",7,1554,"1540",105,53.2,0.3,398.85,398.74,NA,2017-02-21 15:40:00,2017-02-14 12:30:00,7.13194444444444
"C4-3","23022017",9,1518,"1510",80,40.3,0.3,398.72,398.64,NA,2017-02-23 15:10:00,2017-02-14 12:30:00,9.11111111111111
"C4-3","26022017",12,1139,"1128",55,28.3,0.2,398.61,398.55,NA,2017-02-26 11:28:00,2017-02-14 12:30:00,11.9569444444444
"C5-1","07032017",21,1051,"1034",49,24.7,0.1,397.18,397.14,NA,2017-03-07 10:34:00,2017-02-14 12:30:00,20.9194444444444
"C5-1","14022017",0,1230,"1230",0,0,0,398.945,398.945,NA,2017-02-14 12:30:00,2017-02-14 12:30:00,0
"C5-1","15022017",1,1002,"0929",192,94.8,0.2,398.92,398.7,NA,2017-02-15 09:29:00,2017-02-14 12:30:00,0.874305555555556
"C5-1","16022017",2,1314,"1250",200,102.8,0.4,398.7,398.47,NA,2017-02-16 12:50:00,2017-02-14 12:30:00,2.01388888888889
"C5-1","17022017",3,920,"0854",179,89.7,0.4,398.48,398.26,NA,2017-02-17 08:54:00,2017-02-14 12:30:00,2.85
"C5-1","18022017",4,1631,"1608",258,128.5,0.3,398.25,397.98,NA,2017-02-18 16:08:00,2017-02-14 12:30:00,4.15138888888889
"C5-1","19022017",5,1624,"1559",212,106.7,0.2,397.97,397.76,NA,2017-02-19 15:59:00,2017-02-14 12:30:00,5.14513888888889
"C5-1","20022017",6,1112,"1052",166,82.4,0.3,397.75,397.58,NA,2017-02-20 10:52:00,2017-02-14 12:30:00,5.93194444444444
"C5-1","21022017",7,1557,"1540",92,46.4,0.3,397.58,397.49,NA,2017-02-21 15:40:00,2017-02-14 12:30:00,7.13194444444444
"C5-1","23022017",9,1523,"1510",71,35.5,0.2,397.47,397.4,NA,2017-02-23 15:10:00,2017-02-14 12:30:00,9.11111111111111
"C5-2","07032017",21,1051,"1034",114,60.4,0.4,405.47,405.36,NA,2017-03-07 10:34:00,2017-02-14 12:30:00,20.9194444444444
"C5-2","14022017",0,1230,"1230",0,0,0,407.235,407.235,NA,2017-02-14 12:30:00,2017-02-14 12:30:00,0
"C5-2","15022017",1,1002,"0929",190,95.9,0.2,407.22,407,NA,2017-02-15 09:29:00,2017-02-14 12:30:00,0.874305555555556
"C5-2","16022017",2,1314,"1250",210,111.1,0.4,407,406.75,NA,2017-02-16 12:50:00,2017-02-14 12:30:00,2.01388888888889
"C5-2","17022017",3,920,"0854",183,94.2,0.5,406.76,406.54,NA,2017-02-17 08:54:00,2017-02-14 12:30:00,2.85
"C5-2","18022017",4,1631,"1608",278,144.6,0.5,406.54,406.27,NA,2017-02-18 16:08:00,2017-02-14 12:30:00,4.15138888888889
"C5-2","19022017",5,1624,"1559",223,115.5,0.2,406.25,406.02,NA,2017-02-19 15:59:00,2017-02-14 12:30:00,5.14513888888889
"C5-2","20022017",6,1112,"1052",195,97.9,0.4,406.01,405.82,NA,2017-02-20 10:52:00,2017-02-14 12:30:00,5.93194444444444
"C5-2","21022017",7,1557,"1540",80,39.6,0.3,405.79,405.72,NA,2017-02-21 15:40:00,2017-02-14 12:30:00,7.13194444444444
"C5-2","23022017",9,1523,"1510",64,33.1,0.2,405.68,405.62,NA,2017-02-23 15:10:00,2017-02-14 12:30:00,9.11111111111111
"C5-3","07032017",21,1051,"1034",65,32.4,0.2,397.65,397.58,NA,2017-03-07 10:34:00,2017-02-14 12:30:00,20.9194444444444
"C5-3","14022017",0,1230,"1230",0,0,0,399.38,399.38,NA,2017-02-14 12:30:00,2017-02-14 12:30:00,0
"C5-3","15022017",1,1002,"0929",191,91.8,0.1,399.36,399.13,NA,2017-02-15 09:29:00,2017-02-14 12:30:00,0.874305555555556
"C5-3","16022017",2,1314,"1250",194,98.8,0.5,399.14,398.92,NA,2017-02-16 12:50:00,2017-02-14 12:30:00,2.01388888888889
"C5-3","17022017",3,920,"0854",172,87,0.3,398.93,398.73,NA,2017-02-17 08:54:00,2017-02-14 12:30:00,2.85
"C5-3","18022017",4,1631,"1608",259,130,0.4,398.72,398.44,NA,2017-02-18 16:08:00,2017-02-14 12:30:00,4.15138888888889
"C5-3","19022017",5,1624,"1559",224,112.7,0.4,398.44,398.23,NA,2017-02-19 15:59:00,2017-02-14 12:30:00,5.14513888888889
"C5-3","20022017",6,1112,"1052",176,88,0.4,398.22,398.05,NA,2017-02-20 10:52:00,2017-02-14 12:30:00,5.93194444444444
"C5-3","21022017",7,1557,"1540",118,59.4,0.2,398.05,397.93,NA,2017-02-21 15:40:00,2017-02-14 12:30:00,7.13194444444444
"C5-3","23022017",9,1523,"1510",71,36,0.3,397.91,397.84,NA,2017-02-23 15:10:00,2017-02-14 12:30:00,9.11111111111111
"C6-1","01032017",15,1746,"1746",89,43.9,0.2,389.29,389.2,NA,2017-03-01 17:46:00,2017-02-14 12:30:00,15.2194444444444
"C6-1","07032017",21,1059,"1034",75,37.2,0.3,389.17,389.1,NA,2017-03-07 10:34:00,2017-02-14 12:30:00,20.9194444444444
"C6-1","14022017",0,1230,"1230",0,0,0,390.92,390.92,NA,2017-02-14 12:30:00,2017-02-14 12:30:00,0
"C6-1","15022017",1,1009,"0929",168,79.2,0.3,390.87,390.66,NA,2017-02-15 09:29:00,2017-02-14 12:30:00,0.874305555555556
"C6-1","16022017",2,1320,"1250",179,89.8,0.5,390.64,390.43,NA,2017-02-16 12:50:00,2017-02-14 12:30:00,2.01388888888889
"C6-1","17022017",3,926,"0854",165,82.9,0.3,390.42,390.23,NA,2017-02-17 08:54:00,2017-02-14 12:30:00,2.85
"C6-1","18022017",4,1637,"1608",185,93.4,0.3,390.14,389.94,NA,2017-02-18 16:08:00,2017-02-14 12:30:00,4.15138888888889
"C6-1","19022017",5,1628,"1559",170,85.6,0.3,389.88,389.7,NA,2017-02-19 15:59:00,2017-02-14 12:30:00,5.14513888888889
"C6-1","20022017",6,1117,"1052",130,64.7,0.3,389.67,389.54,NA,2017-02-20 10:52:00,2017-02-14 12:30:00,5.93194444444444
"C6-1","21022017",7,1601,"1540",66,32.6,0.2,389.5,389.44,NA,2017-02-21 15:40:00,2017-02-14 12:30:00,7.13194444444444
"C6-1","23022017",9,1527,"1510",50,24.2,0.1,389.39,389.35,NA,2017-02-23 15:10:00,2017-02-14 12:30:00,9.11111111111111
"C6-2","01032017",15,1746,"1746",129,63.2,0.3,392.2,392.08,NA,2017-03-01 17:46:00,2017-02-14 12:30:00,15.2194444444444
"C6-2","07032017",21,1059,"1034",89,43.6,0.2,392.07,391.97,NA,2017-03-07 10:34:00,2017-02-14 12:30:00,20.9194444444444
"C6-2","14022017",0,1230,"1230",0,0,0,393.73,393.73,NA,2017-02-14 12:30:00,2017-02-14 12:30:00,0
"C6-2","15022017",1,1009,"0929",186,91.7,0.4,393.72,393.48,NA,2017-02-15 09:29:00,2017-02-14 12:30:00,0.874305555555556
"C6-2","16022017",2,1320,"1250",219,104.5,0.3,393.49,393.24,NA,2017-02-16 12:50:00,2017-02-14 12:30:00,2.01388888888889
"C6-2","17022017",3,926,"0854",159,76.5,0.5,393.23,393.06,NA,2017-02-17 08:54:00,2017-02-14 12:30:00,2.85
"C6-2","18022017",4,1637,"1608",257,126.3,0.3,393.06,392.8,NA,2017-02-18 16:08:00,2017-02-14 12:30:00,4.15138888888889
"C6-2","19022017",5,1628,"1559",221,108.5,0.3,392.8,392.59,NA,2017-02-19 15:59:00,2017-02-14 12:30:00,5.14513888888889
"C6-2","20022017",6,1117,"1052",178,86.3,0.2,392.59,392.42,NA,2017-02-20 10:52:00,2017-02-14 12:30:00,5.93194444444444
"C6-2","21022017",7,1601,"1540",134,66.1,0.5,392.43,392.31,NA,2017-02-21 15:40:00,2017-02-14 12:30:00,7.13194444444444
"C6-2","23022017",9,1527,"1510",98,48.2,0.1,392.31,392.22,NA,2017-02-23 15:10:00,2017-02-14 12:30:00,9.11111111111111
"C6-3","01032017",15,1746,"1746",120,58.9,0.1,395.19,395.08,NA,2017-03-01 17:46:00,2017-02-14 12:30:00,15.2194444444444
"C6-3","07032017",21,1059,"1034",71,35.2,0.3,395.04,394.97,NA,2017-03-07 10:34:00,2017-02-14 12:30:00,20.9194444444444
"C6-3","14022017",0,1230,"1230",0,0,0,396.75,396.75,NA,2017-02-14 12:30:00,2017-02-14 12:30:00,0
"C6-3","15022017",1,1009,"0929",187,91.6,0.2,396.74,396.51,NA,2017-02-15 09:29:00,2017-02-14 12:30:00,0.874305555555556
"C6-3","16022017",2,1320,"1250",206,102.9,0.4,396.52,396.28,NA,2017-02-16 12:50:00,2017-02-14 12:30:00,2.01388888888889
"C6-3","17022017",3,926,"0854",181,83.2,0.2,396.28,396.07,NA,2017-02-17 08:54:00,2017-02-14 12:30:00,2.85
"C6-3","18022017",4,1637,"1608",253,124.8,0.5,396.07,395.8,NA,2017-02-18 16:08:00,2017-02-14 12:30:00,4.15138888888889
"C6-3","19022017",5,1628,"1559",216,106.8,0.5,395.81,395.6,NA,2017-02-19 15:59:00,2017-02-14 12:30:00,5.14513888888889
"C6-3","20022017",6,1117,"1052",177,86.5,0.3,395.6,395.43,NA,2017-02-20 10:52:00,2017-02-14 12:30:00,5.93194444444444
"C6-3","21022017",7,1601,"1540",139,68.5,0.1,395.44,395.31,NA,2017-02-21 15:40:00,2017-02-14 12:30:00,7.13194444444444
"C6-3","23022017",9,1527,"1510",92,45.2,0.1,395.32,395.22,NA,2017-02-23 15:10:00,2017-02-14 12:30:00,9.11111111111111
"E1","07032017",21,1115,"1034",48,20.1,0.1,356.29,356.24,NA,2017-03-07 10:34:00,2017-02-14 12:30:00,20.9194444444444
"E1","14022017",0,1230,"1230",0,0,0,357.05,357.05,NA,2017-02-14 12:30:00,2017-02-14 12:30:00,0
"E1","15022017",1,1034,"0929",74,32.4,0.1,357.03,356.96,NA,2017-02-15 09:29:00,2017-02-14 12:30:00,0.874305555555556
"E1","16022017",2,1340,"1250",84,36.5,0.3,356.99,356.87,NA,2017-02-16 12:50:00,2017-02-14 12:30:00,2.01388888888889
"E1","17022017",3,951,"0854",71,30.1,0.3,356.88,356.8,NA,2017-02-17 08:54:00,2017-02-14 12:30:00,2.85
"E1","18022017",4,1702,"1608",165,70.7,0.1,356.82,356.65,NA,2017-02-18 16:08:00,2017-02-14 12:30:00,4.15138888888889
"E1","19022017",5,1647,"1559",175,75,0.2,356.63,356.48,NA,2017-02-19 15:59:00,2017-02-14 12:30:00,5.14513888888889
"E1","20022017",6,1135,"1052",110,46.9,0.4,356.48,356.38,NA,2017-02-20 10:52:00,2017-02-14 12:30:00,5.93194444444444
"E1","23022017",9,1542,"1510",53,21.8,0.1,356.38,356.32,NA,2017-02-23 15:10:00,2017-02-14 12:30:00,9.11111111111111
"E2","07032017",21,1115,"1034",26,10.8,0,348.35,348.32,NA,2017-03-07 10:34:00,2017-02-14 12:30:00,20.9194444444444
"E2","14022017",0,1230,"1230",0,0,0,349.14,349.14,NA,2017-02-14 12:30:00,2017-02-14 12:30:00,0
"E2","15022017",1,1034,"0929",72,30.7,0.1,349.14,349.05,NA,2017-02-15 09:29:00,2017-02-14 12:30:00,0.874305555555556
"E2","16022017",2,1340,"1250",78,33.1,0.2,349.05,348.97,NA,2017-02-16 12:50:00,2017-02-14 12:30:00,2.01388888888889
"E2","17022017",3,951,"0854",74,30.5,0.3,348.97,348.9,NA,2017-02-17 08:54:00,2017-02-14 12:30:00,2.85
"E2","18022017",4,1702,"1608",177,73.6,0.1,348.9,348.72,NA,2017-02-18 16:08:00,2017-02-14 12:30:00,4.15138888888889
"E2","19022017",5,1647,"1559",185,77.2,0.2,348.72,348.54,NA,2017-02-19 15:59:00,2017-02-14 12:30:00,5.14513888888889
"E2","20022017",6,1135,"1052",115,43,0.3,348.56,348.45,NA,2017-02-20 10:52:00,2017-02-14 12:30:00,5.93194444444444
"E2","23022017",9,1542,"1510",50,20.7,0.1,348.46,348.42,NA,2017-02-23 15:10:00,2017-02-14 12:30:00,9.11111111111111
"E3","07032017",21,1115,"1034",40,16.3,0,358.65,358.61,NA,2017-03-07 10:34:00,2017-02-14 12:30:00,20.9194444444444
"E3","14022017",0,1230,"1230",0,0,0,359.42,359.42,NA,2017-02-14 12:30:00,2017-02-14 12:30:00,0
"E3","15022017",1,1034,"0929",70,30.4,0,359.42,359.34,NA,2017-02-15 09:29:00,2017-02-14 12:30:00,0.874305555555556
"E3","16022017",2,1340,"1250",62,26.9,0.2,359.32,359.25,NA,2017-02-16 12:50:00,2017-02-14 12:30:00,2.01388888888889
"E3","17022017",3,951,"0854",65,27.9,0.2,359.24,359.18,NA,2017-02-17 08:54:00,2017-02-14 12:30:00,2.85
"E3","18022017",4,1702,"1608",172,73.5,0.2,359.18,359.01,NA,2017-02-18 16:08:00,2017-02-14 12:30:00,4.15138888888889
"E3","19022017",5,1647,"1559",188,80,0.1,359.01,358.83,NA,2017-02-19 15:59:00,2017-02-14 12:30:00,5.14513888888889
"E3","20022017",6,1135,"1052",107,45.5,0.3,358.84,358.74,NA,2017-02-20 10:52:00,2017-02-14 12:30:00,5.93194444444444
"E3","23022017",9,1542,"1510",40,16.6,0.2,358.73,358.7,NA,2017-02-23 15:10:00,2017-02-14 12:30:00,9.11111111111111
"I1","07032017",21,1055,"1034",44,18.2,0.1,354.57,354.51,NA,2017-03-07 10:34:00,2017-02-14 12:30:00,20.9194444444444
"I1","14022017",0,1230,"1230",0,0,0,354.72,354.72,NA,2017-02-14 12:30:00,2017-02-14 12:30:00,0
"I1","15022017",1,929,"0929",46,20.8,0.1,354.72,354.67,NA,2017-02-15 09:29:00,2017-02-14 12:30:00,0.874305555555556
"I1","16022017",2,1344,"1250",25,10.7,0.2,354.67,354.64,NA,2017-02-16 12:50:00,2017-02-14 12:30:00,2.01388888888889
"I1","17022017",3,854,"0854",12,4.9,0.1,354.64,354.63,NA,2017-02-17 08:54:00,2017-02-14 12:30:00,2.85
"I1","18022017",4,1706,"1608",16,6.8,0.2,354.64,354.63,NA,2017-02-18 16:08:00,2017-02-14 12:30:00,4.15138888888889
"I1","20022017",6,1139,"1052",19,7.7,0.1,354.62,354.61,NA,2017-02-20 10:52:00,2017-02-14 12:30:00,5.93194444444444
"I2","07032017",21,1055,"1034",34,14.1,0.1,357.67,357.66,NA,2017-03-07 10:34:00,2017-02-14 12:30:00,20.9194444444444
"I2","14022017",0,1230,"1230",0,0,0,357.83,357.83,NA,2017-02-14 12:30:00,2017-02-14 12:30:00,0
"I2","15022017",1,929,"0929",45,19.7,0.1,357.83,357.78,NA,2017-02-15 09:29:00,2017-02-14 12:30:00,0.874305555555556
"I2","16022017",2,1344,"1250",25,10.7,0.2,357.79,357.76,NA,2017-02-16 12:50:00,2017-02-14 12:30:00,2.01388888888889
"I2","17022017",3,854,"0854",15,6,0.2,357.76,357.75,NA,2017-02-17 08:54:00,2017-02-14 12:30:00,2.85
"I2","18022017",4,1706,"1608",16,6.4,0,357.76,357.74,NA,2017-02-18 16:08:00,2017-02-14 12:30:00,4.15138888888889
"I2","20022017",6,1139,"1052",17,7.2,0.2,357.73,357.72,NA,2017-02-20 10:52:00,2017-02-14 12:30:00,5.93194444444444
"I3","07032017",21,1055,"1034",52,22.3,0.3,357.49,357.43,NA,2017-03-07 10:34:00,2017-02-14 12:30:00,20.9194444444444
"I3","14022017",0,1230,"1230",0,0,0,357.615,357.615,NA,2017-02-14 12:30:00,2017-02-14 12:30:00,0
"I3","15022017",1,929,"0929",43,18.9,0.1,357.61,357.56,NA,2017-02-15 09:29:00,2017-02-14 12:30:00,0.874305555555556
"I3","16022017",2,1344,"1250",26,11,0.2,357.56,357.54,NA,2017-02-16 12:50:00,2017-02-14 12:30:00,2.01388888888889
"I3","17022017",3,854,"0854",16,6.8,0.1,357.54,357.52,NA,2017-02-17 08:54:00,2017-02-14 12:30:00,2.85
"I3","18022017",4,1706,"1608",15,6,0.1,357.52,357.51,NA,2017-02-18 16:08:00,2017-02-14 12:30:00,4.15138888888889
"I3","20022017",6,1139,"1052",19,7.7,0.1,357.52,357.51,NA,2017-02-20 10:52:00,2017-02-14 12:30:00,5.93194444444444
