"id","elapsed.time","date.x","day","time.orig","time","vol","pres.init","pres.resid","mass.init","mass.final","notes","date.time","start.time","date.y","xCH4","mass.tot","mass.vent","mass.leak","cmass.tot","cmass.vent","cmass.leak"
"A1",0,"14022017",0,1230,"1230",0,0,0,385.27,385.27,NA,2017-02-14 12:30:00,2017-02-14 12:30:00,NA,NA,0,0,0,0,0,0
"A1",0.874305555555556,"15022017",1,1016,"0929",187,92.2,0.3,385.26,385.04,NA,2017-02-15 09:29:00,2017-02-14 12:30:00,"15022017",0.4615,0.229999999999961,0.21999999999997,0.00999999999999091,0.229999999999961,0.21999999999997,0.00999999999999091
"A1",2.01388888888889,"16022017",2,1325,"1250",201,99.1,0.3,385.04,384.8,NA,2017-02-16 12:50:00,2017-02-14 12:30:00,"16022017",0.5443,0.240000000000009,0.240000000000009,0,0.46999999999997,0.45999999999998,0.00999999999999091
"A1",2.85,"17022017",3,932,"0854",165,77.7,0.4,384.8,384.62,NA,2017-02-17 08:54:00,2017-02-14 12:30:00,"17022017",0.5829,0.180000000000007,0.180000000000007,0,0.649999999999977,0.639999999999986,0.00999999999999091
"A1",4.15138888888889,"18022017",4,1644,"1608",257,125.5,0.4,384.6,384.36,NA,2017-02-18 16:08:00,2017-02-14 12:30:00,"18022017",0.6854,0.259999999999991,0.240000000000009,0.0199999999999818,0.909999999999968,0.879999999999995,0.0299999999999727
"A1",5.14513888888889,"19022017",5,1634,"1559",230,108.7,0.3,384.36,384.12,NA,2017-02-19 15:59:00,2017-02-14 12:30:00,"19022017",0.727,0.240000000000009,0.240000000000009,0,1.14999999999998,1.12,0.0299999999999727
"A1",5.93194444444444,"20022017",6,1121,"1052",171,82.3,0.3,384.13,383.97,NA,2017-02-20 10:52:00,2017-02-14 12:30:00,"20022017",0.7242,0.149999999999977,0.159999999999968,-0.00999999999999091,1.29999999999995,1.27999999999997,0.0199999999999818
"A1",7.13194444444444,"21022017",7,1605,"1540",124,58.7,0.3,383.98,383.86,NA,2017-02-21 15:40:00,2017-02-14 12:30:00,NA,NA,0.110000000000014,0.120000000000005,-0.00999999999999091,1.40999999999997,1.39999999999998,0.00999999999999091
"A1",9.11111111111111,"23022017",9,1531,"1510",102,48.5,0.1,383.85,383.75,NA,2017-02-23 15:10:00,2017-02-14 12:30:00,NA,NA,0.110000000000014,0.100000000000023,0.00999999999999091,1.51999999999998,1.5,0.0199999999999818
"A1",15.2194444444444,"01032017",15,1750,"1746",158,76.4,0.2,383.74,383.59,NA,2017-03-01 17:46:00,2017-02-14 12:30:00,NA,NA,0.160000000000025,0.150000000000034,0.00999999999999091,1.68000000000001,1.65000000000003,0.0299999999999727
"A1",20.9194444444444,"07032017",21,1104,"1034",103,49.2,0.3,383.57,383.48,NA,2017-03-07 10:34:00,2017-02-14 12:30:00,"07032017",0.677,0.109999999999957,0.089999999999975,0.0199999999999818,1.78999999999996,1.74000000000001,0.0499999999999545
"A1",30.96875,"17032017",31,1224,"1145",119,51.4,0.1,383.47,383.35,NA,2017-03-17 11:45:00,2017-02-14 12:30:00,NA,NA,0.129999999999995,0.120000000000005,0.00999999999999091,1.91999999999996,1.86000000000001,0.0599999999999454
"A1",50.8645833333333,"06042017",51,940,"0915",135,66.8,0.2,383.33,383.2,NA,2017-04-06 09:15:00,2017-02-14 12:30:00,NA,NA,0.150000000000034,0.129999999999995,0.0200000000000387,2.06999999999999,1.99000000000001,0.0799999999999841
"A1",60.9166666666667,"16042017",61,1100,"1030",64,31.7,0.2,383.16,383.09,NA,2017-04-16 10:30:00,2017-02-14 12:30:00,NA,NA,0.110000000000014,0.07000000000005,0.0399999999999636,2.18000000000001,2.06000000000006,0.119999999999948
"A2",0,"14022017",0,1230,"1230",0,0,0,391.09,391.09,NA,2017-02-14 12:30:00,2017-02-14 12:30:00,NA,NA,0,0,0,0,0,0
"A2",0.874305555555556,"15022017",1,1016,"0929",174,86.1,0.2,391.09,390.87,NA,2017-02-15 09:29:00,2017-02-14 12:30:00,"15022017",0.4637,0.21999999999997,0.21999999999997,0,0.21999999999997,0.21999999999997,0
"A2",2.01388888888889,"16022017",2,1325,"1250",202,98.8,0.4,390.89,390.65,NA,2017-02-16 12:50:00,2017-02-14 12:30:00,"16022017",0.5483,0.220000000000027,0.240000000000009,-0.0199999999999818,0.439999999999998,0.45999999999998,-0.0199999999999818
"A2",2.85,"17022017",3,932,"0854",169,79.9,0.4,390.67,390.44,NA,2017-02-17 08:54:00,2017-02-14 12:30:00,"17022017",0.5829,0.20999999999998,0.230000000000018,-0.0200000000000387,0.649999999999977,0.689999999999998,-0.0400000000000205
"A2",4.15138888888889,"18022017",4,1644,"1608",255,123.9,0.5,390.48,390.2,NA,2017-02-18 16:08:00,2017-02-14 12:30:00,"18022017",0.6897,0.240000000000009,0.28000000000003,-0.0400000000000205,0.889999999999986,0.970000000000027,-0.0800000000000409
"A2",5.14513888888889,"19022017",5,1634,"1559",214,101,0.4,390.19,389.99,NA,2017-02-19 15:59:00,2017-02-14 12:30:00,"19022017",0.7333,0.20999999999998,0.199999999999989,0.00999999999999091,1.09999999999997,1.17000000000002,-0.07000000000005
"A2",5.93194444444444,"20022017",6,1121,"1052",150,71.8,0.5,389.99,389.85,NA,2017-02-20 10:52:00,2017-02-14 12:30:00,"20022017",0.723,0.139999999999986,0.139999999999986,0,1.23999999999995,1.31,-0.07000000000005
"A2",7.13194444444444,"21022017",7,1605,"1540",104,48.9,0.2,389.85,389.76,NA,2017-02-21 15:40:00,2017-02-14 12:30:00,NA,NA,0.0900000000000318,0.0900000000000318,0,1.32999999999998,1.40000000000003,-0.07000000000005
"A2",9.11111111111111,"23022017",9,1531,"1510",85,40.9,0.1,389.74,389.66,NA,2017-02-23 15:10:00,2017-02-14 12:30:00,NA,NA,0.0999999999999659,0.0799999999999841,0.0199999999999818,1.42999999999995,1.48000000000002,-0.0500000000000682
"A2",15.2194444444444,"01032017",15,1750,"1746",130,63,0.4,389.64,389.51,NA,2017-03-01 17:46:00,2017-02-14 12:30:00,NA,NA,0.150000000000034,0.129999999999995,0.0200000000000387,1.57999999999998,1.61000000000001,-0.0300000000000296
"A2",20.9194444444444,"07032017",21,1104,"1034",96,45.4,0.1,389.49,389.4,NA,2017-03-07 10:34:00,2017-02-14 12:30:00,"07032017",0.6772,0.110000000000014,0.0900000000000318,0.0199999999999818,1.69,1.70000000000005,-0.0100000000000477
"A2",30.96875,"17032017",31,1224,"1145",71,31.1,0.3,389.32,389.27,NA,2017-03-17 11:45:00,2017-02-14 12:30:00,NA,NA,0.129999999999995,0.0500000000000114,0.0799999999999841,1.81999999999999,1.75000000000006,0.0699999999999363
"A2",50.8645833333333,"06042017",51,940,"0915",78,38.8,0.2,389.19,389.11,NA,2017-04-06 09:15:00,2017-02-14 12:30:00,NA,NA,0.159999999999968,0.0799999999999841,0.0799999999999841,1.97999999999996,1.83000000000004,0.14999999999992
"A2",60.9166666666667,"16042017",61,1100,"1030",43,21.1,0.1,389.05,389,NA,2017-04-16 10:30:00,2017-02-14 12:30:00,NA,NA,0.110000000000014,0.0500000000000114,0.0600000000000023,2.08999999999997,1.88000000000005,0.209999999999923
"A3",0,"14022017",0,1230,"1230",0,0,0,391.14,391.14,NA,2017-02-14 12:30:00,2017-02-14 12:30:00,NA,NA,0,0,0,0,0,0
"A3",0.874305555555556,"15022017",1,1016,"0929",179,88.8,0.3,391.13,390.92,NA,2017-02-15 09:29:00,2017-02-14 12:30:00,"15022017",0.4597,0.21999999999997,0.20999999999998,0.00999999999999091,0.21999999999997,0.20999999999998,0.00999999999999091
"A3",2.01388888888889,"16022017",2,1325,"1250",201,99.7,0.2,390.93,390.7,NA,2017-02-16 12:50:00,2017-02-14 12:30:00,"16022017",0.5577,0.220000000000027,0.230000000000018,-0.00999999999999091,0.439999999999998,0.439999999999998,0
"A3",2.85,"17022017",3,932,"0854",163,79.1,0.5,390.7,390.51,NA,2017-02-17 08:54:00,2017-02-14 12:30:00,"17022017",0.6059,0.189999999999998,0.189999999999998,0,0.629999999999995,0.629999999999995,0
"A3",4.15138888888889,"18022017",4,1644,"1608",268,129.9,0.2,390.51,390.24,NA,2017-02-18 16:08:00,2017-02-14 12:30:00,"18022017",0.699,0.269999999999982,0.269999999999982,0,0.899999999999977,0.899999999999977,0
"A3",5.14513888888889,"19022017",5,1634,"1559",228,110.5,0.4,390.25,390.04,NA,2017-02-19 15:59:00,2017-02-14 12:30:00,"19022017",0.7355,0.199999999999989,0.20999999999998,-0.00999999999999091,1.09999999999997,1.10999999999996,-0.00999999999999091
"A3",5.93194444444444,"20022017",6,1121,"1052",161,75.2,0.3,390.04,389.88,NA,2017-02-20 10:52:00,2017-02-14 12:30:00,"20022017",0.732,0.160000000000025,0.160000000000025,0,1.25999999999999,1.26999999999998,-0.00999999999999091
"A3",7.13194444444444,"21022017",7,1605,"1540",77,37.3,0.3,389.89,389.81,NA,2017-02-21 15:40:00,2017-02-14 12:30:00,NA,NA,0.0699999999999932,0.0799999999999841,-0.00999999999999091,1.32999999999998,1.34999999999997,-0.0199999999999818
"A3",9.11111111111111,"23022017",9,1531,"1510",100,47,0.2,389.81,389.73,NA,2017-02-23 15:10:00,2017-02-14 12:30:00,NA,NA,0.0799999999999841,0.0799999999999841,0,1.40999999999997,1.42999999999995,-0.0199999999999818
"A3",15.2194444444444,"01032017",15,1750,"1746",143,69.5,0.3,389.7,389.56,NA,2017-03-01 17:46:00,2017-02-14 12:30:00,NA,NA,0.170000000000016,0.139999999999986,0.0300000000000296,1.57999999999998,1.56999999999994,0.0100000000000477
"A3",20.9194444444444,"07032017",21,1104,"1034",99,47.1,0.2,389.55,389.45,NA,2017-03-07 10:34:00,2017-02-14 12:30:00,"07032017",0.6737,0.110000000000014,0.100000000000023,0.00999999999999091,1.69,1.66999999999996,0.0200000000000387
"A3",30.96875,"17032017",31,1224,"1145",116,50.8,0.4,389.45,389.32,NA,2017-03-17 11:45:00,2017-02-14 12:30:00,NA,NA,0.129999999999995,0.129999999999995,0,1.81999999999999,1.79999999999995,0.0200000000000387
"A3",50.8645833333333,"06042017",51,940,"0915",114,56.6,0.1,389.3,389.18,NA,2017-04-06 09:15:00,2017-02-14 12:30:00,NA,NA,0.139999999999986,0.120000000000005,0.0199999999999818,1.95999999999998,1.91999999999996,0.0400000000000205
"A3",60.9166666666667,"16042017",61,1100,"1030",52,26.1,0.2,389.13,389.07,NA,2017-04-16 10:30:00,2017-02-14 12:30:00,NA,NA,0.110000000000014,0.0600000000000023,0.0500000000000114,2.06999999999999,1.97999999999996,0.0900000000000318
"B1",0,"14022017",0,1230,"1230",0,0,0,388.55,388.55,NA,2017-02-14 12:30:00,2017-02-14 12:30:00,NA,NA,0,0,0,0,0,0
"B1",0.874305555555556,"15022017",1,1023,"0929",183,90.1,0.2,388.53,388.31,NA,2017-02-15 09:29:00,2017-02-14 12:30:00,"15022017",0.4095,0.240000000000009,0.21999999999997,0.0200000000000387,0.240000000000009,0.21999999999997,0.0200000000000387
"B1",2.01388888888889,"16022017",2,1331,"1250",211,102.7,0.3,388.31,388.06,NA,2017-02-16 12:50:00,2017-02-14 12:30:00,"16022017",0.5184,0.25,0.25,0,0.490000000000009,0.46999999999997,0.0200000000000387
"B1",2.85,"17022017",3,937,"0854",169,82.6,0.3,388.06,387.87,NA,2017-02-17 08:54:00,2017-02-14 12:30:00,"17022017",0.5786,0.189999999999998,0.189999999999998,0,0.680000000000007,0.659999999999968,0.0200000000000387
"B1",4.15138888888889,"18022017",4,1650,"1608",260,125.5,0.2,387.86,387.59,NA,2017-02-18 16:08:00,2017-02-14 12:30:00,"18022017",0.6838,0.28000000000003,0.270000000000039,0.00999999999999091,0.960000000000036,0.930000000000007,0.0300000000000296
"B1",5.14513888888889,"19022017",5,1638,"1559",222,106.4,0.3,387.6,387.39,NA,2017-02-19 15:59:00,2017-02-14 12:30:00,"19022017",0.7247,0.199999999999989,0.210000000000036,-0.0100000000000477,1.16000000000003,1.14000000000004,0.0199999999999818
"B1",5.93194444444444,"20022017",6,1126,"1052",114,54.6,0.2,387.39,387.25,NA,2017-02-20 10:52:00,2017-02-14 12:30:00,"20022017",0.715,0.139999999999986,0.139999999999986,0,1.30000000000001,1.28000000000003,0.0199999999999818
"B1",7.13194444444444,"21022017",7,1609,"1540",84,39.9,0.2,387.3,387.19,NA,2017-02-21 15:40:00,2017-02-14 12:30:00,NA,NA,0.0600000000000023,0.110000000000014,-0.0500000000000114,1.36000000000001,1.39000000000004,-0.0300000000000296
"B1",9.11111111111111,"23022017",9,1534,"1510",89,41.9,0.2,387.18,387.11,NA,2017-02-23 15:10:00,2017-02-14 12:30:00,NA,NA,0.0799999999999841,0.0699999999999932,0.00999999999999091,1.44,1.46000000000004,-0.0200000000000387
"B1",15.2194444444444,"01032017",15,1754,"1746",120,57.7,0.3,387.02,386.92,NA,2017-03-01 17:46:00,2017-02-14 12:30:00,NA,NA,0.189999999999998,0.0999999999999659,0.0900000000000318,1.63,1.56,0.0699999999999932
"B1",20.9194444444444,"07032017",21,1108,"1034",80,38.1,0.3,386.85,386.78,NA,2017-03-07 10:34:00,2017-02-14 12:30:00,"07032017",0.677,0.140000000000043,0.07000000000005,0.0699999999999932,1.77000000000004,1.63000000000005,0.139999999999986
"B1",30.96875,"17032017",31,1228,"1145",70,30.1,0.2,386.71,386.67,NA,2017-03-17 11:45:00,2017-02-14 12:30:00,NA,NA,0.109999999999957,0.0399999999999636,0.0699999999999932,1.88,1.67000000000002,0.20999999999998
"B1",50.8645833333333,"06042017",51,945,"0915",59,28.9,0.2,386.55,386.49,NA,2017-04-06 09:15:00,2017-02-14 12:30:00,NA,NA,0.180000000000007,0.0600000000000023,0.120000000000005,2.06,1.73000000000002,0.329999999999984
"B1",60.9166666666667,"16042017",61,1103,"1030",50,24.1,0.1,386.45,386.37,NA,2017-04-16 10:30:00,2017-02-14 12:30:00,NA,NA,0.120000000000005,0.0799999999999841,0.0400000000000205,2.18000000000001,1.81,0.370000000000005
"B2",0,"14022017",0,1230,"1230",0,0,0,387.4,387.4,NA,2017-02-14 12:30:00,2017-02-14 12:30:00,NA,NA,0,0,0,0,0,0
"B2",0.874305555555556,"15022017",1,1023,"0929",181,89.1,0.3,387.39,387.16,NA,2017-02-15 09:29:00,2017-02-14 12:30:00,"15022017",0.4103,0.239999999999952,0.229999999999961,0.00999999999999091,0.239999999999952,0.229999999999961,0.00999999999999091
"B2",2.01388888888889,"16022017",2,1331,"1250",219,106.8,0.5,387.16,386.91,NA,2017-02-16 12:50:00,2017-02-14 12:30:00,"16022017",0.5186,0.25,0.25,0,0.489999999999952,0.479999999999961,0.00999999999999091
"B2",2.85,"17022017",3,937,"0854",172,83.4,0.2,386.92,386.71,NA,2017-02-17 08:54:00,2017-02-14 12:30:00,"17022017",0.5792,0.200000000000045,0.210000000000036,-0.00999999999999091,0.689999999999998,0.689999999999998,0
"B2",4.15138888888889,"18022017",4,1650,"1608",262,126.5,0.3,386.71,386.44,NA,2017-02-18 16:08:00,2017-02-14 12:30:00,"18022017",0.6829,0.269999999999982,0.269999999999982,0,0.95999999999998,0.95999999999998,0
"B2",5.14513888888889,"19022017",5,1638,"1559",228,109,0.4,386.44,386.26,NA,2017-02-19 15:59:00,2017-02-14 12:30:00,"19022017",0.7247,0.180000000000007,0.180000000000007,0,1.13999999999999,1.13999999999999,0
"B2",5.93194444444444,"20022017",6,1126,"1052",118,55.3,0.4,386.24,386.11,NA,2017-02-20 10:52:00,2017-02-14 12:30:00,"20022017",0.7133,0.149999999999977,0.129999999999995,0.0199999999999818,1.28999999999996,1.26999999999998,0.0199999999999818
"B2",7.13194444444444,"21022017",7,1609,"1540",83,39.7,0.2,386.11,386.03,NA,2017-02-21 15:40:00,2017-02-14 12:30:00,NA,NA,0.0800000000000409,0.0800000000000409,0,1.37,1.35000000000002,0.0199999999999818
"B2",9.11111111111111,"23022017",9,1534,"1510",100,47.7,0.2,386.05,385.95,NA,2017-02-23 15:10:00,2017-02-14 12:30:00,NA,NA,0.0799999999999841,0.100000000000023,-0.0200000000000387,1.44999999999999,1.45000000000005,-5.6843418860808e-14
"B2",15.2194444444444,"01032017",15,1754,"1746",162,76.7,0.1,385.93,385.77,NA,2017-03-01 17:46:00,2017-02-14 12:30:00,NA,NA,0.180000000000007,0.160000000000025,0.0199999999999818,1.63,1.61000000000007,0.019999999999925
"B2",20.9194444444444,"07032017",21,1108,"1034",117,55.9,0.2,385.75,385.65,NA,2017-03-07 10:34:00,2017-02-14 12:30:00,NA,NA,0.120000000000005,0.100000000000023,0.0199999999999818,1.75,1.71000000000009,0.0399999999999068
"B2",30.96875,"17032017",31,1228,"1145",121,51.3,0.2,385.63,385.5,NA,2017-03-17 11:45:00,2017-02-14 12:30:00,NA,NA,0.149999999999977,0.129999999999995,0.0199999999999818,1.89999999999998,1.84000000000009,0.0599999999998886
"B2",50.8645833333333,"06042017",51,945,"0915",135,66.3,0.1,385.5,385.36,NA,2017-04-06 09:15:00,2017-02-14 12:30:00,NA,NA,0.139999999999986,0.139999999999986,0,2.03999999999996,1.98000000000008,0.0599999999998886
"B2",60.9166666666667,"16042017",61,1103,"1030",65,31.9,0.2,385.3,385.21,NA,2017-04-16 10:30:00,2017-02-14 12:30:00,NA,NA,0.150000000000034,0.0900000000000318,0.0600000000000023,2.19,2.07000000000011,0.119999999999891
"B3",0,"14022017",0,1230,"1230",0,0,0,385.45,385.45,NA,2017-02-14 12:30:00,2017-02-14 12:30:00,NA,NA,0,0,0,0,0,0
"B3",0.874305555555556,"15022017",1,1023,"0929",179,86.2,0.3,385.44,385.22,NA,2017-02-15 09:29:00,2017-02-14 12:30:00,"15022017",0.414,0.229999999999961,0.21999999999997,0.00999999999999091,0.229999999999961,0.21999999999997,0.00999999999999091
"B3",2.01388888888889,"16022017",2,1331,"1250",218,104.2,0.3,385.23,384.97,NA,2017-02-16 12:50:00,2017-02-14 12:30:00,"16022017",0.5173,0.25,0.259999999999991,-0.00999999999999091,0.479999999999961,0.479999999999961,0
"B3",2.85,"17022017",3,937,"0854",169,81.1,0.2,384.98,384.78,NA,2017-02-17 08:54:00,2017-02-14 12:30:00,"17022017",0.5775,0.190000000000055,0.200000000000045,-0.00999999999999091,0.670000000000016,0.680000000000007,-0.00999999999999091
"B3",4.15138888888889,"18022017",4,1650,"1608",261,123.4,0.4,384.78,384.51,NA,2017-02-18 16:08:00,2017-02-14 12:30:00,"18022017",0.6829,0.269999999999982,0.269999999999982,0,0.939999999999998,0.949999999999989,-0.00999999999999091
"B3",5.14513888888889,"19022017",5,1638,"1559",215,100.5,0.3,384.5,384.3,NA,2017-02-19 15:59:00,2017-02-14 12:30:00,"19022017",0.7217,0.20999999999998,0.199999999999989,0.00999999999999091,1.14999999999998,1.14999999999998,0
"B3",5.93194444444444,"20022017",6,1126,"1052",101,47.4,0.2,384.3,384.2,NA,2017-02-20 10:52:00,2017-02-14 12:30:00,"20022017",0.7116,0.100000000000023,0.100000000000023,0,1.25,1.25,0
"B3",7.13194444444444,"21022017",7,1609,"1540",74,34.4,0.1,384.2,384.12,NA,2017-02-21 15:40:00,2017-02-14 12:30:00,NA,NA,0.0799999999999841,0.0799999999999841,0,1.32999999999998,1.32999999999998,0
"B3",9.11111111111111,"23022017",9,1534,"1510",86,40.1,0.1,384.11,384.02,NA,2017-02-23 15:10:00,2017-02-14 12:30:00,NA,NA,0.100000000000023,0.0900000000000318,0.00999999999999091,1.43000000000001,1.42000000000002,0.00999999999999091
"B3",15.2194444444444,"01032017",15,1754,"1746",125,58.1,0.1,383.97,383.86,NA,2017-03-01 17:46:00,2017-02-14 12:30:00,NA,NA,0.159999999999968,0.110000000000014,0.0499999999999545,1.58999999999997,1.53000000000003,0.0599999999999454
"B3",20.9194444444444,"07032017",21,1108,"1034",110,50.8,0.3,383.83,383.74,NA,2017-03-07 10:34:00,2017-02-14 12:30:00,"07032017",0.6798,0.120000000000005,0.089999999999975,0.0300000000000296,1.70999999999998,1.62,0.089999999999975
"B3",30.96875,"17032017",31,1228,"1145",64,26.6,0.3,383.67,383.59,NA,2017-03-17 11:45:00,2017-02-14 12:30:00,NA,NA,0.150000000000034,0.0800000000000409,0.0699999999999932,1.86000000000001,1.70000000000005,0.159999999999968
"B3",50.8645833333333,"06042017",51,945,"0915",20,9.3,0.1,383.44,383.42,NA,2017-04-06 09:15:00,2017-02-14 12:30:00,NA,NA,0.169999999999959,0.0199999999999818,0.149999999999977,2.02999999999997,1.72000000000003,0.309999999999945
"B3",60.9166666666667,"16042017",61,1103,"1030",49,23.3,0.2,383.37,383.31,NA,2017-04-16 10:30:00,2017-02-14 12:30:00,NA,NA,0.110000000000014,0.0600000000000023,0.0500000000000114,2.13999999999999,1.78000000000003,0.359999999999957
"C1",0,"14022017",0,1230,"1230",0,0,0,358.26,358.26,NA,2017-02-14 12:30:00,2017-02-14 12:30:00,NA,NA,0,0,0,0,0,0
"C1",0.874305555555556,"15022017",1,1029,"0929",48,20.9,0,358.26,358.2,NA,2017-02-15 09:29:00,2017-02-14 12:30:00,"15022017",0.2623,0.0600000000000023,0.0600000000000023,0,0.0600000000000023,0.0600000000000023,0
"C1",2.01388888888889,"16022017",2,1336,"1250",58,25.3,0.2,358.2,358.14,NA,2017-02-16 12:50:00,2017-02-14 12:30:00,"16022017",0.4573,0.0600000000000023,0.0600000000000023,0,0.120000000000005,0.120000000000005,0
"C1",2.85,"17022017",3,943,"0854",135,58.9,0.3,358.14,357.98,NA,2017-02-17 08:54:00,2017-02-14 12:30:00,"17022017",0.438,0.159999999999968,0.159999999999968,0,0.279999999999973,0.279999999999973,0
"C1",4.15138888888889,"18022017",4,1656,"1608",227,98.1,0.4,357.97,357.69,NA,2017-02-18 16:08:00,2017-02-14 12:30:00,"18022017",0.4894,0.29000000000002,0.28000000000003,0.00999999999999091,0.569999999999993,0.560000000000002,0.00999999999999091
"C1",5.14513888888889,"19022017",5,1643,"1559",188,79.9,0.2,357.69,357.48,NA,2017-02-19 15:59:00,2017-02-14 12:30:00,"19022017",0.5434,0.20999999999998,0.20999999999998,0,0.779999999999973,0.769999999999982,0.00999999999999091
"C1",5.93194444444444,"20022017",6,1131,"1052",93,39.3,0.1,357.48,357.37,NA,2017-02-20 10:52:00,2017-02-14 12:30:00,"20022017",0.5531,0.110000000000014,0.110000000000014,0,0.889999999999986,0.879999999999995,0.00999999999999091
"C1",9.11111111111111,"23022017",9,1537,"1510",116,48.8,0.2,357.37,357.26,NA,2017-02-23 15:10:00,2017-02-14 12:30:00,NA,NA,0.110000000000014,0.110000000000014,0,1,0.990000000000009,0.00999999999999091
"C1",20.9194444444444,"07032017",21,1112,"1034",95,39.3,0.4,357.26,357.13,NA,2017-03-07 10:34:00,2017-02-14 12:30:00,"07032017",0.5982,0.129999999999995,0.129999999999995,0,1.13,1.12,0.00999999999999091
"C1",60.9166666666667,"16042017",61,1106,"1030",100,43.7,0.2,357.09,356.9,NA,2017-04-16 10:30:00,2017-02-14 12:30:00,NA,NA,0.230000000000018,0.189999999999998,0.0400000000000205,1.36000000000001,1.31,0.0500000000000114
"C1-1",0,"14022017",0,1230,"1230",0,0,0,409.53,409.53,NA,2017-02-14 12:30:00,2017-02-14 12:30:00,NA,NA,0,0,0,0,0,0
"C1-1",0.874305555555556,"15022017",1,935,"0929",165,88.7,0.3,409.52,409.33,NA,2017-02-15 09:29:00,2017-02-14 12:30:00,"15022017",0.4528,0.199999999999989,0.189999999999998,0.00999999999999091,0.199999999999989,0.189999999999998,0.00999999999999091
"C1-1",2.01388888888889,"16022017",2,1250,"1250",207,107.4,0.2,409.33,409.09,NA,2017-02-16 12:50:00,2017-02-14 12:30:00,"16022017",0.5682,0.240000000000009,0.240000000000009,0,0.439999999999998,0.430000000000007,0.00999999999999091
"C1-1",2.85,"17022017",3,858,"0854",149,79.3,0.5,409.09,408.91,NA,2017-02-17 08:54:00,2017-02-14 12:30:00,"17022017",0.5937,0.17999999999995,0.17999999999995,0,0.619999999999948,0.609999999999957,0.00999999999999091
"C1-1",4.15138888888889,"18022017",4,1608,"1608",261,137.9,0.3,408.93,408.64,NA,2017-02-18 16:08:00,2017-02-14 12:30:00,"18022017",0.6846,0.270000000000039,0.29000000000002,-0.0199999999999818,0.889999999999986,0.899999999999977,-0.00999999999999091
"C1-1",5.14513888888889,"19022017",5,1559,"1559",233,124.6,0.4,408.64,408.41,NA,2017-02-19 15:59:00,2017-02-14 12:30:00,"19022017",0.7186,0.229999999999961,0.229999999999961,0,1.11999999999995,1.12999999999994,-0.00999999999999091
"C1-1",5.93194444444444,"20022017",6,1052,"1052",204,108.9,0.3,408.41,408.21,NA,2017-02-20 10:52:00,2017-02-14 12:30:00,"20022017",0.734,0.200000000000045,0.200000000000045,0,1.31999999999999,1.32999999999998,-0.00999999999999091
"C1-1",7.13194444444444,"21022017",7,1540,"1540",261,139.1,0.5,408.22,407.97,NA,2017-02-21 15:40:00,2017-02-14 12:30:00,NA,NA,0.239999999999952,0.25,-0.0100000000000477,1.55999999999995,1.57999999999998,-0.0200000000000387
"C1-1",8.19375,"22022017",8,1709,"1709",118,62.1,0.4,407.98,407.87,NA,2017-02-22 17:09:00,2017-02-14 12:30:00,NA,NA,0.100000000000023,0.110000000000014,-0.00999999999999091,1.65999999999997,1.69,-0.0300000000000296
"C1-1",9.11111111111111,"23022017",9,1510,"1510",74,38.4,0.3,407.86,407.79,NA,2017-02-23 15:10:00,2017-02-14 12:30:00,NA,NA,0.0799999999999841,0.0699999999999932,0.00999999999999091,1.73999999999995,1.75999999999999,-0.0200000000000387
"C1-1",11.9569444444444,"26022017",12,1128,"1128",138,74,0.4,407.78,407.64,NA,2017-02-26 11:28:00,2017-02-14 12:30:00,NA,NA,0.150000000000034,0.139999999999986,0.0100000000000477,1.88999999999999,1.89999999999998,-0.00999999999999091
"C1-1",20.9194444444444,"07032017",21,1034,"1034",149,80.9,0,407.59,407.45,NA,2017-03-07 10:34:00,2017-02-14 12:30:00,"07032017",0.7217,0.189999999999998,0.139999999999986,0.0500000000000114,2.07999999999998,2.03999999999996,0.0400000000000205
"C1-1",30.96875,"17032017",31,1145,"1145",39,21,0.1,407.36,407.3,NA,2017-03-17 11:45:00,2017-02-14 12:30:00,NA,NA,0.149999999999977,0.0600000000000023,0.089999999999975,2.22999999999996,2.09999999999997,0.129999999999995
"C1-1",50.8645833333333,"06042017",51,918,"0915",121,60.8,0.2,407.3,407.17,NA,2017-04-06 09:15:00,2017-02-14 12:30:00,NA,NA,0.129999999999995,0.129999999999995,0,2.35999999999996,2.22999999999996,0.129999999999995
"C1-1",60.9166666666667,"16042017",61,1036,"1030",61,33.5,0.1,407.12,407.02,NA,2017-04-16 10:30:00,2017-02-14 12:30:00,NA,NA,0.150000000000034,0.100000000000023,0.0500000000000114,2.50999999999999,2.32999999999998,0.180000000000007
"C1-2",0,"14022017",0,1230,"1230",0,0,0,410.615,410.615,NA,2017-02-14 12:30:00,2017-02-14 12:30:00,NA,NA,0,0,0,0,0,0
"C1-2",0.874305555555556,"15022017",1,935,"0929",155,81.4,0.4,410.61,410.41,NA,2017-02-15 09:29:00,2017-02-14 12:30:00,"15022017",0.4681,0.204999999999984,0.199999999999989,0.00499999999999545,0.204999999999984,0.199999999999989,0.00499999999999545
"C1-2",2.01388888888889,"16022017",2,1250,"1250",210,108.2,0.5,410.43,410.17,NA,2017-02-16 12:50:00,2017-02-14 12:30:00,"16022017",0.5518,0.240000000000009,0.259999999999991,-0.0199999999999818,0.444999999999993,0.45999999999998,-0.0149999999999864
"C1-2",2.85,"17022017",3,858,"0854",146,76.8,0.5,410.18,410,NA,2017-02-17 08:54:00,2017-02-14 12:30:00,"17022017",0.5719,0.170000000000016,0.180000000000007,-0.00999999999999091,0.615000000000009,0.639999999999986,-0.0249999999999773
"C1-2",4.15138888888889,"18022017",4,1608,"1608",244,126.5,0.5,410.02,409.76,NA,2017-02-18 16:08:00,2017-02-14 12:30:00,"18022017",0.6684,0.240000000000009,0.259999999999991,-0.0199999999999818,0.855000000000018,0.899999999999977,-0.0449999999999591
"C1-2",5.14513888888889,"19022017",5,1559,"1559",245,122.13,0.3,409.76,409.51,NA,2017-02-19 15:59:00,2017-02-14 12:30:00,"19022017",0.7131,0.25,0.25,0,1.10500000000002,1.14999999999998,-0.0449999999999591
"C1-2",5.93194444444444,"20022017",6,1052,"1052",190,99.2,0.7,409.51,409.33,NA,2017-02-20 10:52:00,2017-02-14 12:30:00,"20022017",0.714,0.180000000000007,0.180000000000007,0,1.28500000000003,1.32999999999998,-0.0449999999999591
"C1-2",7.13194444444444,"21022017",7,1540,"1540",292,151.6,0.6,409.32,409.06,NA,2017-02-21 15:40:00,2017-02-14 12:30:00,NA,NA,0.269999999999982,0.259999999999991,0.00999999999999091,1.55500000000001,1.58999999999997,-0.0349999999999682
"C1-2",8.19375,"22022017",8,1709,"1709",232,120.2,0.4,409.05,408.84,NA,2017-02-22 17:09:00,2017-02-14 12:30:00,NA,NA,0.220000000000027,0.210000000000036,0.00999999999999091,1.77500000000003,1.80000000000001,-0.0249999999999773
"C1-2",9.11111111111111,"23022017",9,1510,"1510",75,38.1,0.4,408.82,408.75,NA,2017-02-23 15:10:00,2017-02-14 12:30:00,NA,NA,0.089999999999975,0.0699999999999932,0.0199999999999818,1.86500000000001,1.87,-0.00499999999999545
"C1-2",11.9569444444444,"26022017",12,1128,"1128",70,37.4,0.3,408.71,408.65,NA,2017-02-26 11:28:00,2017-02-14 12:30:00,NA,NA,0.100000000000023,0.0600000000000023,0.0400000000000205,1.96500000000003,1.93000000000001,0.035000000000025
"C1-2",20.9194444444444,"07032017",21,1034,"1034",84,46.2,0.2,408.5,408.43,NA,2017-03-07 10:34:00,2017-02-14 12:30:00,"07032017",0.6998,0.21999999999997,0.0699999999999932,0.149999999999977,2.185,2,0.185000000000002
"C1-2",30.96875,"17032017",31,1145,"1145",61,33.3,0.3,408.35,408.29,NA,2017-03-17 11:45:00,2017-02-14 12:30:00,NA,NA,0.139999999999986,0.0600000000000023,0.0799999999999841,2.32499999999999,2.06,0.264999999999986
"C1-2",50.8645833333333,"06042017",51,918,"0915",85,47,0.1,408.24,408.16,NA,2017-04-06 09:15:00,2017-02-14 12:30:00,NA,NA,0.129999999999995,0.0799999999999841,0.0500000000000114,2.45499999999998,2.13999999999999,0.314999999999998
"C1-2",60.9166666666667,"16042017",61,1036,"1030",42,23.4,0.1,408.05,407.93,NA,2017-04-16 10:30:00,2017-02-14 12:30:00,NA,NA,0.230000000000018,0.120000000000005,0.110000000000014,2.685,2.25999999999999,0.425000000000011
"C1-3",0,"14022017",0,1230,"1230",0,0,0,384.725,384.725,NA,2017-02-14 12:30:00,2017-02-14 12:30:00,NA,NA,0,0,0,0,0,0
"C1-3",0.874305555555556,"15022017",1,935,"0929",159,77.7,0.1,384.71,384.54,NA,2017-02-15 09:29:00,2017-02-14 12:30:00,"15022017",0.4681,0.185000000000002,0.169999999999959,0.0150000000000432,0.185000000000002,0.169999999999959,0.0150000000000432
"C1-3",2.01388888888889,"16022017",2,1250,"1250",182,85.9,0.5,384.51,384.29,NA,2017-02-16 12:50:00,2017-02-14 12:30:00,"16022017",0.5489,0.25,0.21999999999997,0.0300000000000296,0.435000000000002,0.38999999999993,0.0450000000000728
"C1-3",2.85,"17022017",3,858,"0854",140,70,0.5,384.27,384.12,NA,2017-02-17 08:54:00,2017-02-14 12:30:00,"17022017",0.5917,0.170000000000016,0.149999999999977,0.0200000000000387,0.605000000000018,0.539999999999907,0.0650000000001114
"C1-3",4.15138888888889,"18022017",4,1608,"1608",243,118.4,0.6,384.12,383.87,NA,2017-02-18 16:08:00,2017-02-14 12:30:00,"18022017",0.6807,0.25,0.25,0,0.855000000000018,0.789999999999907,0.0650000000001114
"C1-3",5.14513888888889,"19022017",5,1559,"1559",225,109.4,0.3,383.85,383.62,NA,2017-02-19 15:59:00,2017-02-14 12:30:00,"19022017",0.7167,0.25,0.230000000000018,0.0199999999999818,1.10500000000002,1.01999999999992,0.0850000000000932
"C1-3",5.93194444444444,"20022017",6,1052,"1052",185,90.5,0.3,383.61,383.43,NA,2017-02-20 10:52:00,2017-02-14 12:30:00,"20022017",0.7271,0.189999999999998,0.180000000000007,0.00999999999999091,1.29500000000002,1.19999999999993,0.0950000000000841
"C1-3",7.13194444444444,"21022017",7,1540,"1540",190,93,0.4,383.34,383.16,NA,2017-02-21 15:40:00,2017-02-14 12:30:00,NA,NA,0.269999999999982,0.17999999999995,0.0900000000000318,1.565,1.37999999999988,0.185000000000116
"C1-3",8.19375,"22022017",8,1709,"1709",102,49.7,0.3,383.14,383.05,NA,2017-02-22 17:09:00,2017-02-14 12:30:00,NA,NA,0.110000000000014,0.089999999999975,0.0200000000000387,1.67500000000001,1.46999999999986,0.205000000000155
"C1-3",9.11111111111111,"23022017",9,1510,"1510",80,38.7,0.4,383.04,382.96,NA,2017-02-23 15:10:00,2017-02-14 12:30:00,NA,NA,0.0900000000000318,0.0800000000000409,0.00999999999999091,1.76500000000004,1.5499999999999,0.215000000000146
"C1-3",11.9569444444444,"26022017",12,1128,"1128",80,39,0.1,382.94,382.86,NA,2017-02-26 11:28:00,2017-02-14 12:30:00,NA,NA,0.0999999999999659,0.0799999999999841,0.0199999999999818,1.86500000000001,1.62999999999988,0.235000000000127
"C1-3",20.9194444444444,"07032017",21,1034,"1034",85,42.4,0.2,382.74,382.66,NA,2017-03-07 10:34:00,2017-02-14 12:30:00,"07032017",0.7034,0.199999999999989,0.0799999999999841,0.120000000000005,2.065,1.70999999999987,0.355000000000132
"C1-3",30.96875,"17032017",31,1145,"1145",60,30.1,0.3,382.61,382.55,NA,2017-03-17 11:45:00,2017-02-14 12:30:00,NA,NA,0.110000000000014,0.0600000000000023,0.0500000000000114,2.17500000000001,1.76999999999987,0.405000000000143
"C1-3",50.8645833333333,"06042017",51,918,"0915",51,25.9,0.1,382.46,382.41,NA,2017-04-06 09:15:00,2017-02-14 12:30:00,NA,NA,0.139999999999986,0.0499999999999545,0.0900000000000318,2.315,1.81999999999982,0.495000000000175
"C1-3",60.9166666666667,"16042017",61,1036,"1030",43,21.4,0.1,382.36,382.32,NA,2017-04-16 10:30:00,2017-02-14 12:30:00,NA,NA,0.0900000000000318,0.0400000000000205,0.0500000000000114,2.40500000000003,1.85999999999984,0.545000000000186
"C2",0,"14022017",0,1230,"1230",0,0,0,360.2,360.2,NA,2017-02-14 12:30:00,2017-02-14 12:30:00,NA,NA,0,0,0,0,0,0
"C2",0.874305555555556,"15022017",1,1029,"0929",44,19.2,0,360.19,360.14,NA,2017-02-15 09:29:00,2017-02-14 12:30:00,"15022017",0.251,0.0600000000000023,0.0500000000000114,0.00999999999999091,0.0600000000000023,0.0500000000000114,0.00999999999999091
"C2",2.01388888888889,"16022017",2,1336,"1250",54,23.2,0.1,360.15,360.08,NA,2017-02-16 12:50:00,2017-02-14 12:30:00,"16022017",0.4573,0.0600000000000023,0.0699999999999932,-0.00999999999999091,0.120000000000005,0.120000000000005,0
"C2",2.85,"17022017",3,943,"0854",121,52.6,0.2,360.07,359.95,NA,2017-02-17 08:54:00,2017-02-14 12:30:00,"17022017",0.4488,0.129999999999995,0.120000000000005,0.00999999999999091,0.25,0.240000000000009,0.00999999999999091
"C2",4.15138888888889,"18022017",4,1656,"1608",222,95.3,0,359.94,359.67,NA,2017-02-18 16:08:00,2017-02-14 12:30:00,"18022017",0.4772,0.279999999999973,0.269999999999982,0.00999999999999091,0.529999999999973,0.509999999999991,0.0199999999999818
"C2",5.14513888888889,"19022017",5,1643,"1559",178,75.9,0.1,359.67,359.46,NA,2017-02-19 15:59:00,2017-02-14 12:30:00,"19022017",0.5289,0.210000000000036,0.210000000000036,0,0.740000000000009,0.720000000000027,0.0199999999999818
"C2",5.93194444444444,"20022017",6,1131,"1052",100,42.2,0.1,359.46,359.35,NA,2017-02-20 10:52:00,2017-02-14 12:30:00,"20022017",0.5447,0.109999999999957,0.109999999999957,0,0.849999999999966,0.829999999999984,0.0199999999999818
"C2",9.11111111111111,"23022017",9,1537,"1510",130,54.1,0.3,359.37,359.23,NA,2017-02-23 15:10:00,2017-02-14 12:30:00,NA,NA,0.120000000000005,0.139999999999986,-0.0199999999999818,0.96999999999997,0.96999999999997,0
"C2",20.9194444444444,"07032017",21,1112,"1034",82,34.7,0.3,359.17,359.09,NA,2017-03-07 10:34:00,2017-02-14 12:30:00,"07032017",0.5982,0.140000000000043,0.0800000000000409,0.0600000000000023,1.11000000000001,1.05000000000001,0.0600000000000023
"C2",60.9166666666667,"16042017",61,1106,"1030",78,33.9,0.2,359.01,358.88,NA,2017-04-16 10:30:00,2017-02-14 12:30:00,NA,NA,0.20999999999998,0.129999999999995,0.0799999999999841,1.31999999999999,1.18000000000001,0.139999999999986
"C2-1",0,"14022017",0,1230,"1230",0,0,0,396.285,396.285,NA,2017-02-14 12:30:00,2017-02-14 12:30:00,NA,NA,0,0,0,0,0,0
"C2-1",0.874305555555556,"15022017",1,941,"0929",178,90.8,0.4,396.28,396.09,NA,2017-02-15 09:29:00,2017-02-14 12:30:00,"15022017",0.4892,0.19500000000005,0.189999999999998,0.0050000000000523,0.19500000000005,0.189999999999998,0.0050000000000523
"C2-1",2.01388888888889,"16022017",2,1257,"1250",220,108.3,0.5,396.07,395.79,NA,2017-02-16 12:50:00,2017-02-14 12:30:00,"16022017",0.4903,0.299999999999955,0.279999999999973,0.0199999999999818,0.495000000000005,0.46999999999997,0.0250000000000341
"C2-1",2.85,"17022017",3,904,"0854",150,72.4,0.4,395.79,395.61,NA,2017-02-17 08:54:00,2017-02-14 12:30:00,"17022017",0.5168,0.180000000000007,0.180000000000007,0,0.675000000000011,0.649999999999977,0.0250000000000341
"C2-1",4.15138888888889,"18022017",4,1613,"1608",206,102.5,0.3,395.61,395.39,NA,2017-02-18 16:08:00,2017-02-14 12:30:00,"18022017",0.6334,0.220000000000027,0.220000000000027,0,0.895000000000039,0.870000000000005,0.0250000000000341
"C2-1",5.14513888888889,"19022017",5,1607,"1559",201,100.7,0.5,395.41,395.21,NA,2017-02-19 15:59:00,2017-02-14 12:30:00,"19022017",0.6889,0.180000000000007,0.200000000000045,-0.0200000000000387,1.07500000000005,1.07000000000005,0.00499999999999545
"C2-1",5.93194444444444,"20022017",6,1057,"1052",165,84,0.8,395.2,395.03,NA,2017-02-20 10:52:00,2017-02-14 12:30:00,"20022017",0.7098,0.180000000000007,0.170000000000016,0.00999999999999091,1.25500000000005,1.24000000000007,0.0149999999999864
"C2-1",7.13194444444444,"21022017",7,1545,"1540",242,122.4,0.5,395.04,394.81,NA,2017-02-21 15:40:00,2017-02-14 12:30:00,NA,NA,0.21999999999997,0.230000000000018,-0.0100000000000477,1.47500000000002,1.47000000000008,0.00499999999993861
"C2-1",8.19375,"22022017",8,1714,"1709",198,99.1,0,394.8,394.61,NA,2017-02-22 17:09:00,2017-02-14 12:30:00,NA,NA,0.199999999999989,0.189999999999998,0.00999999999999091,1.67500000000001,1.66000000000008,0.0149999999999295
"C2-1",9.11111111111111,"23022017",9,1514,"1510",90,46,0.2,394.6,394.52,NA,2017-02-23 15:10:00,2017-02-14 12:30:00,NA,NA,0.0900000000000318,0.0800000000000409,0.00999999999999091,1.76500000000004,1.74000000000012,0.0249999999999204
"C2-1",11.9569444444444,"26022017",12,1131,"1128",100,51.1,0,394.49,394.4,NA,2017-02-26 11:28:00,2017-02-14 12:30:00,NA,NA,0.120000000000005,0.0900000000000318,0.0299999999999727,1.88500000000005,1.83000000000015,0.0549999999998931
"C2-1",20.9194444444444,"07032017",21,1038,"1034",45,23.4,0,394.21,394.18,NA,2017-03-07 10:34:00,2017-02-14 12:30:00,"07032017",0.7049,0.21999999999997,0.0299999999999727,0.189999999999998,2.10500000000002,1.86000000000013,0.244999999999891
"C2-1",30.96875,"17032017",31,1150,"1145",18,9.3,0.2,394.09,394.09,NA,2017-03-17 11:45:00,2017-02-14 12:30:00,NA,NA,0.0900000000000318,0,0.0900000000000318,2.19500000000005,1.86000000000013,0.334999999999923
"C2-1",50.8645833333333,"06042017",51,921,"0915",21,11.2,0.2,393.93,393.91,NA,2017-04-06 09:15:00,2017-02-14 12:30:00,NA,NA,0.17999999999995,0.0199999999999818,0.159999999999968,2.375,1.88000000000011,0.494999999999891
"C2-1",60.9166666666667,"16042017",61,1040,"1030",15,7.8,0.1,393.82,393.78,NA,2017-04-16 10:30:00,2017-02-14 12:30:00,NA,NA,0.130000000000052,0.0400000000000205,0.0900000000000318,2.50500000000005,1.92000000000013,0.584999999999923
"C2-2",0,"14022017",0,1230,"1230",0,0,0,407.58,407.58,NA,2017-02-14 12:30:00,2017-02-14 12:30:00,NA,NA,0,0,0,0,0,0
"C2-2",0.874305555555556,"15022017",1,941,"0929",173,92.2,0.2,407.56,407.34,NA,2017-02-15 09:29:00,2017-02-14 12:30:00,"15022017",0.4764,0.240000000000009,0.220000000000027,0.0199999999999818,0.240000000000009,0.220000000000027,0.0199999999999818
"C2-2",2.01388888888889,"16022017",2,1257,"1250",226,110.9,0.5,407.35,407.07,NA,2017-02-16 12:50:00,2017-02-14 12:30:00,"16022017",0.4766,0.269999999999982,0.28000000000003,-0.0100000000000477,0.509999999999991,0.500000000000057,0.00999999999993406
"C2-2",2.85,"17022017",3,904,"0854",139,68.8,0.5,407.07,406.91,NA,2017-02-17 08:54:00,2017-02-14 12:30:00,"17022017",0.5092,0.159999999999968,0.159999999999968,0,0.669999999999959,0.660000000000025,0.00999999999993406
"C2-2",4.15138888888889,"18022017",4,1613,"1608",200,101.8,0.5,406.9,406.68,NA,2017-02-18 16:08:00,2017-02-14 12:30:00,"18022017",0.6179,0.230000000000018,0.21999999999997,0.0100000000000477,0.899999999999977,0.879999999999995,0.0199999999999818
"C2-2",5.14513888888889,"19022017",5,1607,"1559",170,84.6,0.3,406.68,406.51,NA,2017-02-19 15:59:00,2017-02-14 12:30:00,"19022017",0.6762,0.170000000000016,0.170000000000016,0,1.06999999999999,1.05000000000001,0.0199999999999818
"C2-2",5.93194444444444,"20022017",6,1057,"1052",130,67.8,0.4,406.46,406.33,NA,2017-02-20 10:52:00,2017-02-14 12:30:00,"20022017",0.7098,0.180000000000007,0.129999999999995,0.0500000000000114,1.25,1.18000000000001,0.0699999999999932
"C2-2",7.13194444444444,"21022017",7,1545,"1540",214,111.3,0.4,406.34,406.13,NA,2017-02-21 15:40:00,2017-02-14 12:30:00,NA,NA,0.199999999999989,0.20999999999998,-0.00999999999999091,1.44999999999999,1.38999999999999,0.0600000000000023
"C2-2",8.19375,"22022017",8,1714,"1709",125,62.2,0.4,406.01,405.9,NA,2017-02-22 17:09:00,2017-02-14 12:30:00,NA,NA,0.230000000000018,0.110000000000014,0.120000000000005,1.68000000000001,1.5,0.180000000000007
"C2-2",9.11111111111111,"23022017",9,1514,"1510",115,59.8,0.3,405.83,405.73,NA,2017-02-23 15:10:00,2017-02-14 12:30:00,NA,NA,0.169999999999959,0.0999999999999659,0.0699999999999932,1.84999999999997,1.59999999999997,0.25
"C2-2",11.9569444444444,"26022017",12,1131,"1128",85,44.6,0,405.67,405.59,NA,2017-02-26 11:28:00,2017-02-14 12:30:00,NA,NA,0.140000000000043,0.0800000000000409,0.0600000000000023,1.99000000000001,1.68000000000001,0.310000000000002
"C2-2",20.9194444444444,"07032017",21,1038,"1034",66,36,0.3,405.46,405.32,NA,2017-03-07 10:34:00,2017-02-14 12:30:00,"07032017",0.7171,0.269999999999982,0.139999999999986,0.129999999999995,2.25999999999999,1.81999999999999,0.439999999999998
"C2-2",30.96875,"17032017",31,1150,"1145",34,17.4,0.2,405.25,405.24,NA,2017-03-17 11:45:00,2017-02-14 12:30:00,NA,NA,0.0799999999999841,0.00999999999999091,0.0699999999999932,2.33999999999997,1.82999999999998,0.509999999999991
"C2-2",50.8645833333333,"06042017",51,921,"0915",33,17.6,0.2,405.08,405.05,NA,2017-04-06 09:15:00,2017-02-14 12:30:00,NA,NA,0.189999999999998,0.0299999999999727,0.160000000000025,2.52999999999997,1.85999999999996,0.670000000000016
"C2-2",60.9166666666667,"16042017",61,1040,"1030",5,3.2,0,404.89,404.87,NA,2017-04-16 10:30:00,2017-02-14 12:30:00,NA,NA,0.180000000000007,0.0199999999999818,0.160000000000025,2.70999999999998,1.87999999999994,0.830000000000041
"C2-3",0,"14022017",0,1230,"1230",0,0,0,404.935,404.935,NA,2017-02-14 12:30:00,2017-02-14 12:30:00,NA,NA,0,0,0,0,0,0
"C2-3",0.874305555555556,"15022017",1,941,"0929",168,90.2,0.3,404.93,404.7,NA,2017-02-15 09:29:00,2017-02-14 12:30:00,"15022017",0.4856,0.235000000000014,0.230000000000018,0.00499999999999545,0.235000000000014,0.230000000000018,0.00499999999999545
"C2-3",2.01388888888889,"16022017",2,1257,"1250",230,112.8,0.6,404.74,404.45,NA,2017-02-16 12:50:00,2017-02-14 12:30:00,"16022017",0.4916,0.25,0.29000000000002,-0.0400000000000205,0.485000000000014,0.520000000000039,-0.035000000000025
"C2-3",2.85,"17022017",3,904,"0854",139,69.3,0.5,404.45,404.28,NA,2017-02-17 08:54:00,2017-02-14 12:30:00,"17022017",0.5303,0.170000000000016,0.170000000000016,0,0.65500000000003,0.690000000000055,-0.035000000000025
"C2-3",4.15138888888889,"18022017",4,1613,"1608",205,103.9,0.5,404.3,404.07,NA,2017-02-18 16:08:00,2017-02-14 12:30:00,"18022017",0.6387,0.20999999999998,0.230000000000018,-0.0200000000000387,0.865000000000009,0.920000000000073,-0.0550000000000637
"C2-3",5.14513888888889,"19022017",5,1607,"1559",185,99.7,0.2,404.07,403.87,NA,2017-02-19 15:59:00,2017-02-14 12:30:00,"19022017",0.6865,0.199999999999989,0.199999999999989,0,1.065,1.12000000000006,-0.0550000000000637
"C2-3",5.93194444444444,"20022017",6,1057,"1052",166,82.6,0.5,403.86,403.7,NA,2017-02-20 10:52:00,2017-02-14 12:30:00,"20022017",0.7071,0.170000000000016,0.160000000000025,0.00999999999999091,1.23500000000001,1.28000000000009,-0.0450000000000728
"C2-3",7.13194444444444,"21022017",7,1545,"1540",210,105.3,0.6,403.68,403.48,NA,2017-02-21 15:40:00,2017-02-14 12:30:00,NA,NA,0.21999999999997,0.199999999999989,0.0199999999999818,1.45499999999998,1.48000000000008,-0.0250000000000909
"C2-3",8.19375,"22022017",8,1714,"1709",201,100.6,0.4,403.47,403.28,NA,2017-02-22 17:09:00,2017-02-14 12:30:00,NA,NA,0.200000000000045,0.190000000000055,0.00999999999999091,1.65500000000003,1.67000000000013,-0.0150000000001
"C2-3",9.11111111111111,"23022017",9,1514,"1510",87,42.6,0.1,403.28,403.19,NA,2017-02-23 15:10:00,2017-02-14 12:30:00,NA,NA,0.089999999999975,0.089999999999975,0,1.745,1.7600000000001,-0.0150000000001
"C2-3",11.9569444444444,"26022017",12,1131,"1128",114,58.5,0.2,403.15,403.04,NA,2017-02-26 11:28:00,2017-02-14 12:30:00,NA,NA,0.149999999999977,0.109999999999957,0.0400000000000205,1.89499999999998,1.87000000000006,0.0249999999999204
"C2-3",20.9194444444444,"07032017",21,1038,"1034",84,44.6,0.3,402.92,402.84,NA,2017-03-07 10:34:00,2017-02-14 12:30:00,"07032017",0.7129,0.200000000000045,0.0800000000000409,0.120000000000005,2.09500000000003,1.9500000000001,0.144999999999925
"C2-3",30.96875,"17032017",31,1150,"1145",62,32.3,0.2,402.82,402.76,NA,2017-03-17 11:45:00,2017-02-14 12:30:00,NA,NA,0.0799999999999841,0.0600000000000023,0.0199999999999818,2.17500000000001,2.0100000000001,0.164999999999907
"C2-3",50.8645833333333,"06042017",51,921,"0915",52,27.8,0.2,402.62,402.57,NA,2017-04-06 09:15:00,2017-02-14 12:30:00,NA,NA,0.189999999999998,0.0500000000000114,0.139999999999986,2.36500000000001,2.06000000000012,0.304999999999893
"C2-3",60.9166666666667,"16042017",61,1040,"1030",23,12.2,0.1,402.5,402.45,NA,2017-04-16 10:30:00,2017-02-14 12:30:00,NA,NA,0.120000000000005,0.0500000000000114,0.0699999999999932,2.48500000000001,2.11000000000013,0.374999999999886
"C3",0,"14022017",0,1230,"1230",0,0,0,361.51,361.51,NA,2017-02-14 12:30:00,2017-02-14 12:30:00,NA,NA,0,0,0,0,0,0
"C3",0.874305555555556,"15022017",1,1029,"0929",41,17.8,0,361.49,361.45,NA,2017-02-15 09:29:00,2017-02-14 12:30:00,"15022017",0.2432,0.0600000000000023,0.0400000000000205,0.0199999999999818,0.0600000000000023,0.0400000000000205,0.0199999999999818
"C3",2.01388888888889,"16022017",2,1336,"1250",54,23.1,0.2,361.47,361.4,NA,2017-02-16 12:50:00,2017-02-14 12:30:00,"16022017",0.3621,0.0500000000000114,0.07000000000005,-0.0200000000000387,0.110000000000014,0.11000000000007,-5.6843418860808e-14
"C3",2.85,"17022017",3,943,"0854",118,50.7,0.1,361.4,361.26,NA,2017-02-17 08:54:00,2017-02-14 12:30:00,"17022017",0.4488,0.139999999999986,0.139999999999986,0,0.25,0.250000000000057,-5.6843418860808e-14
"C3",4.15138888888889,"18022017",4,1656,"1608",209,90.3,0.3,361.23,360.97,NA,2017-02-18 16:08:00,2017-02-14 12:30:00,"18022017",0.4803,0.289999999999964,0.259999999999991,0.0299999999999727,0.539999999999964,0.510000000000048,0.0299999999999159
"C3",5.14513888888889,"19022017",5,1643,"1559",169,71.4,0,360.95,360.75,NA,2017-02-19 15:59:00,2017-02-14 12:30:00,"19022017",0.5282,0.220000000000027,0.199999999999989,0.0200000000000387,0.759999999999991,0.710000000000036,0.0499999999999545
"C3",5.93194444444444,"20022017",6,1131,"1052",96,40.6,0.2,360.74,360.64,NA,2017-02-20 10:52:00,2017-02-14 12:30:00,"20022017",0.5465,0.110000000000014,0.100000000000023,0.00999999999999091,0.870000000000005,0.810000000000059,0.0599999999999454
"C3",9.11111111111111,"23022017",9,1537,"1510",82,34.6,0.2,360.61,360.51,NA,2017-02-23 15:10:00,2017-02-14 12:30:00,NA,NA,0.129999999999995,0.100000000000023,0.0299999999999727,1,0.910000000000082,0.0899999999999181
"C3",20.9194444444444,"07032017",21,1112,"1034",21,9.3,0.2,360.38,360.36,NA,2017-03-07 10:34:00,2017-02-14 12:30:00,"07032017",0.5982,0.149999999999977,0.0199999999999818,0.129999999999995,1.14999999999998,0.930000000000064,0.219999999999914
"C3",60.9166666666667,"16042017",61,1106,"1030",3,1.4,0.1,360.2,360.18,NA,2017-04-16 10:30:00,2017-02-14 12:30:00,NA,NA,0.180000000000007,0.0199999999999818,0.160000000000025,1.32999999999998,0.950000000000045,0.379999999999939
"C3-1",0,"14022017",0,1230,"1230",0,0,0,402.315,402.315,NA,2017-02-14 12:30:00,2017-02-14 12:30:00,NA,NA,0,0,0,0,0,0
"C3-1",0.874305555555556,"15022017",1,949,"0929",190,96.4,0.3,402.29,402.07,NA,2017-02-15 09:29:00,2017-02-14 12:30:00,"15022017",0.3948,0.245000000000005,0.220000000000027,0.0249999999999773,0.245000000000005,0.220000000000027,0.0249999999999773
"C3-1",2.01388888888889,"16022017",2,1303,"1250",210,105.6,0.5,402.07,401.83,NA,2017-02-16 12:50:00,2017-02-14 12:30:00,"16022017",0.5645,0.240000000000009,0.240000000000009,0,0.485000000000014,0.460000000000036,0.0249999999999773
"C3-1",2.85,"17022017",3,909,"0854",164,85.3,0.4,401.83,401.64,NA,2017-02-17 08:54:00,2017-02-14 12:30:00,"17022017",0.5908,0.189999999999998,0.189999999999998,0,0.675000000000011,0.650000000000034,0.0249999999999773
"C3-1",4.15138888888889,"18022017",4,1619,"1608",281,144.9,0.6,401.63,401.36,NA,2017-02-18 16:08:00,2017-02-14 12:30:00,"18022017",0.6809,0.279999999999973,0.269999999999982,0.00999999999999091,0.954999999999984,0.920000000000016,0.0349999999999682
"C3-1",5.14513888888889,"19022017",5,1613,"1559",221,112,0.4,401.34,401.12,NA,2017-02-19 15:59:00,2017-02-14 12:30:00,"19022017",0.716,0.240000000000009,0.21999999999997,0.0200000000000387,1.19499999999999,1.13999999999999,0.0550000000000068
"C3-1",5.93194444444444,"20022017",6,1102,"1052",140,71.3,0.3,401.1,400.96,NA,2017-02-20 10:52:00,2017-02-14 12:30:00,"20022017",0.7375,0.160000000000025,0.140000000000043,0.0199999999999818,1.35500000000002,1.28000000000003,0.0749999999999886
"C3-1",7.13194444444444,"21022017",7,1550,"1540",85,43.9,0.3,400.93,400.82,NA,2017-02-21 15:40:00,2017-02-14 12:30:00,NA,NA,0.139999999999986,0.110000000000014,0.0299999999999727,1.495,1.39000000000004,0.104999999999961
"C3-1",8.19375,"22022017",8,1718,"1709",55,27.7,0.2,400.83,400.76,NA,2017-02-22 17:09:00,2017-02-14 12:30:00,NA,NA,0.0600000000000023,0.0699999999999932,-0.00999999999999091,1.55500000000001,1.46000000000004,0.0949999999999704
"C3-1",11.9569444444444,"26022017",12,1135,"1128",54,27.3,0.2,400.7,400.63,NA,2017-02-26 11:28:00,2017-02-14 12:30:00,NA,NA,0.129999999999995,0.0699999999999932,0.0600000000000023,1.685,1.53000000000003,0.154999999999973
"C3-1",20.9194444444444,"07032017",21,1042,"1034",41,21.5,0.1,400.5,400.45,NA,2017-03-07 10:34:00,2017-02-14 12:30:00,"07032017",0.6739,0.180000000000007,0.0500000000000114,0.129999999999995,1.86500000000001,1.58000000000004,0.284999999999968
"C3-1",30.96875,"17032017",31,1156,"1145",71,36.1,0.2,400.42,400.36,NA,2017-03-17 11:45:00,2017-02-14 12:30:00,NA,NA,0.089999999999975,0.0600000000000023,0.0299999999999727,1.95499999999998,1.64000000000004,0.314999999999941
"C3-1",50.8645833333333,"06042017",51,925,"0915",68,35.7,0.2,400.28,400.21,NA,2017-04-06 09:15:00,2017-02-14 12:30:00,NA,NA,0.150000000000034,0.0699999999999932,0.0800000000000409,2.10500000000002,1.71000000000004,0.394999999999982
"C3-1",60.9166666666667,"16042017",61,1043,"1030",35,18.5,0.1,400.15,400.13,NA,2017-04-16 10:30:00,2017-02-14 12:30:00,NA,NA,0.0799999999999841,0.0199999999999818,0.0600000000000023,2.185,1.73000000000002,0.454999999999984
"C3-2",0,"14022017",0,1230,"1230",0,0,0,404.115,404.115,NA,2017-02-14 12:30:00,2017-02-14 12:30:00,NA,NA,0,0,0,0,0,0
"C3-2",0.874305555555556,"15022017",1,949,"0929",167,85.9,0.2,404.09,403.89,NA,2017-02-15 09:29:00,2017-02-14 12:30:00,"15022017",0.4862,0.225000000000023,0.199999999999989,0.0250000000000341,0.225000000000023,0.199999999999989,0.0250000000000341
"C3-2",2.01388888888889,"16022017",2,1303,"1250",215,109.7,0.5,403.88,403.62,NA,2017-02-16 12:50:00,2017-02-14 12:30:00,"16022017",0.5553,0.269999999999982,0.259999999999991,0.00999999999999091,0.495000000000005,0.45999999999998,0.035000000000025
"C3-2",2.85,"17022017",3,909,"0854",167,86.7,0.4,403.63,403.44,NA,2017-02-17 08:54:00,2017-02-14 12:30:00,"17022017",0.6023,0.180000000000007,0.189999999999998,-0.00999999999999091,0.675000000000011,0.649999999999977,0.0250000000000341
"C3-2",4.15138888888889,"18022017",4,1619,"1608",273,140.9,0.5,403.44,403.17,NA,2017-02-18 16:08:00,2017-02-14 12:30:00,"18022017",0.7035,0.269999999999982,0.269999999999982,0,0.944999999999993,0.919999999999959,0.0250000000000341
"C3-2",5.14513888888889,"19022017",5,1613,"1559",236,121.5,0.4,403.16,402.93,NA,2017-02-19 15:59:00,2017-02-14 12:30:00,"19022017",0.7086,0.240000000000009,0.230000000000018,0.00999999999999091,1.185,1.14999999999998,0.035000000000025
"C3-2",5.93194444444444,"20022017",6,1102,"1052",180,93,0.3,402.92,402.76,NA,2017-02-20 10:52:00,2017-02-14 12:30:00,"20022017",0.7311,0.170000000000016,0.160000000000025,0.00999999999999091,1.35500000000002,1.31,0.0450000000000159
"C3-2",7.13194444444444,"21022017",7,1550,"1540",105,54.6,0.3,402.75,402.64,NA,2017-02-21 15:40:00,2017-02-14 12:30:00,NA,NA,0.120000000000005,0.110000000000014,0.00999999999999091,1.47500000000002,1.42000000000002,0.0550000000000068
"C3-2",8.19375,"22022017",8,1718,"1709",61,31.1,0.1,402.64,402.58,NA,2017-02-22 17:09:00,2017-02-14 12:30:00,NA,NA,0.0600000000000023,0.0600000000000023,0,1.53500000000003,1.48000000000002,0.0550000000000068
"C3-2",11.9569444444444,"26022017",12,1135,"1128",75,39.2,0.1,402.53,402.46,NA,2017-02-26 11:28:00,2017-02-14 12:30:00,NA,NA,0.120000000000005,0.0699999999999932,0.0500000000000114,1.65500000000003,1.55000000000001,0.105000000000018
"C3-2",20.9194444444444,"07032017",21,1042,"1034",50,26.7,0.3,402.32,402.27,NA,2017-03-07 10:34:00,2017-02-14 12:30:00,"07032017",0.6716,0.189999999999998,0.0500000000000114,0.139999999999986,1.84500000000003,1.60000000000002,0.245000000000005
"C3-2",30.96875,"17032017",31,1156,"1145",50,25.9,0.2,402.23,402.18,NA,2017-03-17 11:45:00,2017-02-14 12:30:00,NA,NA,0.089999999999975,0.0500000000000114,0.0399999999999636,1.935,1.65000000000003,0.284999999999968
"C3-2",50.8645833333333,"06042017",51,925,"0915",27,14.2,0.1,402.05,402.01,NA,2017-04-06 09:15:00,2017-02-14 12:30:00,NA,NA,0.170000000000016,0.0400000000000205,0.129999999999995,2.10500000000002,1.69000000000005,0.414999999999964
"C3-2",60.9166666666667,"16042017",61,1043,"1030",14,7.3,0.1,401.93,401.91,NA,2017-04-16 10:30:00,2017-02-14 12:30:00,NA,NA,0.0999999999999659,0.0199999999999818,0.0799999999999841,2.20499999999998,1.71000000000004,0.494999999999948
"C3-3",0,"14022017",0,1230,"1230",0,0,0,401.855,401.855,NA,2017-02-14 12:30:00,2017-02-14 12:30:00,NA,NA,0,0,0,0,0,0
"C3-3",0.874305555555556,"15022017",1,949,"0929",183,92.5,0.3,401.86,401.63,NA,2017-02-15 09:29:00,2017-02-14 12:30:00,"15022017",0.4329,0.225000000000023,0.230000000000018,-0.00499999999999545,0.225000000000023,0.230000000000018,-0.00499999999999545
"C3-3",2.01388888888889,"16022017",2,1303,"1250",214,106.1,0.5,401.63,401.38,NA,2017-02-16 12:50:00,2017-02-14 12:30:00,"16022017",0.565,0.25,0.25,0,0.475000000000023,0.480000000000018,-0.00499999999999545
"C3-3",2.85,"17022017",3,909,"0854",180,85.9,0.5,401.38,401.19,NA,2017-02-17 08:54:00,2017-02-14 12:30:00,"17022017",0.5868,0.189999999999998,0.189999999999998,0,0.66500000000002,0.670000000000016,-0.00499999999999545
"C3-3",4.15138888888889,"18022017",4,1619,"1608",263,134.2,0.5,401.18,400.92,NA,2017-02-18 16:08:00,2017-02-14 12:30:00,"18022017",0.6861,0.269999999999982,0.259999999999991,0.00999999999999091,0.935000000000002,0.930000000000007,0.00499999999999545
"C3-3",5.14513888888889,"19022017",5,1613,"1559",208,106.7,0.4,400.9,400.69,NA,2017-02-19 15:59:00,2017-02-14 12:30:00,"19022017",0.7228,0.230000000000018,0.20999999999998,0.0200000000000387,1.16500000000002,1.13999999999999,0.0250000000000341
"C3-3",5.93194444444444,"20022017",6,1102,"1052",149,74.2,0.1,400.68,400.54,NA,2017-02-20 10:52:00,2017-02-14 12:30:00,"20022017",0.7398,0.149999999999977,0.139999999999986,0.00999999999999091,1.315,1.27999999999997,0.035000000000025
"C3-3",7.13194444444444,"21022017",7,1550,"1540",75,37.4,0.2,400.49,400.41,NA,2017-02-21 15:40:00,2017-02-14 12:30:00,NA,NA,0.129999999999995,0.0799999999999841,0.0500000000000114,1.44499999999999,1.35999999999996,0.0850000000000364
"C3-3",8.19375,"22022017",8,1718,"1709",51,25.8,0.3,400.41,400.36,NA,2017-02-22 17:09:00,2017-02-14 12:30:00,NA,NA,0.0500000000000114,0.0500000000000114,0,1.495,1.40999999999997,0.0850000000000364
"C3-3",11.9569444444444,"26022017",12,1135,"1128",43,21.7,0.1,400.28,400.24,NA,2017-02-26 11:28:00,2017-02-14 12:30:00,NA,NA,0.120000000000005,0.0399999999999636,0.0800000000000409,1.61500000000001,1.44999999999993,0.165000000000077
"C3-3",20.9194444444444,"07032017",21,1042,"1034",74,37.9,0.2,400.14,400.08,NA,2017-03-07 10:34:00,2017-02-14 12:30:00,"07032017",0.6888,0.160000000000025,0.0600000000000023,0.100000000000023,1.77500000000003,1.50999999999993,0.2650000000001
"C3-3",30.96875,"17032017",31,1156,"1145",50,24.9,0.2,400.02,399.96,NA,2017-03-17 11:45:00,2017-02-14 12:30:00,NA,NA,0.120000000000005,0.0600000000000023,0.0600000000000023,1.89500000000004,1.56999999999994,0.325000000000102
"C3-3",50.8645833333333,"06042017",51,925,"0915",34,17.5,0,399.85,399.82,NA,2017-04-06 09:15:00,2017-02-14 12:30:00,NA,NA,0.139999999999986,0.0300000000000296,0.109999999999957,2.03500000000003,1.59999999999997,0.435000000000059
"C3-3",60.9166666666667,"16042017",61,1043,"1030",45,23.1,0.1,399.77,399.72,NA,2017-04-16 10:30:00,2017-02-14 12:30:00,NA,NA,0.0999999999999659,0.0499999999999545,0.0500000000000114,2.13499999999999,1.64999999999992,0.48500000000007
"C4-1",0,"14022017",0,1230,"1230",0,0,0,391.69,391.69,NA,2017-02-14 12:30:00,2017-02-14 12:30:00,NA,NA,0,0,0,0,0,0
"C4-1",0.874305555555556,"15022017",1,956,"0929",189,92.5,0.3,391.69,391.44,NA,2017-02-15 09:29:00,2017-02-14 12:30:00,"15022017",0.3782,0.25,0.25,0,0.25,0.25,0
"C4-1",2.01388888888889,"16022017",2,1309,"1250",199,100.5,0.5,391.44,391.23,NA,2017-02-16 12:50:00,2017-02-14 12:30:00,"16022017",0.5608,0.20999999999998,0.20999999999998,0,0.45999999999998,0.45999999999998,0
"C4-1",2.85,"17022017",3,915,"0854",183,87,0.1,391.23,391.03,NA,2017-02-17 08:54:00,2017-02-14 12:30:00,"17022017",0.6004,0.200000000000045,0.200000000000045,0,0.660000000000025,0.660000000000025,0
"C4-1",4.15138888888889,"18022017",4,1625,"1608",281,141.7,0.4,391.02,390.74,NA,2017-02-18 16:08:00,2017-02-14 12:30:00,"18022017",0.668,0.289999999999964,0.279999999999973,0.00999999999999091,0.949999999999989,0.939999999999998,0.00999999999999091
"C4-1",5.14513888888889,"19022017",5,1619,"1559",230,113.8,0.2,390.74,390.51,NA,2017-02-19 15:59:00,2017-02-14 12:30:00,"19022017",0.7031,0.230000000000018,0.230000000000018,0,1.18000000000001,1.17000000000002,0.00999999999999091
"C4-1",5.93194444444444,"20022017",6,1107,"1052",186,91.3,0.5,390.51,390.34,NA,2017-02-20 10:52:00,2017-02-14 12:30:00,"20022017",0.7284,0.170000000000016,0.170000000000016,0,1.35000000000002,1.34000000000003,0.00999999999999091
"C4-1",7.13194444444444,"21022017",7,1554,"1540",140,69,0,390.35,390.2,NA,2017-02-21 15:40:00,2017-02-14 12:30:00,NA,NA,0.139999999999986,0.150000000000034,-0.0100000000000477,1.49000000000001,1.49000000000007,-5.6843418860808e-14
"C4-1",9.11111111111111,"23022017",9,1518,"1510",97,47.4,0,390.2,390.11,NA,2017-02-23 15:10:00,2017-02-14 12:30:00,NA,NA,0.089999999999975,0.089999999999975,0,1.57999999999998,1.58000000000004,-5.6843418860808e-14
"C4-1",11.9569444444444,"26022017",12,1139,"1128",67,33.8,0.3,390.11,390.03,NA,2017-02-26 11:28:00,2017-02-14 12:30:00,NA,NA,0.0800000000000409,0.0800000000000409,0,1.66000000000003,1.66000000000008,-5.6843418860808e-14
"C4-1",16.1291666666667,"02032017",16,1536,"1536",81,40.9,0,390.03,389.94,NA,2017-03-02 15:36:00,2017-02-14 12:30:00,NA,NA,0.089999999999975,0.089999999999975,0,1.75,1.75000000000006,-5.6843418860808e-14
"C4-1",20.9194444444444,"07032017",21,1047,"1034",77,38.6,0.1,389.92,389.86,NA,2017-03-07 10:34:00,2017-02-14 12:30:00,"07032017",0.6724,0.0799999999999841,0.0600000000000023,0.0199999999999818,1.82999999999998,1.81000000000006,0.019999999999925
"C4-1",30.96875,"17032017",31,1202,"1145",105,51.2,0.4,389.87,389.74,NA,2017-03-17 11:45:00,2017-02-14 12:30:00,NA,NA,0.120000000000005,0.129999999999995,-0.00999999999999091,1.94999999999999,1.94000000000005,0.00999999999993406
"C4-1",41.8819444444444,"28032017",42,940,"0940",50,25.3,0.1,389.71,389.65,NA,2017-03-28 09:40:00,2017-02-14 12:30:00,NA,NA,0.0900000000000318,0.0600000000000023,0.0300000000000296,2.04000000000002,2.00000000000006,0.0399999999999636
"C4-1",50.8645833333333,"06042017",51,928,"0915",52,26.6,0,389.65,389.6,NA,2017-04-06 09:15:00,2017-02-14 12:30:00,NA,NA,0.0499999999999545,0.0499999999999545,0,2.08999999999997,2.05000000000001,0.0399999999999636
"C4-1",60.9166666666667,"16042017",61,1046,"1030",31,15.8,0.1,389.51,389.49,NA,2017-04-16 10:30:00,2017-02-14 12:30:00,NA,NA,0.110000000000014,0.0199999999999818,0.0900000000000318,2.19999999999999,2.06999999999999,0.129999999999995
"C4-2",0,"14022017",0,1230,"1230",0,0,0,377.52,377.52,NA,2017-02-14 12:30:00,2017-02-14 12:30:00,NA,NA,0,0,0,0,0,0
"C4-2",0.874305555555556,"15022017",1,956,"0929",177,85.8,0.3,377.5,377.3,NA,2017-02-15 09:29:00,2017-02-14 12:30:00,"15022017",0.4715,0.21999999999997,0.199999999999989,0.0199999999999818,0.21999999999997,0.199999999999989,0.0199999999999818
"C4-2",2.01388888888889,"16022017",2,1309,"1250",224,105.6,0.4,377.31,377.04,NA,2017-02-16 12:50:00,2017-02-14 12:30:00,"16022017",0.5377,0.259999999999991,0.269999999999982,-0.00999999999999091,0.479999999999961,0.46999999999997,0.00999999999999091
"C4-2",2.85,"17022017",3,915,"0854",167,79.6,0.5,377.03,376.86,NA,2017-02-17 08:54:00,2017-02-14 12:30:00,"17022017",0.5905,0.180000000000007,0.169999999999959,0.0100000000000477,0.659999999999968,0.63999999999993,0.0200000000000387
"C4-2",4.15138888888889,"18022017",4,1625,"1608",269,126.7,0.5,376.85,376.58,NA,2017-02-18 16:08:00,2017-02-14 12:30:00,"18022017",0.6804,0.28000000000003,0.270000000000039,0.00999999999999091,0.939999999999998,0.909999999999968,0.0300000000000296
"C4-2",5.14513888888889,"19022017",5,1619,"1559",210,99.2,0.4,376.55,376.35,NA,2017-02-19 15:59:00,2017-02-14 12:30:00,"19022017",0.7015,0.229999999999961,0.199999999999989,0.0299999999999727,1.16999999999996,1.10999999999996,0.0600000000000023
"C4-2",5.93194444444444,"20022017",6,1107,"1052",182,85,0.3,376.33,376.16,NA,2017-02-20 10:52:00,2017-02-14 12:30:00,"20022017",0.7284,0.189999999999998,0.169999999999959,0.0200000000000387,1.35999999999996,1.27999999999992,0.0800000000000409
"C4-2",7.13194444444444,"21022017",7,1554,"1540",118,56.2,0.4,376.17,376.07,NA,2017-02-21 15:40:00,2017-02-14 12:30:00,NA,NA,0.0900000000000318,0.100000000000023,-0.00999999999999091,1.44999999999999,1.37999999999994,0.07000000000005
"C4-2",9.11111111111111,"23022017",9,1518,"1510",97,45.7,0.2,376.05,375.96,NA,2017-02-23 15:10:00,2017-02-14 12:30:00,NA,NA,0.110000000000014,0.0900000000000318,0.0199999999999818,1.56,1.46999999999997,0.0900000000000318
"C4-2",11.9569444444444,"26022017",12,1139,"1128",75,35.2,0,375.95,375.88,NA,2017-02-26 11:28:00,2017-02-14 12:30:00,NA,NA,0.0799999999999841,0.0699999999999932,0.00999999999999091,1.63999999999999,1.53999999999996,0.100000000000023
"C4-2",16.1291666666667,"02032017",16,1536,"1536",75,35.3,0.3,375.87,375.79,NA,2017-03-02 15:36:00,2017-02-14 12:30:00,NA,NA,0.089999999999975,0.0799999999999841,0.00999999999999091,1.72999999999996,1.61999999999995,0.110000000000014
"C4-2",20.9194444444444,"07032017",21,1047,"1034",75,35.6,0.2,375.77,375.69,NA,2017-03-07 10:34:00,2017-02-14 12:30:00,"07032017",0.6737,0.100000000000023,0.0799999999999841,0.0200000000000387,1.82999999999998,1.69999999999993,0.130000000000052
"C4-2",30.96875,"17032017",31,1202,"1145",78,35.6,0.2,375.66,375.6,NA,2017-03-17 11:45:00,2017-02-14 12:30:00,NA,NA,0.089999999999975,0.0600000000000023,0.0299999999999727,1.91999999999996,1.75999999999993,0.160000000000025
"C4-2",41.8819444444444,"28032017",42,940,"0940",57,27.9,0.1,375.56,375.52,NA,2017-03-28 09:40:00,2017-02-14 12:30:00,NA,NA,0.0800000000000409,0.0400000000000205,0.0400000000000205,2,1.79999999999995,0.200000000000045
"C4-2",50.8645833333333,"06042017",51,928,"0915",51,25.1,0.2,375.5,375.45,NA,2017-04-06 09:15:00,2017-02-14 12:30:00,NA,NA,0.0699999999999932,0.0500000000000114,0.0199999999999818,2.06999999999999,1.84999999999997,0.220000000000027
"C4-2",60.9166666666667,"16042017",61,1046,"1030",45,22.2,0,375.4,375.37,NA,2017-04-16 10:30:00,2017-02-14 12:30:00,NA,NA,0.0799999999999841,0.0299999999999727,0.0500000000000114,2.14999999999998,1.87999999999994,0.270000000000039
"C4-3",0,"14022017",0,1230,"1230",0,0,0,400.185,400.185,NA,2017-02-14 12:30:00,2017-02-14 12:30:00,NA,NA,0,0,0,0,0,0
"C4-3",0.874305555555556,"15022017",1,956,"0929",182,92.4,0.3,400.19,399.95,NA,2017-02-15 09:29:00,2017-02-14 12:30:00,"15022017",0.4739,0.235000000000014,0.240000000000009,-0.00499999999999545,0.235000000000014,0.240000000000009,-0.00499999999999545
"C4-3",2.01388888888889,"16022017",2,1309,"1250",209,106.5,0.4,399.96,399.71,NA,2017-02-16 12:50:00,2017-02-14 12:30:00,"16022017",0.5521,0.240000000000009,0.25,-0.00999999999999091,0.475000000000023,0.490000000000009,-0.0149999999999864
"C4-3",2.85,"17022017",3,915,"0854",169,86.3,0.4,399.71,399.53,NA,2017-02-17 08:54:00,2017-02-14 12:30:00,"17022017",0.5971,0.180000000000007,0.180000000000007,0,0.65500000000003,0.670000000000016,-0.0149999999999864
"C4-3",4.15138888888889,"18022017",4,1625,"1608",269,137.7,0.3,399.52,399.26,NA,2017-02-18 16:08:00,2017-02-14 12:30:00,"18022017",0.6871,0.269999999999982,0.259999999999991,0.00999999999999091,0.925000000000011,0.930000000000007,-0.00499999999999545
"C4-3",5.14513888888889,"19022017",5,1619,"1559",234,118.7,0.3,399.25,399.02,NA,2017-02-19 15:59:00,2017-02-14 12:30:00,"19022017",0.7044,0.240000000000009,0.230000000000018,0.00999999999999091,1.16500000000002,1.16000000000003,0.00499999999999545
"C4-3",5.93194444444444,"20022017",6,1107,"1052",175,87.8,0.3,399.01,398.85,NA,2017-02-20 10:52:00,2017-02-14 12:30:00,"20022017",0.7295,0.169999999999959,0.159999999999968,0.00999999999999091,1.33499999999998,1.31999999999999,0.0149999999999864
"C4-3",7.13194444444444,"21022017",7,1554,"1540",105,53.2,0.3,398.85,398.74,NA,2017-02-21 15:40:00,2017-02-14 12:30:00,NA,NA,0.110000000000014,0.110000000000014,0,1.44499999999999,1.43000000000001,0.0149999999999864
"C4-3",9.11111111111111,"23022017",9,1518,"1510",80,40.3,0.3,398.72,398.64,NA,2017-02-23 15:10:00,2017-02-14 12:30:00,NA,NA,0.100000000000023,0.0800000000000409,0.0199999999999818,1.54500000000002,1.51000000000005,0.0349999999999682
"C4-3",11.9569444444444,"26022017",12,1139,"1128",55,28.3,0.2,398.61,398.55,NA,2017-02-26 11:28:00,2017-02-14 12:30:00,NA,NA,0.089999999999975,0.0600000000000023,0.0299999999999727,1.63499999999999,1.57000000000005,0.0649999999999409
"C4-3",16.1291666666667,"02032017",16,1536,"1536",55,27.8,0.4,398.52,398.46,NA,2017-03-02 15:36:00,2017-02-14 12:30:00,NA,NA,0.0900000000000318,0.0600000000000023,0.0300000000000296,1.72500000000002,1.63000000000005,0.0949999999999704
"C4-3",20.9194444444444,"07032017",21,1047,"1034",45,23.1,0.3,398.41,398.37,NA,2017-03-07 10:34:00,2017-02-14 12:30:00,"07032017",0.662,0.089999999999975,0.0400000000000205,0.0499999999999545,1.815,1.67000000000007,0.144999999999925
"C4-3",30.96875,"17032017",31,1202,"1145",35,17.1,0.1,398.3,398.25,NA,2017-03-17 11:45:00,2017-02-14 12:30:00,NA,NA,0.120000000000005,0.0500000000000114,0.0699999999999932,1.935,1.72000000000008,0.214999999999918
"C4-3",41.8819444444444,"28032017",42,940,"0940",27,14.1,0.1,398.22,398.2,NA,2017-03-28 09:40:00,2017-02-14 12:30:00,NA,NA,0.0500000000000114,0.0200000000000387,0.0299999999999727,1.98500000000001,1.74000000000012,0.244999999999891
"C4-3",50.8645833333333,"06042017",51,928,"0915",39,20.1,0.1,398.15,398.11,NA,2017-04-06 09:15:00,2017-02-14 12:30:00,NA,NA,0.089999999999975,0.0399999999999636,0.0500000000000114,2.07499999999999,1.78000000000009,0.294999999999902
"C4-3",60.9166666666667,"16042017",61,1046,"1030",20,10.7,0.1,398.04,398.01,NA,2017-04-16 10:30:00,2017-02-14 12:30:00,NA,NA,0.100000000000023,0.0300000000000296,0.0699999999999932,2.17500000000001,1.81000000000012,0.364999999999895
"C5-1",0,"14022017",0,1230,"1230",0,0,0,398.945,398.945,NA,2017-02-14 12:30:00,2017-02-14 12:30:00,NA,NA,0,0,0,0,0,0
"C5-1",0.874305555555556,"15022017",1,1002,"0929",192,94.8,0.2,398.92,398.7,NA,2017-02-15 09:29:00,2017-02-14 12:30:00,"15022017",0.3783,0.245000000000005,0.220000000000027,0.0249999999999773,0.245000000000005,0.220000000000027,0.0249999999999773
"C5-1",2.01388888888889,"16022017",2,1314,"1250",200,102.8,0.4,398.7,398.47,NA,2017-02-16 12:50:00,2017-02-14 12:30:00,"16022017",0.5693,0.229999999999961,0.229999999999961,0,0.474999999999966,0.449999999999989,0.0249999999999773
"C5-1",2.85,"17022017",3,920,"0854",179,89.7,0.4,398.48,398.26,NA,2017-02-17 08:54:00,2017-02-14 12:30:00,"17022017",0.603,0.210000000000036,0.220000000000027,-0.00999999999999091,0.685000000000002,0.670000000000016,0.0149999999999864
"C5-1",4.15138888888889,"18022017",4,1631,"1608",258,128.5,0.3,398.25,397.98,NA,2017-02-18 16:08:00,2017-02-14 12:30:00,"18022017",0.6857,0.279999999999973,0.269999999999982,0.00999999999999091,0.964999999999975,0.939999999999998,0.0249999999999773
"C5-1",5.14513888888889,"19022017",5,1624,"1559",212,106.7,0.2,397.97,397.76,NA,2017-02-19 15:59:00,2017-02-14 12:30:00,"19022017",0.7027,0.220000000000027,0.210000000000036,0.00999999999999091,1.185,1.15000000000003,0.0349999999999682
"C5-1",5.93194444444444,"20022017",6,1112,"1052",166,82.4,0.3,397.75,397.58,NA,2017-02-20 10:52:00,2017-02-14 12:30:00,"20022017",0.7264,0.180000000000007,0.170000000000016,0.00999999999999091,1.36500000000001,1.32000000000005,0.0449999999999591
"C5-1",7.13194444444444,"21022017",7,1557,"1540",92,46.4,0.3,397.58,397.49,NA,2017-02-21 15:40:00,2017-02-14 12:30:00,NA,NA,0.089999999999975,0.089999999999975,0,1.45499999999998,1.41000000000003,0.0449999999999591
"C5-1",9.11111111111111,"23022017",9,1523,"1510",71,35.5,0.2,397.47,397.4,NA,2017-02-23 15:10:00,2017-02-14 12:30:00,NA,NA,0.0900000000000318,0.07000000000005,0.0199999999999818,1.54500000000002,1.48000000000008,0.0649999999999409
"C5-1",20.9194444444444,"07032017",21,1051,"1034",49,24.7,0.1,397.18,397.14,NA,2017-03-07 10:34:00,2017-02-14 12:30:00,"07032017",0.6709,0.259999999999991,0.0400000000000205,0.21999999999997,1.80500000000001,1.5200000000001,0.284999999999911
"C5-1",30.96875,"17032017",31,1209,"1145",35,16.4,0.2,397.09,397.04,NA,2017-03-17 11:45:00,2017-02-14 12:30:00,NA,NA,0.0999999999999659,0.0499999999999545,0.0500000000000114,1.90499999999997,1.57000000000005,0.334999999999923
"C5-1",50.8645833333333,"06042017",51,932,"0915",31,16.3,0.2,396.91,396.88,NA,2017-04-06 09:15:00,2017-02-14 12:30:00,NA,NA,0.160000000000025,0.0300000000000296,0.129999999999995,2.065,1.60000000000008,0.464999999999918
"C5-1",60.9166666666667,"16042017",61,1050,"1030",22,11.3,0.2,396.82,396.79,NA,2017-04-16 10:30:00,2017-02-14 12:30:00,NA,NA,0.089999999999975,0.0299999999999727,0.0600000000000023,2.15499999999997,1.63000000000005,0.52499999999992
"C5-2",0,"14022017",0,1230,"1230",0,0,0,407.235,407.235,NA,2017-02-14 12:30:00,2017-02-14 12:30:00,NA,NA,0,0,0,0,0,0
"C5-2",0.874305555555556,"15022017",1,1002,"0929",190,95.9,0.2,407.22,407,NA,2017-02-15 09:29:00,2017-02-14 12:30:00,"15022017",0.4348,0.235000000000014,0.220000000000027,0.0149999999999864,0.235000000000014,0.220000000000027,0.0149999999999864
"C5-2",2.01388888888889,"16022017",2,1314,"1250",210,111.1,0.4,407,406.75,NA,2017-02-16 12:50:00,2017-02-14 12:30:00,"16022017",0.5595,0.25,0.25,0,0.485000000000014,0.470000000000027,0.0149999999999864
"C5-2",2.85,"17022017",3,920,"0854",183,94.2,0.5,406.76,406.54,NA,2017-02-17 08:54:00,2017-02-14 12:30:00,"17022017",0.6005,0.20999999999998,0.21999999999997,-0.00999999999999091,0.694999999999993,0.689999999999998,0.00499999999999545
"C5-2",4.15138888888889,"18022017",4,1631,"1608",278,144.6,0.5,406.54,406.27,NA,2017-02-18 16:08:00,2017-02-14 12:30:00,"18022017",0.6853,0.270000000000039,0.270000000000039,0,0.965000000000032,0.960000000000036,0.00499999999999545
"C5-2",5.14513888888889,"19022017",5,1624,"1559",223,115.5,0.2,406.25,406.02,NA,2017-02-19 15:59:00,2017-02-14 12:30:00,"19022017",0.6998,0.25,0.230000000000018,0.0199999999999818,1.21500000000003,1.19000000000005,0.0249999999999773
"C5-2",5.93194444444444,"20022017",6,1112,"1052",195,97.9,0.4,406.01,405.82,NA,2017-02-20 10:52:00,2017-02-14 12:30:00,"20022017",0.7212,0.199999999999989,0.189999999999998,0.00999999999999091,1.41500000000002,1.38000000000005,0.0349999999999682
"C5-2",7.13194444444444,"21022017",7,1557,"1540",80,39.6,0.3,405.79,405.72,NA,2017-02-21 15:40:00,2017-02-14 12:30:00,NA,NA,0.0999999999999659,0.0699999999999932,0.0299999999999727,1.51499999999999,1.45000000000005,0.0649999999999409
"C5-2",9.11111111111111,"23022017",9,1523,"1510",64,33.1,0.2,405.68,405.62,NA,2017-02-23 15:10:00,2017-02-14 12:30:00,NA,NA,0.100000000000023,0.0600000000000023,0.0400000000000205,1.61500000000001,1.51000000000005,0.104999999999961
"C5-2",20.9194444444444,"07032017",21,1051,"1034",114,60.4,0.4,405.47,405.36,NA,2017-03-07 10:34:00,2017-02-14 12:30:00,"07032017",0.6961,0.259999999999991,0.110000000000014,0.149999999999977,1.875,1.62000000000006,0.254999999999939
"C5-2",30.96875,"17032017",31,1209,"1145",112,54,0.2,405.36,405.24,NA,2017-03-17 11:45:00,2017-02-14 12:30:00,NA,NA,0.120000000000005,0.120000000000005,0,1.995,1.74000000000007,0.254999999999939
"C5-2",50.8645833333333,"06042017",51,932,"0915",124,66.1,0.1,405.23,405.11,NA,2017-04-06 09:15:00,2017-02-14 12:30:00,NA,NA,0.129999999999995,0.120000000000005,0.00999999999999091,2.125,1.86000000000007,0.26499999999993
"C5-2",60.9166666666667,"16042017",61,1050,"1030",61,32.4,0.1,404.97,404.86,NA,2017-04-16 10:30:00,2017-02-14 12:30:00,NA,NA,0.25,0.110000000000014,0.139999999999986,2.375,1.97000000000008,0.404999999999916
"C5-3",0,"14022017",0,1230,"1230",0,0,0,399.38,399.38,NA,2017-02-14 12:30:00,2017-02-14 12:30:00,NA,NA,0,0,0,0,0,0
"C5-3",0.874305555555556,"15022017",1,1002,"0929",191,91.8,0.1,399.36,399.13,NA,2017-02-15 09:29:00,2017-02-14 12:30:00,"15022017",0.3329,0.25,0.230000000000018,0.0199999999999818,0.25,0.230000000000018,0.0199999999999818
"C5-3",2.01388888888889,"16022017",2,1314,"1250",194,98.8,0.5,399.14,398.92,NA,2017-02-16 12:50:00,2017-02-14 12:30:00,"16022017",0.5606,0.20999999999998,0.21999999999997,-0.00999999999999091,0.45999999999998,0.449999999999989,0.00999999999999091
"C5-3",2.85,"17022017",3,920,"0854",172,87,0.3,398.93,398.73,NA,2017-02-17 08:54:00,2017-02-14 12:30:00,"17022017",0.6007,0.189999999999998,0.199999999999989,-0.00999999999999091,0.649999999999977,0.649999999999977,0
"C5-3",4.15138888888889,"18022017",4,1631,"1608",259,130,0.4,398.72,398.44,NA,2017-02-18 16:08:00,2017-02-14 12:30:00,"18022017",0.6666,0.29000000000002,0.28000000000003,0.00999999999999091,0.939999999999998,0.930000000000007,0.00999999999999091
"C5-3",5.14513888888889,"19022017",5,1624,"1559",224,112.7,0.4,398.44,398.23,NA,2017-02-19 15:59:00,2017-02-14 12:30:00,"19022017",0.7004,0.20999999999998,0.20999999999998,0,1.14999999999998,1.13999999999999,0.00999999999999091
"C5-3",5.93194444444444,"20022017",6,1112,"1052",176,88,0.4,398.22,398.05,NA,2017-02-20 10:52:00,2017-02-14 12:30:00,"20022017",0.7235,0.180000000000007,0.170000000000016,0.00999999999999091,1.32999999999998,1.31,0.0199999999999818
"C5-3",7.13194444444444,"21022017",7,1557,"1540",118,59.4,0.2,398.05,397.93,NA,2017-02-21 15:40:00,2017-02-14 12:30:00,NA,NA,0.120000000000005,0.120000000000005,0,1.44999999999999,1.43000000000001,0.0199999999999818
"C5-3",9.11111111111111,"23022017",9,1523,"1510",71,36,0.3,397.91,397.84,NA,2017-02-23 15:10:00,2017-02-14 12:30:00,NA,NA,0.0900000000000318,0.07000000000005,0.0199999999999818,1.54000000000002,1.50000000000006,0.0399999999999636
"C5-3",20.9194444444444,"07032017",21,1051,"1034",65,32.4,0.2,397.65,397.58,NA,2017-03-07 10:34:00,2017-02-14 12:30:00,"07032017",0.6831,0.259999999999991,0.0699999999999932,0.189999999999998,1.80000000000001,1.57000000000005,0.229999999999961
"C5-3",30.96875,"17032017",31,1209,"1145",45,20.5,0.1,397.52,397.5,NA,2017-03-17 11:45:00,2017-02-14 12:30:00,NA,NA,0.0799999999999841,0.0199999999999818,0.0600000000000023,1.88,1.59000000000003,0.289999999999964
"C5-3",50.8645833333333,"06042017",51,932,"0915",45,25,0.1,397.39,397.34,NA,2017-04-06 09:15:00,2017-02-14 12:30:00,NA,NA,0.160000000000025,0.0500000000000114,0.110000000000014,2.04000000000002,1.64000000000004,0.399999999999977
"C5-3",60.9166666666667,"16042017",61,1050,"1030",22,11.4,0.1,397.28,397.22,NA,2017-04-16 10:30:00,2017-02-14 12:30:00,NA,NA,0.119999999999948,0.0599999999999454,0.0600000000000023,2.15999999999997,1.69999999999999,0.45999999999998
"C6-1",0,"14022017",0,1230,"1230",0,0,0,390.92,390.92,NA,2017-02-14 12:30:00,2017-02-14 12:30:00,NA,NA,0,0,0,0,0,0
"C6-1",0.874305555555556,"15022017",1,1009,"0929",168,79.2,0.3,390.87,390.66,NA,2017-02-15 09:29:00,2017-02-14 12:30:00,"15022017",0.2484,0.259999999999991,0.20999999999998,0.0500000000000114,0.259999999999991,0.20999999999998,0.0500000000000114
"C6-1",2.01388888888889,"16022017",2,1320,"1250",179,89.8,0.5,390.64,390.43,NA,2017-02-16 12:50:00,2017-02-14 12:30:00,"16022017",0.5579,0.230000000000018,0.20999999999998,0.0200000000000387,0.490000000000009,0.419999999999959,0.07000000000005
"C6-1",2.85,"17022017",3,926,"0854",165,82.9,0.3,390.42,390.23,NA,2017-02-17 08:54:00,2017-02-14 12:30:00,"17022017",0.6011,0.199999999999989,0.189999999999998,0.00999999999999091,0.689999999999998,0.609999999999957,0.0800000000000409
"C6-1",4.15138888888889,"18022017",4,1637,"1608",185,93.4,0.3,390.14,389.94,NA,2017-02-18 16:08:00,2017-02-14 12:30:00,"18022017",0.6659,0.29000000000002,0.199999999999989,0.0900000000000318,0.980000000000018,0.809999999999945,0.170000000000073
"C6-1",5.14513888888889,"19022017",5,1628,"1559",170,85.6,0.3,389.88,389.7,NA,2017-02-19 15:59:00,2017-02-14 12:30:00,"19022017",0.7095,0.240000000000009,0.180000000000007,0.0600000000000023,1.22000000000003,0.989999999999952,0.230000000000075
"C6-1",5.93194444444444,"20022017",6,1117,"1052",130,64.7,0.3,389.67,389.54,NA,2017-02-20 10:52:00,2017-02-14 12:30:00,"20022017",0.7323,0.159999999999968,0.129999999999995,0.0299999999999727,1.38,1.11999999999995,0.260000000000048
"C6-1",7.13194444444444,"21022017",7,1601,"1540",66,32.6,0.2,389.5,389.44,NA,2017-02-21 15:40:00,2017-02-14 12:30:00,NA,NA,0.100000000000023,0.0600000000000023,0.0400000000000205,1.48000000000002,1.17999999999995,0.300000000000068
"C6-1",9.11111111111111,"23022017",9,1527,"1510",50,24.2,0.1,389.39,389.35,NA,2017-02-23 15:10:00,2017-02-14 12:30:00,NA,NA,0.089999999999975,0.0399999999999636,0.0500000000000114,1.56999999999999,1.21999999999991,0.35000000000008
"C6-1",15.2194444444444,"01032017",15,1746,"1746",89,43.9,0.2,389.29,389.2,NA,2017-03-01 17:46:00,2017-02-14 12:30:00,NA,NA,0.150000000000034,0.0900000000000318,0.0600000000000023,1.72000000000003,1.30999999999995,0.410000000000082
"C6-1",20.9194444444444,"07032017",21,1059,"1034",75,37.2,0.3,389.17,389.1,NA,2017-03-07 10:34:00,2017-02-14 12:30:00,"07032017",0.6901,0.0999999999999659,0.0699999999999932,0.0299999999999727,1.81999999999999,1.37999999999994,0.440000000000055
"C6-1",30.96875,"17032017",31,1220,"1145",41,18.7,0.2,389.03,388.98,NA,2017-03-17 11:45:00,2017-02-14 12:30:00,NA,NA,0.120000000000005,0.0499999999999545,0.07000000000005,1.94,1.42999999999989,0.510000000000105
"C6-1",50.8645833333333,"06042017",51,935,"0915",15,7.6,0.2,388.86,388.84,NA,2017-04-06 09:15:00,2017-02-14 12:30:00,NA,NA,0.140000000000043,0.0200000000000387,0.120000000000005,2.08000000000004,1.44999999999993,0.630000000000109
"C6-1",60.9166666666667,"16042017",61,1054,"1030",8,4,0.1,388.77,388.71,NA,2017-04-16 10:30:00,2017-02-14 12:30:00,NA,NA,0.129999999999995,0.0600000000000023,0.0699999999999932,2.21000000000004,1.50999999999993,0.700000000000102
"C6-2",0,"14022017",0,1230,"1230",0,0,0,393.73,393.73,NA,2017-02-14 12:30:00,2017-02-14 12:30:00,NA,NA,0,0,0,0,0,0
"C6-2",0.874305555555556,"15022017",1,1009,"0929",186,91.7,0.4,393.72,393.48,NA,2017-02-15 09:29:00,2017-02-14 12:30:00,"15022017",0.4412,0.25,0.240000000000009,0.00999999999999091,0.25,0.240000000000009,0.00999999999999091
"C6-2",2.01388888888889,"16022017",2,1320,"1250",219,104.5,0.3,393.49,393.24,NA,2017-02-16 12:50:00,2017-02-14 12:30:00,"16022017",0.5143,0.240000000000009,0.25,-0.00999999999999091,0.490000000000009,0.490000000000009,0
"C6-2",2.85,"17022017",3,926,"0854",159,76.5,0.5,393.23,393.06,NA,2017-02-17 08:54:00,2017-02-14 12:30:00,"17022017",0.5829,0.180000000000007,0.170000000000016,0.00999999999999091,0.670000000000016,0.660000000000025,0.00999999999999091
"C6-2",4.15138888888889,"18022017",4,1637,"1608",257,126.3,0.3,393.06,392.8,NA,2017-02-18 16:08:00,2017-02-14 12:30:00,"18022017",0.6616,0.259999999999991,0.259999999999991,0,0.930000000000007,0.920000000000016,0.00999999999999091
"C6-2",5.14513888888889,"19022017",5,1628,"1559",221,108.5,0.3,392.8,392.59,NA,2017-02-19 15:59:00,2017-02-14 12:30:00,"19022017",0.7008,0.210000000000036,0.210000000000036,0,1.14000000000004,1.13000000000005,0.00999999999999091
"C6-2",5.93194444444444,"20022017",6,1117,"1052",178,86.3,0.2,392.59,392.42,NA,2017-02-20 10:52:00,2017-02-14 12:30:00,"20022017",0.7308,0.169999999999959,0.169999999999959,0,1.31,1.30000000000001,0.00999999999999091
"C6-2",7.13194444444444,"21022017",7,1601,"1540",134,66.1,0.5,392.43,392.31,NA,2017-02-21 15:40:00,2017-02-14 12:30:00,NA,NA,0.110000000000014,0.120000000000005,-0.00999999999999091,1.42000000000002,1.42000000000002,0
"C6-2",9.11111111111111,"23022017",9,1527,"1510",98,48.2,0.1,392.31,392.22,NA,2017-02-23 15:10:00,2017-02-14 12:30:00,NA,NA,0.089999999999975,0.089999999999975,0,1.50999999999999,1.50999999999999,0
"C6-2",15.2194444444444,"01032017",15,1746,"1746",129,63.2,0.3,392.2,392.08,NA,2017-03-01 17:46:00,2017-02-14 12:30:00,NA,NA,0.140000000000043,0.120000000000005,0.0200000000000387,1.65000000000003,1.63,0.0200000000000387
"C6-2",20.9194444444444,"07032017",21,1059,"1034",89,43.6,0.2,392.07,391.97,NA,2017-03-07 10:34:00,2017-02-14 12:30:00,"07032017",0.6808,0.109999999999957,0.0999999999999659,0.00999999999999091,1.75999999999999,1.72999999999996,0.0300000000000296
"C6-2",30.96875,"17032017",31,1220,"1145",104,46.3,0.2,391.97,391.86,NA,2017-03-17 11:45:00,2017-02-14 12:30:00,NA,NA,0.110000000000014,0.110000000000014,0,1.87,1.83999999999997,0.0300000000000296
"C6-2",50.8645833333333,"06042017",51,935,"0915",115,58.1,0.2,391.86,391.74,NA,2017-04-06 09:15:00,2017-02-14 12:30:00,NA,NA,0.120000000000005,0.120000000000005,0,1.99000000000001,1.95999999999998,0.0300000000000296
"C6-2",60.9166666666667,"16042017",61,1054,"1030",53,26.8,0.1,391.69,391.63,NA,2017-04-16 10:30:00,2017-02-14 12:30:00,NA,NA,0.110000000000014,0.0600000000000023,0.0500000000000114,2.10000000000002,2.01999999999998,0.0800000000000409
"C6-3",0,"14022017",0,1230,"1230",0,0,0,396.75,396.75,NA,2017-02-14 12:30:00,2017-02-14 12:30:00,NA,NA,0,0,0,0,0,0
"C6-3",0.874305555555556,"15022017",1,1009,"0929",187,91.6,0.2,396.74,396.51,NA,2017-02-15 09:29:00,2017-02-14 12:30:00,"15022017",0.4405,0.240000000000009,0.230000000000018,0.00999999999999091,0.240000000000009,0.230000000000018,0.00999999999999091
"C6-3",2.01388888888889,"16022017",2,1320,"1250",206,102.9,0.4,396.52,396.28,NA,2017-02-16 12:50:00,2017-02-14 12:30:00,"16022017",0.5468,0.230000000000018,0.240000000000009,-0.00999999999999091,0.470000000000027,0.470000000000027,0
"C6-3",2.85,"17022017",3,926,"0854",181,83.2,0.2,396.28,396.07,NA,2017-02-17 08:54:00,2017-02-14 12:30:00,"17022017",0.562,0.20999999999998,0.20999999999998,0,0.680000000000007,0.680000000000007,0
"C6-3",4.15138888888889,"18022017",4,1637,"1608",253,124.8,0.5,396.07,395.8,NA,2017-02-18 16:08:00,2017-02-14 12:30:00,"18022017",0.6657,0.269999999999982,0.269999999999982,0,0.949999999999989,0.949999999999989,0
"C6-3",5.14513888888889,"19022017",5,1628,"1559",216,106.8,0.5,395.81,395.6,NA,2017-02-19 15:59:00,2017-02-14 12:30:00,"19022017",0.7201,0.199999999999989,0.20999999999998,-0.00999999999999091,1.14999999999998,1.15999999999997,-0.00999999999999091
"C6-3",5.93194444444444,"20022017",6,1117,"1052",177,86.5,0.3,395.6,395.43,NA,2017-02-20 10:52:00,2017-02-14 12:30:00,"20022017",0.7313,0.170000000000016,0.170000000000016,0,1.31999999999999,1.32999999999998,-0.00999999999999091
"C6-3",7.13194444444444,"21022017",7,1601,"1540",139,68.5,0.1,395.44,395.31,NA,2017-02-21 15:40:00,2017-02-14 12:30:00,NA,NA,0.120000000000005,0.129999999999995,-0.00999999999999091,1.44,1.45999999999998,-0.0199999999999818
"C6-3",9.11111111111111,"23022017",9,1527,"1510",92,45.2,0.1,395.32,395.22,NA,2017-02-23 15:10:00,2017-02-14 12:30:00,NA,NA,0.089999999999975,0.0999999999999659,-0.00999999999999091,1.52999999999997,1.55999999999995,-0.0299999999999727
"C6-3",15.2194444444444,"01032017",15,1746,"1746",120,58.9,0.1,395.19,395.08,NA,2017-03-01 17:46:00,2017-02-14 12:30:00,NA,NA,0.140000000000043,0.110000000000014,0.0300000000000296,1.67000000000002,1.66999999999996,5.6843418860808e-14
"C6-3",20.9194444444444,"07032017",21,1059,"1034",71,35.2,0.3,395.04,394.97,NA,2017-03-07 10:34:00,2017-02-14 12:30:00,"07032017",0.6777,0.109999999999957,0.0699999999999932,0.0399999999999636,1.77999999999997,1.73999999999995,0.0400000000000205
"C6-3",30.96875,"17032017",31,1220,"1145",80,36.3,0.3,394.93,394.85,NA,2017-03-17 11:45:00,2017-02-14 12:30:00,NA,NA,0.120000000000005,0.0799999999999841,0.0400000000000205,1.89999999999998,1.81999999999994,0.0800000000000409
"C6-3",50.8645833333333,"06042017",51,935,"0915",112,57.5,0.2,394.85,394.73,NA,2017-04-06 09:15:00,2017-02-14 12:30:00,NA,NA,0.120000000000005,0.120000000000005,0,2.01999999999998,1.93999999999994,0.0800000000000409
"C6-3",60.9166666666667,"16042017",61,1054,"1030",54,27.3,0.2,394.68,394.61,NA,2017-04-16 10:30:00,2017-02-14 12:30:00,NA,NA,0.120000000000005,0.0699999999999932,0.0500000000000114,2.13999999999999,2.00999999999993,0.130000000000052
"E1",0,"14022017",0,1230,"1230",0,0,0,357.05,357.05,NA,2017-02-14 12:30:00,2017-02-14 12:30:00,NA,NA,0,0,0,0,0,0
"E1",0.874305555555556,"15022017",1,1034,"0929",74,32.4,0.1,357.03,356.96,NA,2017-02-15 09:29:00,2017-02-14 12:30:00,"15022017",0.5163,0.0900000000000318,0.0699999999999932,0.0200000000000387,0.0900000000000318,0.0699999999999932,0.0200000000000387
"E1",2.01388888888889,"16022017",2,1340,"1250",84,36.5,0.3,356.99,356.87,NA,2017-02-16 12:50:00,2017-02-14 12:30:00,NA,NA,0.089999999999975,0.120000000000005,-0.0300000000000296,0.180000000000007,0.189999999999998,-0.00999999999999091
"E1",2.85,"17022017",3,951,"0854",71,30.1,0.3,356.88,356.8,NA,2017-02-17 08:54:00,2017-02-14 12:30:00,"17022017",0.7067,0.0699999999999932,0.0799999999999841,-0.00999999999999091,0.25,0.269999999999982,-0.0199999999999818
"E1",4.15138888888889,"18022017",4,1702,"1608",165,70.7,0.1,356.82,356.65,NA,2017-02-18 16:08:00,2017-02-14 12:30:00,"18022017",0.7518,0.150000000000034,0.170000000000016,-0.0199999999999818,0.400000000000034,0.439999999999998,-0.0399999999999636
"E1",5.14513888888889,"19022017",5,1647,"1559",175,75,0.2,356.63,356.48,NA,2017-02-19 15:59:00,2017-02-14 12:30:00,"19022017",0.7432,0.169999999999959,0.149999999999977,0.0199999999999818,0.569999999999993,0.589999999999975,-0.0199999999999818
"E1",5.93194444444444,"20022017",6,1135,"1052",110,46.9,0.4,356.48,356.38,NA,2017-02-20 10:52:00,2017-02-14 12:30:00,"20022017",0.7505,0.100000000000023,0.100000000000023,0,0.670000000000016,0.689999999999998,-0.0199999999999818
"E1",9.11111111111111,"23022017",9,1542,"1510",53,21.8,0.1,356.38,356.32,NA,2017-02-23 15:10:00,2017-02-14 12:30:00,NA,NA,0.0600000000000023,0.0600000000000023,0,0.730000000000018,0.75,-0.0199999999999818
"E1",20.9194444444444,"07032017",21,1115,"1034",48,20.1,0.1,356.29,356.24,NA,2017-03-07 10:34:00,2017-02-14 12:30:00,"07032017",0.7328,0.0799999999999841,0.0500000000000114,0.0299999999999727,0.810000000000002,0.800000000000011,0.00999999999999091
"E1",60.9166666666667,"16042017",61,1109,"1030",52,22.7,0.2,356.18,356.13,NA,2017-04-16 10:30:00,2017-02-14 12:30:00,NA,NA,0.110000000000014,0.0500000000000114,0.0600000000000023,0.920000000000016,0.850000000000023,0.0699999999999932
"E2",0,"14022017",0,1230,"1230",0,0,0,349.14,349.14,NA,2017-02-14 12:30:00,2017-02-14 12:30:00,NA,NA,0,0,0,0,0,0
"E2",0.874305555555556,"15022017",1,1034,"0929",72,30.7,0.1,349.14,349.05,NA,2017-02-15 09:29:00,2017-02-14 12:30:00,"15022017",0.5176,0.089999999999975,0.089999999999975,0,0.089999999999975,0.089999999999975,0
"E2",2.01388888888889,"16022017",2,1340,"1250",78,33.1,0.2,349.05,348.97,NA,2017-02-16 12:50:00,2017-02-14 12:30:00,NA,NA,0.0799999999999841,0.0799999999999841,0,0.169999999999959,0.169999999999959,0
"E2",2.85,"17022017",3,951,"0854",74,30.5,0.3,348.97,348.9,NA,2017-02-17 08:54:00,2017-02-14 12:30:00,"17022017",0.7112,0.07000000000005,0.07000000000005,0,0.240000000000009,0.240000000000009,0
"E2",4.15138888888889,"18022017",4,1702,"1608",177,73.6,0.1,348.9,348.72,NA,2017-02-18 16:08:00,2017-02-14 12:30:00,"18022017",0.7518,0.17999999999995,0.17999999999995,0,0.419999999999959,0.419999999999959,0
"E2",5.14513888888889,"19022017",5,1647,"1559",185,77.2,0.2,348.72,348.54,NA,2017-02-19 15:59:00,2017-02-14 12:30:00,"19022017",0.747,0.180000000000007,0.180000000000007,0,0.599999999999966,0.599999999999966,0
"E2",5.93194444444444,"20022017",6,1135,"1052",115,43,0.3,348.56,348.45,NA,2017-02-20 10:52:00,2017-02-14 12:30:00,"20022017",0.7505,0.0900000000000318,0.110000000000014,-0.0199999999999818,0.689999999999998,0.70999999999998,-0.0199999999999818
"E2",9.11111111111111,"23022017",9,1542,"1510",50,20.7,0.1,348.46,348.42,NA,2017-02-23 15:10:00,2017-02-14 12:30:00,NA,NA,0.0299999999999727,0.0399999999999636,-0.00999999999999091,0.71999999999997,0.749999999999943,-0.0299999999999727
"E2",20.9194444444444,"07032017",21,1115,"1034",26,10.8,0,348.35,348.32,NA,2017-03-07 10:34:00,2017-02-14 12:30:00,"07032017",0.7328,0.100000000000023,0.0300000000000296,0.0699999999999932,0.819999999999993,0.779999999999973,0.0400000000000205
"E2",60.9166666666667,"16042017",61,1109,"1030",75,32,0.2,348.31,348.23,NA,2017-04-16 10:30:00,2017-02-14 12:30:00,NA,NA,0.089999999999975,0.0799999999999841,0.00999999999999091,0.909999999999968,0.859999999999957,0.0500000000000114
"E3",0,"14022017",0,1230,"1230",0,0,0,359.42,359.42,NA,2017-02-14 12:30:00,2017-02-14 12:30:00,NA,NA,0,0,0,0,0,0
"E3",0.874305555555556,"15022017",1,1034,"0929",70,30.4,0,359.42,359.34,NA,2017-02-15 09:29:00,2017-02-14 12:30:00,"15022017",0.5176,0.0800000000000409,0.0800000000000409,0,0.0800000000000409,0.0800000000000409,0
"E3",2.01388888888889,"16022017",2,1340,"1250",62,26.9,0.2,359.32,359.25,NA,2017-02-16 12:50:00,2017-02-14 12:30:00,NA,NA,0.089999999999975,0.0699999999999932,0.0199999999999818,0.170000000000016,0.150000000000034,0.0199999999999818
"E3",2.85,"17022017",3,951,"0854",65,27.9,0.2,359.24,359.18,NA,2017-02-17 08:54:00,2017-02-14 12:30:00,"17022017",0.7154,0.0699999999999932,0.0600000000000023,0.00999999999999091,0.240000000000009,0.210000000000036,0.0299999999999727
"E3",4.15138888888889,"18022017",4,1702,"1608",172,73.5,0.2,359.18,359.01,NA,2017-02-18 16:08:00,2017-02-14 12:30:00,"18022017",0.7608,0.170000000000016,0.170000000000016,0,0.410000000000025,0.380000000000052,0.0299999999999727
"E3",5.14513888888889,"19022017",5,1647,"1559",188,80,0.1,359.01,358.83,NA,2017-02-19 15:59:00,2017-02-14 12:30:00,"19022017",0.747,0.180000000000007,0.180000000000007,0,0.590000000000032,0.560000000000059,0.0299999999999727
"E3",5.93194444444444,"20022017",6,1135,"1052",107,45.5,0.3,358.84,358.74,NA,2017-02-20 10:52:00,2017-02-14 12:30:00,"20022017",0.7505,0.089999999999975,0.0999999999999659,-0.00999999999999091,0.680000000000007,0.660000000000025,0.0199999999999818
"E3",9.11111111111111,"23022017",9,1542,"1510",40,16.6,0.2,358.73,358.7,NA,2017-02-23 15:10:00,2017-02-14 12:30:00,NA,NA,0.0400000000000205,0.0300000000000296,0.00999999999999091,0.720000000000027,0.690000000000055,0.0299999999999727
"E3",20.9194444444444,"07032017",21,1115,"1034",40,16.3,0,358.65,358.61,NA,2017-03-07 10:34:00,2017-02-14 12:30:00,"07032017",0.7328,0.089999999999975,0.0399999999999636,0.0500000000000114,0.810000000000002,0.730000000000018,0.0799999999999841
"E3",60.9166666666667,"16042017",61,1109,"1030",14,5.9,0,358.48,358.48,NA,2017-04-16 10:30:00,2017-02-14 12:30:00,NA,NA,0.129999999999995,0,0.129999999999995,0.939999999999998,0.730000000000018,0.20999999999998
"I1",0,"14022017",0,1230,"1230",0,0,0,354.72,354.72,NA,2017-02-14 12:30:00,2017-02-14 12:30:00,NA,NA,0,0,0,0,0,0
"I1",0.874305555555556,"15022017",1,929,"0929",46,20.8,0.1,354.72,354.67,NA,2017-02-15 09:29:00,2017-02-14 12:30:00,"15022017",0.2439,0.0500000000000114,0.0500000000000114,0,0.0500000000000114,0.0500000000000114,0
"I1",2.01388888888889,"16022017",2,1344,"1250",25,10.7,0.2,354.67,354.64,NA,2017-02-16 12:50:00,2017-02-14 12:30:00,"16022017",0.3971,0.0300000000000296,0.0300000000000296,0,0.0800000000000409,0.0800000000000409,0
"I1",2.85,"17022017",3,854,"0854",12,4.9,0.1,354.64,354.63,NA,2017-02-17 08:54:00,2017-02-14 12:30:00,"17022017",0.4238,0.00999999999999091,0.00999999999999091,0,0.0900000000000318,0.0900000000000318,0
"I1",4.15138888888889,"18022017",4,1706,"1608",16,6.8,0.2,354.64,354.63,NA,2017-02-18 16:08:00,2017-02-14 12:30:00,"18022017",0.5337,0,0.00999999999999091,-0.00999999999999091,0.0900000000000318,0.100000000000023,-0.00999999999999091
"I1",5.93194444444444,"20022017",6,1139,"1052",19,7.7,0.1,354.62,354.61,NA,2017-02-20 10:52:00,2017-02-14 12:30:00,"20022017",0.557,0.0199999999999818,0.00999999999999091,0.00999999999999091,0.110000000000014,0.110000000000014,0
"I1",20.9194444444444,"07032017",21,1055,"1034",44,18.2,0.1,354.57,354.51,NA,2017-03-07 10:34:00,2017-02-14 12:30:00,"07032017",0.6123,0.100000000000023,0.0600000000000023,0.0400000000000205,0.210000000000036,0.170000000000016,0.0400000000000205
"I1",30.96875,"17032017",31,1216,"1145",14,8.1,0,354.54,354.51,NA,2017-03-17 11:45:00,2017-02-14 12:30:00,NA,NA,0,0.0300000000000296,-0.0300000000000296,0.210000000000036,0.200000000000045,0.00999999999999091
"I1",50.8645833333333,"06042017",51,915,"0915",13,5.6,0,354.49,354.48,NA,2017-04-06 09:15:00,2017-02-14 12:30:00,NA,NA,0.0299999999999727,0.00999999999999091,0.0199999999999818,0.240000000000009,0.210000000000036,0.0299999999999727
"I1",60.9166666666667,"16042017",61,1030,"1030",8,3.3,0,354.41,354.38,NA,2017-04-16 10:30:00,2017-02-14 12:30:00,NA,NA,0.100000000000023,0.0300000000000296,0.0699999999999932,0.340000000000032,0.240000000000066,0.0999999999999659
"I2",0,"14022017",0,1230,"1230",0,0,0,357.83,357.83,NA,2017-02-14 12:30:00,2017-02-14 12:30:00,NA,NA,0,0,0,0,0,0
"I2",0.874305555555556,"15022017",1,929,"0929",45,19.7,0.1,357.83,357.78,NA,2017-02-15 09:29:00,2017-02-14 12:30:00,"15022017",0.2439,0.0500000000000114,0.0500000000000114,0,0.0500000000000114,0.0500000000000114,0
"I2",2.01388888888889,"16022017",2,1344,"1250",25,10.7,0.2,357.79,357.76,NA,2017-02-16 12:50:00,2017-02-14 12:30:00,"16022017",0.3693,0.0199999999999818,0.0300000000000296,-0.0100000000000477,0.0699999999999932,0.0800000000000409,-0.0100000000000477
"I2",2.85,"17022017",3,854,"0854",15,6,0.2,357.76,357.75,NA,2017-02-17 08:54:00,2017-02-14 12:30:00,"17022017",0.4345,0.00999999999999091,0.00999999999999091,0,0.0799999999999841,0.0900000000000318,-0.0100000000000477
"I2",4.15138888888889,"18022017",4,1706,"1608",16,6.4,0,357.76,357.74,NA,2017-02-18 16:08:00,2017-02-14 12:30:00,"18022017",0.4844,0.00999999999999091,0.0199999999999818,-0.00999999999999091,0.089999999999975,0.110000000000014,-0.0200000000000387
"I2",5.93194444444444,"20022017",6,1139,"1052",17,7.2,0.2,357.73,357.72,NA,2017-02-20 10:52:00,2017-02-14 12:30:00,"20022017",0.5224,0.0199999999999818,0.00999999999999091,0.00999999999999091,0.109999999999957,0.120000000000005,-0.0100000000000477
"I2",20.9194444444444,"07032017",21,1055,"1034",34,14.1,0.1,357.67,357.66,NA,2017-03-07 10:34:00,2017-02-14 12:30:00,"07032017",0.6012,0.0600000000000023,0.00999999999999091,0.0500000000000114,0.169999999999959,0.129999999999995,0.0399999999999636
"I2",30.96875,"17032017",31,1216,"1145",21,9.4,0.1,357.65,357.61,NA,2017-03-17 11:45:00,2017-02-14 12:30:00,NA,NA,0.0500000000000114,0.0399999999999636,0.0100000000000477,0.21999999999997,0.169999999999959,0.0500000000000114
"I2",50.8645833333333,"06042017",51,915,"0915",20,8.9,0.1,357.59,357.57,NA,2017-04-06 09:15:00,2017-02-14 12:30:00,NA,NA,0.0400000000000205,0.0199999999999818,0.0200000000000387,0.259999999999991,0.189999999999941,0.07000000000005
"I2",60.9166666666667,"16042017",61,1030,"1030",14,5.6,0,357.52,357.49,NA,2017-04-16 10:30:00,2017-02-14 12:30:00,NA,NA,0.0799999999999841,0.0299999999999727,0.0500000000000114,0.339999999999975,0.219999999999914,0.120000000000061
"I3",0,"14022017",0,1230,"1230",0,0,0,357.615,357.615,NA,2017-02-14 12:30:00,2017-02-14 12:30:00,NA,NA,0,0,0,0,0,0
"I3",0.874305555555556,"15022017",1,929,"0929",43,18.9,0.1,357.61,357.56,NA,2017-02-15 09:29:00,2017-02-14 12:30:00,"15022017",0.2439,0.0550000000000068,0.0500000000000114,0.00499999999999545,0.0550000000000068,0.0500000000000114,0.00499999999999545
"I3",2.01388888888889,"16022017",2,1344,"1250",26,11,0.2,357.56,357.54,NA,2017-02-16 12:50:00,2017-02-14 12:30:00,"16022017",0.3663,0.0199999999999818,0.0199999999999818,0,0.0749999999999886,0.0699999999999932,0.00499999999999545
"I3",2.85,"17022017",3,854,"0854",16,6.8,0.1,357.54,357.52,NA,2017-02-17 08:54:00,2017-02-14 12:30:00,"17022017",0.4399,0.0200000000000387,0.0200000000000387,0,0.0950000000000273,0.0900000000000318,0.00499999999999545
"I3",4.15138888888889,"18022017",4,1706,"1608",15,6,0.1,357.52,357.51,NA,2017-02-18 16:08:00,2017-02-14 12:30:00,"18022017",0.4844,0.00999999999999091,0.00999999999999091,0,0.105000000000018,0.100000000000023,0.00499999999999545
"I3",5.93194444444444,"20022017",6,1139,"1052",19,7.7,0.1,357.52,357.51,NA,2017-02-20 10:52:00,2017-02-14 12:30:00,"20022017",0.5206,0,0.00999999999999091,-0.00999999999999091,0.105000000000018,0.110000000000014,-0.00499999999999545
"I3",20.9194444444444,"07032017",21,1055,"1034",52,22.3,0.3,357.49,357.43,NA,2017-03-07 10:34:00,2017-02-14 12:30:00,"07032017",0.5987,0.0799999999999841,0.0600000000000023,0.0199999999999818,0.185000000000002,0.170000000000016,0.0149999999999864
"I3",30.96875,"17032017",31,1216,"1145",25,18.7,0.2,357.43,357.39,NA,2017-03-17 11:45:00,2017-02-14 12:30:00,NA,NA,0.0400000000000205,0.0400000000000205,0,0.225000000000023,0.210000000000036,0.0149999999999864
"I3",50.8645833333333,"06042017",51,915,"0915",31,13.7,0.1,357.39,357.36,NA,2017-04-06 09:15:00,2017-02-14 12:30:00,NA,NA,0.0299999999999727,0.0299999999999727,0,0.254999999999995,0.240000000000009,0.0149999999999864
"I3",60.9166666666667,"16042017",61,1030,"1030",16,7.7,0.1,357.31,357.28,NA,2017-04-16 10:30:00,2017-02-14 12:30:00,NA,NA,0.0800000000000409,0.0300000000000296,0.0500000000000114,0.335000000000036,0.270000000000039,0.0649999999999977
