"id","date","elapsed.time","exper","time","temp.air","pres.amb","mass.init","vol","mass.final","notes","date.time.e","etime","date.time","start.time","mass.tot","mass.vent","mass.leak","cmass.tot","cmass.vent","cmass.leak","vBg","cvBg","xCH4","vCH4","cvCH4","rvBg","rvCH4"
"C1","27.09.2018",0,"IIS-BMP2","15.35",20.8,1007.24,468.515,0,468.515,NA,2022-09-28 15:35:00,0,2018-09-27 15:35:00,2018-09-27 15:35:00,0,0,0,0,0,0,0,0,0,0,0,NA,NA
"C1","28.09.2018",0.725694444444444,"IIS-BMP2","09.00",20.3,1011.22,468.51,210.5,468.25,NA,2022-09-29 09:00:00,0.725694444445253,2018-09-28 09:00:00,2018-09-27 15:35:00,0.264999999999986,0.259999999999991,0.00499999999999545,0.264999999999986,0.259999999999991,0.00499999999999545,190.924629738396,190.924629738396,0.503278881546581,96.0883341144351,96.0883341144351,263.09231274956,132.408804904102
"C1","29.09.2018",1.60416666666667,"IIS-BMP2","06.05",19,1000,468.25,332,467.87,"Pressure not measured.",2022-09-30 06:05:00,1.60416666664241,2018-09-29 06:05:00,2018-09-27 15:35:00,0.379999999999995,0.379999999999995,0,0.644999999999982,0.639999999999986,0.00499999999999545,299.59638912872,490.521018867116,0.576701915545413,172.777811501022,268.866145615457,341.042529917278,196.679880285748
"C1","30.09.2018",2.97708333333333,"IIS-BMP2","15.02",20.3,1002.34,467.88,469,467.39,NA,2022-10-01 15:02:00,2.97708333334594,2018-09-30 15:02:00,2018-09-27 15:35:00,0.480000000000018,0.490000000000009,-0.00999999999999091,1.125,1.13,-0.00499999999999545,421.560004957804,912.08102382492,0.662444695065874,279.260188936241,548.126334551698,307.054328345593,203.406510909553
"C1","01.10.2018",3.71875,"IIS-BMP2","08.50",20.3,1000.62,467.38,162,467.2,NA,2022-10-02 08:50:00,3.71875000004366,2018-10-01 08:50:00,2018-09-27 15:35:00,0.189999999999998,0.180000000000007,0.00999999999999091,1.315,1.31,0.00499999999999545,145.357531845846,1057.43855567077,0.601893103827267,87.489696007367,635.616030559065,195.987683387657,117.963635066113
"C1","03.10.2018",5.68888888888889,"IIS-BMP2","08.07",20,1002.27,467.2,243,466.96,NA,2022-10-04 08:07:00,5.68888888884248,2018-10-03 08:07:00,2018-09-27 15:35:00,0.240000000000009,0.240000000000009,0,1.55500000000001,1.55000000000001,0.00499999999999545,218.726248939665,1276.16480461043,0.714048057400569,156.181053157881,791.797083716946,111.020725580937,79.2741334322697
"C1","05.10.2018",7.81527777777778,"IIS-BMP2","11.09",20.1,1009.23,466.95,141,466.8,NA,2022-10-06 11:09:00,7.81527777774318,2018-10-05 11:09:00,2018-09-27 15:35:00,0.159999999999968,0.149999999999977,0.00999999999999091,1.71499999999997,1.69999999999999,0.0149999999999864,127.755123883753,1403.91992849418,0.652753651893294,83.3926236632002,875.189707380146,60.0807898081662,39.2179549559139
"C1","08.10.2018",10.8388888888889,"IIS-BMP2","11.43",20.4,1007.72,466.78,122,466.67,NA,2022-10-09 11:43:00,10.8388888888439,2018-10-08 11:43:00,2018-09-27 15:35:00,0.129999999999995,0.109999999999957,0.0200000000000387,1.84499999999997,1.80999999999995,0.035000000000025,110.20828906082,1514.128217555,0.79341241215661,87.4406244633978,962.630331843544,36.4492274339872,28.9192694596447
"C1","11.10.2018",13.8597222222222,"IIS-BMP2","12.13",20.5,1009.19,466.67,69,466.58,NA,2022-10-12 12:14:00,13.8604166666482,2018-10-11 12:13:00,2018-09-27 15:35:00,0.0900000000000318,0.0900000000000318,0,1.935,1.89999999999998,0.035000000000025,62.3933702961173,1576.52158785112,0.439189523285824,27.4025145565476,990.032846400092,20.6543570635423,9.07117723251232
"C1","15.10.2018",18.2409722222222,"IIS-BMP2","21.22",20.1,1006.09,466.56,60,466.5,NA,2022-10-16 21:22:00,18.2409722222437,2018-10-15 21:22:00,2018-09-27 15:35:00,0.0799999999999841,0.0600000000000023,0.0199999999999818,2.01499999999999,1.95999999999998,0.0550000000000068,54.1907090413132,1630.71229689244,0.706160932509986,38.2673616299911,1028.30020803008,12.3687780978746,8.73434787560424
"C1","19.10.2018",21.8006944444444,"IIS-BMP2","10.48",20.5,1017.29,466.49,53,466.44,NA,2022-10-20 10:48:00,21.8006944444423,2018-10-19 10:48:00,2018-09-27 15:35:00,0.0600000000000023,0.0500000000000114,0.00999999999999091,2.07499999999999,2.00999999999999,0.0649999999999977,48.3194076982637,1679.0317045907,0.764120721141411,36.9218606555231,1065.22206868561,13.5739264700546,10.3721184830186
"C1","25.10.2018",27.9395833333333,"IIS-BMP2","14.08",20.6,997.15,466.4,34,466.37,NA,2022-10-26 14:08:00,27.9395833333474,2018-10-25 14:08:00,2018-09-27 15:35:00,0.0699999999999932,0.0299999999999727,0.0400000000000205,2.14499999999998,2.03999999999996,0.105000000000018,30.3537909293026,1709.38549552,0.80157040118784,24.3307003727729,1089.55276905838,4.94450892966015,3.96337200642454
"C1","29.10.2018",31.7576388888889,"IIS-BMP2","09.46",20,1010.42,466.34,27,466.32,NA,2022-10-30 09:46:00,31.7576388889429,2018-10-29 09:46:00,2018-09-27 15:35:00,0.0500000000000114,0.0199999999999818,0.0300000000000296,2.19499999999999,2.05999999999995,0.135000000000048,24.5052511799312,1733.89074669993,0.938061788404796,22.987439747155,1112.54020880553,6.41825421955274,6.02071903163027
"C1","16.11.2018",49.9388888888889,"IIS-BMP2","14.07",21.5,1000,466.28,76,466.2,"Ambient pressure not measured.",2022-11-17 14:07:00,49.9388888888425,2018-11-16 14:07:00,2018-09-27 15:35:00,0.120000000000005,0.0799999999999841,0.0400000000000205,2.315,2.13999999999993,0.175000000000068,67.7443582835484,1801.63510498348,0.648915651423716,43.9603743858504,1156.50058319138,3.72605614484969,2.41789615047648
"C1","17.12.2018",80.8354166666667,"IIS-BMP2","11.38",21.4,1010.47,466.17,111,466.06,NA,2022-12-18 11:38:00,80.8354166666468,2018-12-17 11:38:00,2018-09-27 15:35:00,0.139999999999986,0.110000000000014,0.0299999999999727,2.45499999999998,2.24999999999994,0.205000000000041,100.05548206146,1901.69058704494,0.713630207076239,71.4026143826325,1227.90319757402,3.23840538914617,2.31102390845319
"C1","04.02.2019",129.899305555556,"IIS-BMP2","13.10",22.1,1009.4,466.01,111,465.88,NA,2023-02-04 13:10:00,128.899305555555,2019-02-04 13:10:00,2018-09-27 15:35:00,0.180000000000007,0.129999999999995,0.0500000000000114,2.63499999999999,2.37999999999994,0.255000000000052,99.5966030555015,2001.28719010044,0.550242898896346,54.8023235854879,1282.7055211595,2.02993699258227,1.1169584153754
"C2","27.09.2018",0,"IIS-BMP2","15.35",20.8,1007.24,471.9,0,471.9,NA,2022-09-28 15:35:00,0,2018-09-27 15:35:00,2018-09-27 15:35:00,0,0,0,0,0,0,0,0,0,0,0,NA,NA
"C2","28.09.2018",0.725694444444444,"IIS-BMP2","09.00",20.3,1011.22,471.89,216,471.66,NA,2022-09-29 09:00:00,0.725694444445253,2018-09-28 09:00:00,2018-09-27 15:35:00,0.239999999999952,0.229999999999961,0.00999999999999091,0.239999999999952,0.229999999999961,0.00999999999999091,195.913159256501,195.913159256501,0.653022790541064,127.935757961396,127.935757961396,269.966458688385,176.294250205178
"C2","29.09.2018",1.60416666666667,"IIS-BMP2","06.05",19,1000,471.64,342,471.23,"Pressure not measured.",2022-09-30 06:05:00,1.60416666664241,2018-09-29 06:05:00,2018-09-27 15:35:00,0.430000000000007,0.409999999999968,0.0200000000000387,0.669999999999959,0.63999999999993,0.0300000000000296,308.620376753079,504.53353600958,0.528765949566504,163.187946569414,291.12370453081,351.314895276232,185.763354197594
"C2","30.09.2018",2.97708333333333,"IIS-BMP2","15.02",20.3,1002.34,471.24,436,470.78,NA,2022-10-01 15:02:00,2.97708333334594,2018-09-30 15:02:00,2018-09-27 15:35:00,0.450000000000045,0.460000000000036,-0.00999999999999091,1.12,1.09999999999997,0.0200000000000387,391.898000344568,896.431536354149,0.653334726957691,256.040573050384,547.164277581194,285.449226351127,186.493892358398
"C2","01.10.2018",3.71875,"IIS-BMP2","08.50",20.3,1000.62,470.79,181,470.59,NA,2022-10-02 08:50:00,3.71875000004366,2018-10-01 08:50:00,2018-09-27 15:35:00,0.189999999999998,0.200000000000045,-0.0100000000000477,1.31,1.30000000000001,0.00999999999999091,162.405637432704,1058.83717378685,0.607348167727147,98.6367663233123,645.801043904506,218.973893167691,132.993392795477
"C2","03.10.2018",5.68888888888889,"IIS-BMP2","08.07",20,1002.27,470.58,242,470.34,NA,2022-10-04 08:07:00,5.68888888884248,2018-10-03 08:07:00,2018-09-27 15:35:00,0.25,0.240000000000009,0.00999999999999091,1.56,1.54000000000002,0.0199999999999818,217.826140919338,1276.66331470619,0.710432806668189,154.750836659025,800.551880563532,110.563850167024,78.5481863901997
"C2","05.10.2018",7.81527777777778,"IIS-BMP2","11.09",20.1,1009.23,470.33,142,470.19,NA,2022-10-06 11:09:00,7.81527777774318,2018-10-05 11:09:00,2018-09-27 15:35:00,0.149999999999977,0.139999999999986,0.00999999999999091,1.70999999999998,1.68000000000001,0.0299999999999727,128.661188592149,1405.32450329834,0.721318477958246,92.8056927275876,893.357573291119,60.5068947004227,43.6447411912888
"C2","08.10.2018",10.8388888888889,"IIS-BMP2","11.43",20.4,1007.72,470.18,107,470.06,NA,2022-10-09 11:43:00,10.8388888888439,2018-10-08 11:43:00,2018-09-27 15:35:00,0.129999999999995,0.120000000000005,0.00999999999999091,1.83999999999997,1.80000000000001,0.0399999999999636,96.6580895861287,1501.98259288447,0.599356306815624,57.9326355981959,951.290208889315,31.9677650445625,19.1600815942586
"C2","11.10.2018",13.8597222222222,"IIS-BMP2","12.13",20.5,1009.19,470.06,79,469.99,NA,2022-10-12 12:15:00,13.8611111111459,2018-10-11 12:13:00,2018-09-27 15:35:00,0.0699999999999932,0.0699999999999932,0,1.90999999999997,1.87,0.0399999999999636,71.4358877303372,1573.41848061481,0.80800807855966,57.7207743851933,1009.01098327451,23.6477421452151,19.1075666930295
"C2","15.10.2018",18.2409722222222,"IIS-BMP2","21.22",20.1,1006.09,469.95,60,469.89,NA,2022-10-16 21:22:00,18.2409722222437,2018-10-15 21:22:00,2018-09-27 15:35:00,0.100000000000023,0.0600000000000023,0.0400000000000205,2.00999999999999,1.93000000000001,0.0799999999999841,54.1907090413132,1627.60918965612,0.706160932509986,38.2673616299911,1047.2783449045,12.3687780978746,8.73434787560424
"C2","19.10.2018",21.8006944444444,"IIS-BMP2","10.48",20.5,1017.29,469.89,52,469.84,NA,2022-10-20 10:48:00,21.8006944444423,2018-10-19 10:48:00,2018-09-27 15:35:00,0.0500000000000114,0.0500000000000114,0,2.06,1.98000000000002,0.0799999999999841,47.4077207605606,1675.01691041668,0.748253951712334,35.4730144007643,1082.75135930526,13.3178146498649,9.9651074399338
"C2","25.10.2018",27.9395833333333,"IIS-BMP2","14.08",20.6,997.15,469.78,38,469.75,NA,2022-10-26 14:08:00,27.9395833333474,2018-10-25 14:08:00,2018-09-27 15:35:00,0.089999999999975,0.0299999999999727,0.0600000000000023,2.14999999999998,2.00999999999999,0.139999999999986,33.9248251562793,1708.94173557296,0.884522649795983,30.0072762410976,1112.75863554636,5.52621586256134,4.88806309809735
"C2","29.10.2018",31.7576388888889,"IIS-BMP2","09.46",20,1010.42,469.73,27,469.7,NA,2022-10-30 09:46:00,31.7576388889429,2018-10-29 09:46:00,2018-09-27 15:35:00,0.0500000000000114,0.0300000000000296,0.0199999999999818,2.19999999999999,2.04000000000002,0.159999999999968,24.5052511799312,1733.44698675289,0.612686704067593,15.0140415777805,1127.77267712414,6.41825421955274,3.93237902364569
"C2","16.11.2018",49.9388888888889,"IIS-BMP2","14.07",21.5,1000,469.66,92,469.55,"Ambient pressure not measured.",2022-11-17 14:07:00,49.9388888888425,2018-11-16 14:07:00,2018-09-27 15:35:00,0.149999999999977,0.110000000000014,0.0399999999999636,2.34999999999997,2.15000000000003,0.199999999999932,82.0063284485059,1815.4533152014,0.520982678698083,42.7238766652974,1170.49655378944,4.51048901744962,2.34988665054919
"C2","17.12.2018",80.8354166666667,"IIS-BMP2","11.38",21.4,1010.47,469.53,105,469.43,NA,2022-12-18 11:38:00,80.8354166666468,2018-12-17 11:38:00,2018-09-27 15:35:00,0.120000000000005,0.0999999999999659,0.0200000000000387,2.46999999999997,2.25,0.21999999999997,94.6470776257053,1910.1003928271,0.747782964862583,70.7754723225289,1241.27202611197,3.06335644919232,2.29072576800795
"C2","04.02.2019",129.899305555556,"IIS-BMP2","13.10",22.1,1009.4,469.35,110,469.25,NA,2023-02-04 13:10:00,128.899305555555,2019-02-04 13:10:00,2018-09-27 15:35:00,0.180000000000007,0.100000000000023,0.0799999999999841,2.64999999999998,2.35000000000002,0.299999999999955,98.6993363613078,2008.79972918841,0.783135782964197,77.2949820593595,1318.56700817133,2.01164927192837,1.57539452762098
"C3","27.09.2018",0,"IIS-BMP2","15.35",20.8,1007.24,468.3,0,468.3,NA,2022-09-28 15:35:00,0,2018-09-27 15:35:00,2018-09-27 15:35:00,0,0,0,0,0,0,0,0,0,0,0,NA,NA
"C3","28.09.2018",0.725694444444444,"IIS-BMP2","09.00",20.3,1011.22,468.28,202,468.25,NA,2022-09-29 09:00:00,0.725694444445253,2018-09-28 09:00:00,2018-09-27 15:35:00,0.0500000000000114,0.0299999999999727,0.0200000000000387,0.0500000000000114,0.0299999999999727,0.0200000000000387,183.215084119506,183.215084119506,1.45853339903048,267.225319394479,267.225319394479,252.468632662286,368.233932945502
"C3","29.09.2018",1.60416666666667,"IIS-BMP2","06.05",19,1000,468.04,331,467.66,"Pressure not measured.",2022-09-30 06:05:00,1.60416666664241,2018-09-29 06:05:00,2018-09-27 15:35:00,0.589999999999975,0.379999999999995,0.20999999999998,0.639999999999986,0.409999999999968,0.230000000000018,298.693990366284,481.90907448579,0.573646554901444,171.344778543384,438.570097937863,340.015293381383,195.048601662034
"C3","30.09.2018",2.97708333333333,"IIS-BMP2","15.02",20.3,1002.34,467.66,434,467.22,NA,2022-10-01 15:02:00,2.97708333334594,2018-09-30 15:02:00,2018-09-27 15:35:00,0.439999999999998,0.439999999999998,0,1.07999999999998,0.849999999999966,0.230000000000018,390.100303095281,872.009377581071,0.689900543649834,269.1304111834,707.700509121262,284.13982623025,196.028220588819
"C3","01.10.2018",3.71875,"IIS-BMP2","08.50",20.3,1000.62,467.2,207,466.99,NA,2022-10-02 08:50:00,3.71875000004366,2018-10-01 08:50:00,2018-09-27 15:35:00,0.230000000000018,0.20999999999998,0.0200000000000387,1.31,1.05999999999995,0.250000000000057,185.734624025248,1057.74400160632,0.687751066080597,127.739185681443,835.439694802705,250.428706550896,172.232609907563
"C3","03.10.2018",5.68888888888889,"IIS-BMP2","08.07",20,1002.27,466.98,270,466.7,NA,2022-10-04 08:07:00,5.68888888884248,2018-10-03 08:07:00,2018-09-27 15:35:00,0.29000000000002,0.28000000000003,0.00999999999999091,1.60000000000002,1.33999999999997,0.260000000000048,243.029165488517,1300.77316709484,0.670303523538714,162.903305949626,998.343000752331,123.356361756597,82.686203936363
"C3","05.10.2018",7.81527777777778,"IIS-BMP2","11.09",20.1,1009.23,466.7,151,466.54,NA,2022-10-06 11:09:00,7.81527777774318,2018-10-05 11:09:00,2018-09-27 15:35:00,0.159999999999968,0.159999999999968,0,1.75999999999999,1.49999999999994,0.260000000000048,136.815770967707,1437.58893806254,0.656473546939656,89.8159344444545,1088.15893519679,64.3418387307311,42.2387150881824
"C3","08.10.2018",10.8388888888889,"IIS-BMP2","11.43",20.4,1007.72,466.53,102,466.42,NA,2022-10-09 11:43:00,10.8388888888439,2018-10-08 11:43:00,2018-09-27 15:35:00,0.120000000000005,0.109999999999957,0.0100000000000477,1.88,1.6099999999999,0.270000000000095,92.1413564278984,1529.73029449044,0.637366749803779,58.7278368689611,1146.88677206575,30.4739442480877,19.4230787991052
"C3","11.10.2018",13.8597222222222,"IIS-BMP2","12.13",20.5,1009.19,466.43,75,466.34,NA,2022-10-12 12:16:00,13.8618055555417,2018-10-11 12:13:00,2018-09-27 15:35:00,0.0800000000000409,0.0900000000000318,-0.00999999999999091,1.96000000000004,1.69999999999993,0.260000000000105,67.8188807566492,1597.54917524709,0.531200047075103,36.0253926505129,1182.91216471626,22.4503881125459,11.9256472222387
"C3","15.10.2018",18.2409722222222,"IIS-BMP2","21.22",20.1,1006.09,466.33,59,466.26,NA,2022-10-16 21:22:00,18.2409722222437,2018-10-15 21:22:00,2018-09-27 15:35:00,0.0799999999999841,0.0699999999999932,0.00999999999999091,2.04000000000002,1.76999999999992,0.270000000000095,53.2875305572913,1650.83670580438,0.54156824272803,28.8588342832285,1211.77099899949,12.1626317962434,6.58689512883959
"C3","19.10.2018",21.8006944444444,"IIS-BMP2","10.48",20.5,1017.29,466.27,46,466.2,NA,2022-10-20 10:48:00,21.8006944444423,2018-10-19 10:48:00,2018-09-27 15:35:00,0.0600000000000023,0.0699999999999932,-0.00999999999999091,2.10000000000002,1.83999999999992,0.260000000000105,41.9375991343421,1692.77430493872,0.258315706124494,10.8331405335536,1222.60413953304,11.7811437287266,3.04325446124017
"C3","25.10.2018",27.9395833333333,"IIS-BMP2","14.08",20.6,997.15,466.16,30,466.14,NA,2022-10-26 14:08:00,27.9395833333474,2018-10-25 14:08:00,2018-09-27 15:35:00,0.0600000000000023,0.0200000000000387,0.0399999999999636,2.16000000000003,1.85999999999996,0.300000000000068,26.7827567023258,1719.55706164105,0.994203956287279,26.6275226737319,1249.23166220677,4.36280199675895,4.33751500567579
"C3","29.10.2018",31.7576388888889,"IIS-BMP2","09.46",20,1010.42,466.11,27,466.08,NA,2022-10-30 09:46:00,31.7576388889429,2018-10-29 09:46:00,2018-09-27 15:35:00,0.0600000000000023,0.0300000000000296,0.0299999999999727,2.22000000000003,1.88999999999999,0.330000000000041,24.5052511799312,1744.06231282098,0.612686704067593,15.0140415777805,1264.24570378455,6.41825421955274,3.93237902364569
"C3","16.11.2018",49.9388888888889,"IIS-BMP2","14.07",21.5,1000,466.04,81,465.95,"Ambient pressure not measured.",2022-11-17 14:07:00,49.9388888888425,2018-11-16 14:07:00,2018-09-27 15:35:00,0.129999999999995,0.0900000000000318,0.0399999999999636,2.35000000000002,1.98000000000002,0.370000000000005,72.2012239600976,1816.26353678108,0.596605280353272,43.0756314625634,1307.32133524712,3.97119141753716,2.36923376899627
"C3","17.12.2018",80.8354166666667,"IIS-BMP2","11.38",21.4,1010.47,465.93,104,465.82,NA,2022-12-18 11:38:00,80.8354166666468,2018-12-17 11:38:00,2018-09-27 15:35:00,0.129999999999995,0.110000000000014,0.0199999999999818,2.48000000000002,2.09000000000003,0.389999999999986,93.7456768864128,1910.00921366749,0.654629128721661,61.3686507815748,1368.68998602869,3.03418162586668,1.98626367412438
"C3","04.02.2019",129.899305555556,"IIS-BMP2","13.10",22.1,1009.4,465.78,99,465.66,NA,2023-02-04 13:10:00,128.899305555555,2019-02-04 13:10:00,2018-09-27 15:35:00,0.159999999999968,0.119999999999948,0.0400000000000205,2.63999999999999,2.20999999999998,0.430000000000007,88.829402725177,1998.83861639267,0.513853385761143,45.6452893454724,1414.33527537416,1.81048434473553,0.9303235104099
"D1","27.09.2018",0,"IIS-BMP2","15.35",20.8,1007.24,471.15,0,471.15,NA,2022-09-28 15:35:00,0,2018-09-27 15:35:00,2018-09-27 15:35:00,0,0,0,0,0,0,0,0,0,0,0,NA,NA
"D1","28.09.2018",0.725694444444444,"IIS-BMP2","09.00",20.3,1011.22,471.14,144,470.97,"Final mass measured after D3 (3 bottles later)",2022-09-29 09:00:00,0.725694444445253,2018-09-28 09:00:00,2018-09-27 15:35:00,0.17999999999995,0.169999999999959,0.00999999999999091,0.17999999999995,0.169999999999959,0.00999999999999091,130.608772837668,130.608772837668,0.551276202925555,72.0015083587157,72.0015083587157,179.97763912559,99.2173895086608
"D1","29.09.2018",1.60416666666667,"IIS-BMP2","06.05",19,1000,470.96,143,470.8,"Pressure not measured.",2022-09-30 06:05:00,1.60416666664241,2018-09-29 06:05:00,2018-09-27 15:35:00,0.170000000000016,0.159999999999968,0.0100000000000477,0.349999999999966,0.329999999999927,0.0200000000000387,129.043023028334,259.651795866002,0.59940739466315,77.3493422328707,149.350850591586,146.894824633045,88.0498441227935
"D1","30.09.2018",2.97708333333333,"IIS-BMP2","15.02",20.3,1002.34,470.81,260,470.51,NA,2022-10-01 15:02:00,2.97708333334594,2018-09-30 15:02:00,2018-09-27 15:35:00,0.29000000000002,0.300000000000011,-0.00999999999999091,0.639999999999986,0.629999999999939,0.0100000000000477,233.700642407311,493.352438273313,0.565692161979034,132.202621659281,281.553472250867,170.222015713975,96.2932600856676
"D1","01.10.2018",3.71875,"IIS-BMP2","08.50",20.3,1000.62,470.51,184,470.3,NA,2022-10-02 08:50:00,3.71875000004366,2018-10-01 08:50:00,2018-09-27 15:35:00,0.20999999999998,0.20999999999998,0,0.849999999999966,0.839999999999918,0.0100000000000477,165.097443577998,658.449881851311,0.575062490623277,94.9413470994994,376.494819350367,222.603294711907,128.010805077977
"D1","03.10.2018",5.68888888888889,"IIS-BMP2","08.07",20,1002.27,470.28,393,469.83,NA,2022-10-04 08:07:00,5.68888888884248,2018-10-03 08:07:00,2018-09-27 15:35:00,0.470000000000027,0.449999999999989,0.0200000000000387,1.31999999999999,1.28999999999991,0.0300000000000864,353.742451988842,1012.19233384015,0.574633226199883,203.272166430205,579.766985780572,179.552037667935,103.176566675888
"D1","05.10.2018",7.81527777777778,"IIS-BMP2","11.09",20.1,1009.23,469.82,403,469.35,NA,2022-10-06 11:09:00,7.81527777774318,2018-10-05 11:09:00,2018-09-27 15:35:00,0.479999999999961,0.46999999999997,0.00999999999999091,1.79999999999995,1.75999999999988,0.0400000000000773,365.144077483352,1377.3364113235,0.562620810299454,205.43765674973,785.204642530302,171.720271579369,96.6133983408266
"D1","06.10.2018",9.23958333333333,"IIS-BMP2","21.20",20.4,1001.38,469.35,214,469.09,NA,2022-10-07 21:20:00,9.23958333334303,2018-10-06 21:20:00,2018-09-27 15:35:00,0.260000000000048,0.260000000000048,0,2.06,2.01999999999992,0.0400000000000773,192.070349855025,1569.40676117853,0.510011343998575,97.9580572718378,883.16269980214,134.851927738292,68.7760129066048
"D1","08.10.2018",10.8388888888889,"IIS-BMP2","11.43",20.4,1007.72,469.09,185,468.86,NA,2022-10-09 11:43:00,10.8388888888439,2018-10-08 11:43:00,2018-09-27 15:35:00,0.229999999999961,0.229999999999961,0,2.28999999999996,2.24999999999989,0.0400000000000773,167.119126854522,1736.52588803305,0.491895385651418,82.2051273538331,965.367827155973,104.494807933353,51.4005138469473
"D1","11.10.2018",13.8597222222222,"IIS-BMP2","12.13",20.5,1009.19,468.87,221,468.59,NA,2022-10-12 12:17:00,13.8625000000466,2018-10-11 12:13:00,2018-09-27 15:35:00,0.270000000000039,0.28000000000003,-0.00999999999999091,2.56,2.52999999999992,0.0300000000000864,199.83963529626,1936.36552332931,0.472149552546967,94.3541943862781,1059.72202154225,66.1538103049687,31.2344919347679
"D1","15.10.2018",18.2409722222222,"IIS-BMP2","21.22",20.1,1006.09,468.58,200,468.34,NA,2022-10-16 21:22:00,18.2409722222437,2018-10-15 21:22:00,2018-09-27 15:35:00,0.25,0.240000000000009,0.00999999999999091,2.81,2.76999999999992,0.0400000000000773,180.635696804377,2117.00122013369,0.52959786528919,95.6642794226236,1155.38630096487,41.2292603262488,21.8349282562336
"D1","19.10.2018",21.8006944444444,"IIS-BMP2","10.48",20.5,1017.29,468.35,107,468.21,NA,2022-10-20 10:48:00,21.8006944444423,2018-10-19 10:48:00,2018-09-27 15:35:00,0.129999999999995,0.140000000000043,-0.0100000000000477,2.94,2.90999999999997,0.0300000000000296,97.5505023342305,2214.55172246792,0.444887251730885,43.3989748884431,1198.78527585332,27.4039647602989,12.1916745687394
"D1","25.10.2018",27.9395833333333,"IIS-BMP2","14.08",20.6,997.15,468.14,60,468.07,NA,2022-10-26 14:08:00,27.9395833333474,2018-10-25 14:08:00,2018-09-27 15:35:00,0.139999999999986,0.0699999999999932,0.0699999999999932,3.07999999999998,2.97999999999996,0.100000000000023,53.5655134046516,2268.11723587257,0.547644351280957,29.3348508395218,1228.12012669284,8.7256039935179,4.77852773856464
"D1","29.10.2018",31.7576388888889,"IIS-BMP2","09.46",20,1010.42,468.04,46,467.98,NA,2022-10-30 09:46:00,31.7576388889429,2018-10-29 09:46:00,2018-09-27 15:35:00,0.089999999999975,0.0600000000000023,0.0299999999999727,3.16999999999996,3.03999999999996,0.129999999999995,41.7496871954384,2309.86692306801,0.442925790502086,18.4920132042544,1246.61213989709,10.9348034851639,4.8433064776512
"D1","16.11.2018",49.9388888888889,"IIS-BMP2","14.07",21.5,1000,467.95,125,467.82,"Ambient pressure not measured.",2022-11-17 14:07:00,49.9388888888425,2018-11-16 14:07:00,2018-09-27 15:35:00,0.160000000000025,0.129999999999995,0.0300000000000296,3.32999999999998,3.16999999999996,0.160000000000025,111.421641913731,2421.28856498174,0.660214691574661,73.5622049508162,1320.17434484791,6.12838181718698,4.04604771128587
"D1","17.12.2018",80.8354166666667,"IIS-BMP2","11.38",21.4,1010.47,467.79,133,467.63,NA,2022-12-18 11:38:00,80.8354166666468,2018-12-17 11:38:00,2018-09-27 15:35:00,0.189999999999998,0.160000000000025,0.0299999999999727,3.51999999999998,3.32999999999998,0.189999999999998,119.886298325893,2541.17486330763,0.52608962484808,63.0709377106943,1383.2452825586,3.88025150231028,2.04136005716661
"D1","04.02.2019",129.899305555556,"IIS-BMP2","13.10",22.1,1009.4,467.58,145,467.42,NA,2023-02-04 13:10:00,128.899305555555,2019-02-04 13:10:00,2018-09-27 15:35:00,0.20999999999998,0.159999999999968,0.0500000000000114,3.72999999999996,3.48999999999995,0.240000000000009,130.103670658088,2671.27853396572,0.610423624758061,79.4183542374387,1462.66363679604,2.65171949481467,1.61867222586638
"D2","27.09.2018",0,"IIS-BMP2","15.35",20.8,1007.24,472.1,0,472.1,NA,2022-09-28 15:35:00,0,2018-09-27 15:35:00,2018-09-27 15:35:00,0,0,0,0,0,0,0,0,0,0,0,NA,NA
"D2","28.09.2018",0.725694444444444,"IIS-BMP2","09.00",20.3,1011.22,472.09,146,471.93,NA,2022-09-29 09:00:00,0.725694444445253,2018-09-28 09:00:00,2018-09-27 15:35:00,0.170000000000016,0.159999999999968,0.0100000000000477,0.170000000000016,0.159999999999968,0.0100000000000477,132.422783571524,132.422783571524,0.625704528660745,82.8575353785643,82.8575353785643,182.47732855789,114.176890856586
"D2","29.09.2018",1.60416666666667,"IIS-BMP2","06.05",19,1000,471.92,140,471.75,"Pressure not measured.",2022-09-30 06:05:00,1.60416666664241,2018-09-29 06:05:00,2018-09-27 15:35:00,0.180000000000007,0.170000000000016,0.00999999999999091,0.350000000000023,0.329999999999984,0.0200000000000387,126.335826741027,258.758610312551,0.51510998003743,65.0768451905824,147.934380569147,143.813115025358,74.0795708098329
"D2","30.09.2018",2.97708333333333,"IIS-BMP2","15.02",20.3,1002.34,471.76,289,471.43,NA,2022-10-01 15:02:00,2.97708333334594,2018-09-30 15:02:00,2018-09-27 15:35:00,0.319999999999993,0.329999999999984,-0.00999999999999091,0.670000000000016,0.659999999999968,0.0100000000000477,259.767252521973,518.525862834524,0.576317144213933,149.708321133763,297.64270170291,189.208317466688,109.043997183925
"D2","01.10.2018",3.71875,"IIS-BMP2","08.50",20.3,1000.62,471.43,171,471.21,NA,2022-10-02 08:50:00,3.71875000004366,2018-10-01 08:50:00,2018-09-27 15:35:00,0.220000000000027,0.220000000000027,0,0.890000000000043,0.879999999999995,0.0100000000000477,153.432950281726,671.95881311625,0.445993119735818,68.4300401664178,366.072741869328,206.875888020305,92.2652226962936
"D2","03.10.2018",5.68888888888889,"IIS-BMP2","08.07",20,1002.27,471.23,384,470.78,NA,2022-10-04 08:07:00,5.68888888884248,2018-10-03 08:07:00,2018-09-27 15:35:00,0.430000000000007,0.450000000000045,-0.0200000000000387,1.32000000000005,1.33000000000004,-0.00999999999999091,345.641479805891,1017.60029292214,0.55086044084577,190.400217940457,556.472959809785,175.440158942715,96.6430432972361
"D2","05.10.2018",7.81527777777778,"IIS-BMP2","11.09",20.1,1009.23,470.78,392,470.32,"Manometer reassembled (no pressure leaks). 10 minutes technical break in sampling.",2022-10-06 11:09:00,7.81527777774318,2018-10-05 11:09:00,2018-09-27 15:35:00,0.45999999999998,0.45999999999998,0,1.78000000000003,1.79000000000002,-0.00999999999999091,355.177365691002,1372.77765861314,0.556270455717337,197.574675073417,754.047634883202,167.033117764547,92.9155885387722
"D2","06.10.2018",9.23958333333333,"IIS-BMP2","21.20",20.4,1001.38,470.33,223,470.04,NA,2022-10-07 21:20:00,9.23958333334303,2018-10-06 21:20:00,2018-09-27 15:35:00,0.279999999999973,0.289999999999964,-0.00999999999999091,2.06,2.07999999999998,-0.0199999999999818,200.148074848928,1572.92573346207,0.434059482102951,86.8761697128283,840.92380459603,140.52327049364,60.9954580138824
"D2","08.10.2018",10.8388888888889,"IIS-BMP2","11.43",20.4,1007.72,470.05,182,469.82,NA,2022-10-09 11:43:00,10.8388888888439,2018-10-08 11:43:00,2018-09-27 15:35:00,0.220000000000027,0.230000000000018,-0.00999999999999091,2.28000000000003,2.31,-0.0299999999999727,164.409086959583,1737.33482042165,0.473807200412055,77.8982092146222,918.822013810653,102.800297534433,48.7075211763161
"D2","11.10.2018",13.8597222222222,"IIS-BMP2","12.13",20.5,1009.19,469.82,224,469.55,NA,2022-10-12 12:18:00,13.8631944444423,2018-10-11 12:13:00,2018-09-27 15:35:00,0.269999999999982,0.269999999999982,0,2.55000000000001,2.57999999999998,-0.0299999999999727,202.552390526526,1939.88721094818,0.526476292506012,106.639031602635,1025.46104541329,67.0518258294706,35.3011966684585
"D2","15.10.2018",18.2409722222222,"IIS-BMP2","21.22",20.1,1006.09,469.54,198,469.32,NA,2022-10-16 21:22:00,18.2409722222437,2018-10-15 21:22:00,2018-09-27 15:35:00,0.230000000000018,0.220000000000027,0.00999999999999091,2.78000000000003,2.80000000000001,-0.0199999999999818,178.829339836334,2118.71655078451,0.608070339609459,108.740817406415,1134.2018628197,40.8169677229863,24.8195874251446
"D2","19.10.2018",21.8006944444444,"IIS-BMP2","10.48",20.5,1017.29,469.3,108,469.18,NA,2022-10-20 10:48:00,21.8006944444423,2018-10-19 10:48:00,2018-09-27 15:35:00,0.139999999999986,0.120000000000005,0.0199999999999818,2.92000000000002,2.92000000000002,0,98.4621892719336,2217.17874005645,0.617441252641686,60.7946174819055,1194.99648030161,27.6600765804886,17.0784723320218
"D2","25.10.2018",27.9395833333333,"IIS-BMP2","14.08",20.6,997.15,469.1,56,469.03,NA,2022-10-26 14:08:00,27.9395833333474,2018-10-25 14:08:00,2018-09-27 15:35:00,0.150000000000034,0.07000000000005,0.0799999999999841,3.07000000000005,2.99000000000007,0.0799999999999841,49.9944791776748,2267.17321923412,0.473217750445462,23.6582749711517,1218.65475527276,8.14389706061671,3.85383664688445
"D2","29.10.2018",31.7576388888889,"IIS-BMP2","09.46",20,1010.42,469.01,44,468.97,NA,2022-10-30 09:46:00,31.7576388889429,2018-10-29 09:46:00,2018-09-27 15:35:00,0.0599999999999454,0.0399999999999636,0.0199999999999818,3.13,3.03000000000003,0.0999999999999659,39.9344834043323,2307.10770263845,0.790164022797817,31.5547920551199,1250.20954732788,10.4593772466785,8.26462360119547
"D2","16.11.2018",49.9388888888889,"IIS-BMP2","14.07",21.5,1000,468.94,125,468.79,"Ambient pressure not measured.",2022-11-17 14:07:00,49.9388888888425,2018-11-16 14:07:00,2018-09-27 15:35:00,0.180000000000007,0.149999999999977,0.0300000000000296,3.31,3.18000000000001,0.129999999999995,111.421641913731,2418.52934455219,0.517093516327529,57.6154086121579,1307.82495594004,6.12838181718698,3.16894650324691
"D2","17.12.2018",80.8354166666667,"IIS-BMP2","11.38",21.4,1010.47,468.76,146,468.6,NA,2022-12-18 11:38:00,80.8354166666468,2018-12-17 11:38:00,2018-09-27 15:35:00,0.189999999999998,0.159999999999968,0.0300000000000296,3.5,3.33999999999997,0.160000000000025,131.604507936695,2550.13385248888,0.62084075099143,81.7054415412753,1389.53039748131,4.25952420554361,2.64448620663587
"D2","04.02.2019",129.899305555556,"IIS-BMP2","13.10",22.1,1009.4,468.55,135,468.41,NA,2023-02-04 13:10:00,128.899305555555,2019-02-04 13:10:00,2018-09-27 15:35:00,0.189999999999998,0.139999999999986,0.0500000000000114,3.69,3.47999999999996,0.210000000000036,121.131003716151,2671.26485620503,0.669438770811794,81.0897902349387,1470.62018771625,2.46884228827573,1.65273874679148
"D3","27.09.2018",0,"IIS-BMP2","15.35",20.8,1007.24,472.51,0,472.51,NA,2022-09-28 15:35:00,0,2018-09-27 15:35:00,2018-09-27 15:35:00,0,0,0,0,0,0,0,0,0,0,0,NA,NA
"D3","28.09.2018",0.725694444444444,"IIS-BMP2","09.00",20.3,1011.22,472.5,141,472.34,NA,2022-09-29 09:00:00,0.725694444445253,2018-09-28 09:00:00,2018-09-27 15:35:00,0.170000000000016,0.160000000000025,0.00999999999999091,0.170000000000016,0.160000000000025,0.00999999999999091,127.887756736883,127.887756736883,0.59154187376877,75.6509632522203,75.6509632522203,176.22810497714,104.246303428897
"D3","29.09.2018",1.60416666666667,"IIS-BMP2","06.05",19,1000,472.34,135,472.18,"Pressure not measured.",2022-09-30 06:05:00,1.60416666664241,2018-09-29 06:05:00,2018-09-27 15:35:00,0.159999999999968,0.159999999999968,0,0.329999999999984,0.319999999999993,0.00999999999999091,121.823832928847,249.71158966573,0.540822571312858,65.8850785717671,141.536041823987,138.676932345881,74.9996151330787
"D3","30.09.2018",2.97708333333333,"IIS-BMP2","15.02",20.3,1002.34,472.18,287,471.86,NA,2022-10-01 15:02:00,2.97708333334594,2018-09-30 15:02:00,2018-09-27 15:35:00,0.319999999999993,0.319999999999993,0,0.649999999999977,0.639999999999986,0.00999999999999091,257.969555272686,507.681144938416,0.600166794619418,154.824761097405,296.360802921392,187.898917345811,112.770690935894
"D3","01.10.2018",3.71875,"IIS-BMP2","08.50",20.3,1000.62,471.86,162,471.67,NA,2022-10-02 08:50:00,3.71875000004366,2018-10-01 08:50:00,2018-09-27 15:35:00,0.189999999999998,0.189999999999998,0,0.839999999999975,0.829999999999984,0.00999999999999091,145.357531845846,653.038676784262,0.547039405721103,79.5162978380379,375.87710075943,195.987683387657,107.21298584904
"D3","03.10.2018",5.68888888888889,"IIS-BMP2","08.07",20,1002.27,471.67,384,471.23,NA,2022-10-04 08:07:00,5.68888888884248,2018-10-03 08:07:00,2018-09-27 15:35:00,0.439999999999998,0.439999999999998,0,1.27999999999997,1.26999999999998,0.00999999999999091,345.641479805891,998.680156590153,0.573928847374559,198.373616109832,574.250716869262,175.440158942715,100.690168205202
"D3","05.10.2018",7.81527777777778,"IIS-BMP2","11.09",20.1,1009.23,471.22,388,470.77,NA,2022-10-06 11:09:00,7.81527777774318,2018-10-05 11:09:00,2018-09-27 15:35:00,0.460000000000036,0.450000000000045,0.00999999999999091,1.74000000000001,1.72000000000003,0.0199999999999818,351.553106857421,1350.23326344757,0.568305003612146,199.789389662467,774.04010653173,165.328698195521,93.957126425197
"D3","06.10.2018",9.23958333333333,"IIS-BMP2","21.20",20.4,1001.38,470.76,231,470.48,NA,2022-10-07 21:20:00,9.23958333334303,2018-10-06 21:20:00,2018-09-27 15:35:00,0.289999999999964,0.279999999999973,0.00999999999999091,2.02999999999997,2,0.0299999999999727,207.328274843508,1557.56153829108,0.512527277629716,106.261396281209,880.301502812938,145.56446405395,74.6057584811997
"D3","08.10.2018",10.8388888888889,"IIS-BMP2","11.43",20.4,1007.72,470.47,181,470.26,NA,2022-10-09 11:43:00,10.8388888888439,2018-10-08 11:43:00,2018-09-27 15:35:00,0.220000000000027,0.210000000000036,0.00999999999999091,2.25,2.21000000000004,0.0399999999999636,163.505740327937,1721.06727861902,0.565175057390748,92.4093661735587,972.710868986497,102.235460734794,57.7809323881566
"D3","11.10.2018",13.8597222222222,"IIS-BMP2","12.13",20.5,1009.19,470.26,230,469.99,NA,2022-10-12 12:19:00,13.8638888888454,2018-10-11 12:13:00,2018-09-27 15:35:00,0.269999999999982,0.269999999999982,0,2.51999999999998,2.48000000000002,0.0399999999999636,207.977900987058,1929.04517960608,0.554202678022859,115.2619096966,1087.9727786831,68.8478568784742,38.155666658185
"D3","15.10.2018",18.2409722222222,"IIS-BMP2","21.22",20.1,1006.09,469.98,193,469.74,NA,2022-10-16 21:22:00,18.2409722222437,2018-10-15 21:22:00,2018-09-27 15:35:00,0.25,0.240000000000009,0.00999999999999091,2.76999999999998,2.72000000000003,0.0499999999999545,174.313447416224,2103.3586270223,0.491174814391399,85.6183751805889,1173.59115386369,39.7862362148301,19.5419971881515
"D3","19.10.2018",21.8006944444444,"IIS-BMP2","10.48",20.5,1017.29,469.74,117,469.6,NA,2022-10-20 10:48:00,21.8006944444423,2018-10-19 10:48:00,2018-09-27 15:35:00,0.139999999999986,0.139999999999986,0,2.90999999999997,2.86000000000001,0.0499999999999545,106.667371711261,2210.02599873356,0.542691138887081,57.887437436076,1231.47859129976,29.9650829621959,16.2617849996
"D3","25.10.2018",27.9395833333333,"IIS-BMP2","14.08",20.6,997.15,469.54,64,469.46,NA,2022-10-26 14:08:00,27.9395833333474,2018-10-25 14:08:00,2018-09-27 15:35:00,0.140000000000043,0.0800000000000409,0.0600000000000023,3.05000000000001,2.94000000000005,0.109999999999957,57.1365476316283,2267.16254636519,0.473217750445688,27.0380285384721,1258.51661983823,9.3073109264191,4.40438473929862
"D3","29.10.2018",31.7576388888889,"IIS-BMP2","09.46",20,1010.42,469.44,45,469.39,NA,2022-10-30 09:46:00,31.7576388889429,2018-10-29 09:46:00,2018-09-27 15:35:00,0.0699999999999932,0.0500000000000114,0.0199999999999818,3.12,2.99000000000007,0.129999999999939,40.8420852998854,2308.00463166508,0.612686704068333,25.0234026296645,1283.5400224679,10.6970903659212,6.5539650394174
"D3","16.11.2018",49.9388888888889,"IIS-BMP2","14.07",21.5,1000,469.34,121,469.22,"Ambient pressure not measured.",2022-11-17 14:07:00,49.9388888888425,2018-11-16 14:07:00,2018-09-27 15:35:00,0.169999999999959,0.119999999999948,0.0500000000000114,3.28999999999996,3.11000000000001,0.17999999999995,107.856149372491,2415.86078103757,0.703387608075223,75.8646789233207,1359.40470139122,5.932273599037,4.17268773727443
"D3","17.12.2018",80.8354166666667,"IIS-BMP2","11.38",21.4,1010.47,469.18,153,469.01,NA,2022-12-18 11:38:00,80.8354166666468,2018-12-17 11:38:00,2018-09-27 15:35:00,0.210000000000036,0.170000000000016,0.0400000000000205,3.5,3.28000000000003,0.21999999999997,137.914313111742,2553.77509414931,0.607377182853306,83.7660069729586,1443.17070836418,4.4637479688231,2.71117866627094
"D3","04.02.2019",129.899305555556,"IIS-BMP2","13.10",22.1,1009.4,468.97,138,468.79,NA,2023-02-04 13:10:00,128.899305555555,2019-02-04 13:10:00,2018-09-27 15:35:00,0.21999999999997,0.180000000000007,0.0399999999999636,3.71999999999997,3.46000000000004,0.259999999999934,123.822803798732,2677.59789794804,0.431897873568198,53.4788056599243,1496.6495140241,2.52370545023741,1.08998301747001
"I1","27.09.2018",0,"IIS-BMP2","15.35",20.8,1007.24,729.495,0,729.495,NA,2022-09-28 15:35:00,0,2018-09-27 15:35:00,2018-09-27 15:35:00,0,0,0,0,0,0,0,0,0,0,0,NA,NA
"I1","28.09.2018",0.725694444444444,"IIS-BMP2","09.00",20.3,1011.22,729.49,78,729.4,"Difficult to mix. Sludge level near shoulder of bottle.",2022-09-29 09:00:00,0.725694444445253,2018-09-28 09:00:00,2018-09-27 15:35:00,0.0950000000000273,0.0900000000000318,0.00499999999999545,0.0950000000000273,0.0900000000000318,0.00499999999999545,70.7464186204032,70.7464186204032,0.574756184682393,40.6619416462064,40.6619416462064,97.4878878596944,56.0317664789829
"I1","29.09.2018",1.60416666666667,"IIS-BMP2","06.05",19,1000,729.39,64,729.33,"Pressure not measured.",2022-09-30 06:05:00,1.60416666664241,2018-09-29 06:05:00,2018-09-27 15:35:00,0.0699999999999363,0.0599999999999454,0.00999999999999091,0.164999999999964,0.149999999999977,0.0149999999999864,57.7535207958979,128.499939416301,0.759671785689135,43.8737202728543,84.5356619190607,65.7431382973067,49.9432072671227
"I1","30.09.2018",2.97708333333333,"IIS-BMP2","15.02",20.3,1002.34,729.33,82,729.24,"Easy to mix. No floating layer.",2022-10-01 15:02:00,2.97708333334594,2018-09-30 15:02:00,2018-09-27 15:35:00,0.0900000000000318,0.0900000000000318,0,0.254999999999995,0.240000000000009,0.0149999999999864,73.7055872207674,202.205526637069,0.615620940285405,45.3747029091368,129.910364828197,53.6854049559459,33.0498594785822
"I1","01.10.2018",3.71875,"IIS-BMP2","08.50",20.3,1000.62,729.26,60,729.19,"Forgot to check volume - so this is an estimate",2022-10-02 08:50:00,3.71875000004366,2018-10-01 08:50:00,2018-09-27 15:35:00,0.0499999999999545,0.0699999999999363,-0.0199999999999818,0.30499999999995,0.309999999999945,-0.00499999999999545,53.8361229058688,256.041649542937,0.552524775532655,29.7457917241136,159.656156552311,72.5880308843175,40.106685470715
"I1","03.10.2018",5.68888888888889,"IIS-BMP2","8.07",20,1002.27,729.18,103,729.09,NA,2022-10-04 08:07:00,5.68888888884248,2018-10-03 08:07:00,2018-09-27 15:35:00,0.100000000000023,0.0899999999999181,0.0100000000001046,0.404999999999973,0.399999999999864,0.00500000000010914,92.7111260937676,348.752775636705,0.814915307810775,75.5517158581862,235.207872410497,47.058167633072,38.3484211617159
"I1","05.10.2018",7.81527777777778,"IIS-BMP2","11.09",20.1,1009.23,729.08,97,728.98,NA,2022-10-06 11:09:00,7.81527777774318,2018-10-05 11:09:00,2018-09-27 15:35:00,0.110000000000014,0.100000000000023,0.00999999999999091,0.514999999999986,0.499999999999886,0.0150000000001,87.8882767143551,436.64105235106,0.681707474160684,59.9140951272783,295.121967537776,41.3321745488803,28.1764523132857
"I1","06.10.2018",9.23958333333333,"IIS-BMP2","21.20",20.4,1001.38,728.98,65,728.9,NA,2022-10-07 21:20:00,9.23958333334303,2018-10-06 21:20:00,2018-09-27 15:35:00,0.0800000000000409,0.0800000000000409,0,0.595000000000027,0.579999999999927,0.0150000000001,58.3391249559655,494.980177307026,0.495960822336765,28.933920387568,324.055887925343,40.9596976775185,20.3144053428073
"I1","08.10.2018",10.8388888888889,"IIS-BMP2","11.43",20.4,1007.72,728.91,55,728.85,NA,2022-10-09 11:43:00,10.8388888888439,2018-10-08 11:43:00,2018-09-27 15:35:00,0.0499999999999545,0.0599999999999454,-0.00999999999999091,0.644999999999982,0.639999999999873,0.00500000000010914,49.6840647405334,544.664242047559,0.626353279089457,31.119776868726,355.17566479407,31.0660239801859,19.4583059882612
"I1","11.10.2018",13.8597222222222,"IIS-BMP2","12.13",20.5,1009.19,728.88,76,728.77,NA,2022-10-12 12:20:00,13.864583333343,2018-10-11 12:13:00,2018-09-27 15:35:00,0.0800000000000409,0.110000000000014,-0.0299999999999727,0.725000000000023,0.749999999999886,-0.0249999999998636,68.7231325000712,613.38737454763,0.313078608004758,21.5157426608488,376.691407454918,22.7497266207132,7.12245274290168
"I1","15.10.2018",18.2409722222222,"IIS-BMP2","21.22",20.1,1006.09,728.76,104,728.65,NA,2022-10-16 21:22:00,18.2409722222437,2018-10-15 21:22:00,2018-09-27 15:35:00,0.120000000000005,0.110000000000014,0.00999999999999091,0.845000000000027,0.8599999999999,-0.0149999999998727,93.9305623382762,707.317936885907,0.655229278503907,61.546054590375,438.237462045293,21.4392153696494,14.0476016183452
"I1","19.10.2018",21.8006944444444,"IIS-BMP2","10.48",20.5,1017.29,728.66,82,728.57,NA,2022-10-20 10:48:00,21.8006944444423,2018-10-19 10:48:00,2018-09-27 15:35:00,0.0799999999999272,0.0899999999999181,-0.00999999999999091,0.924999999999955,0.949999999999818,-0.0249999999998636,74.7583288916533,782.07626577756,0.629291880432982,47.0448093662558,485.282271411549,21.0011692555561,13.2158652921202
"I1","25.10.2018",27.9395833333333,"IIS-BMP2","14.08",20.6,997.15,728.5,56,728.44,NA,2022-10-26 14:08:00,27.9395833333474,2018-10-25 14:08:00,2018-09-27 15:35:00,0.129999999999995,0.0599999999999454,0.07000000000005,1.05499999999995,1.00999999999976,0.0450000000001864,49.9944791776748,832.070744955235,0.632703323664121,31.6316731405715,516.913944552121,8.14389706061671,5.15267073783065
"I1","29.10.2018",31.7576388888889,"IIS-BMP2","09.46",20,1010.42,728.43,55,728.36,NA,2022-10-30 09:46:00,31.7576388889429,2018-10-29 09:46:00,2018-09-27 15:35:00,0.0800000000000409,0.0699999999999363,0.0100000000001046,1.13499999999999,1.0799999999997,0.055000000000291,49.9181042554154,881.98884921065,0.470704849086743,23.4966937302416,540.410638282362,13.0742215583482,6.15409948554892
"I1","16.11.2018",49.9388888888889,"IIS-BMP2","14.07",21.5,1000,728.28,172,728.14,"Ambient pressure not measured.",2022-11-17 14:07:00,49.9388888888425,2018-11-16 14:07:00,2018-09-27 15:35:00,0.220000000000027,0.139999999999986,0.0800000000000409,1.35500000000002,1.21999999999969,0.135000000000332,153.316179273294,1035.30502848394,0.862414956604262,132.222166094709,672.632804377071,8.43265338044929,7.27244639915896
"I1","17.12.2018",80.8354166666667,"IIS-BMP2","11.38",21.4,1010.47,728.11,200,727.92,NA,2022-12-18 11:38:00,80.8354166666468,2018-12-17 11:38:00,2018-09-27 15:35:00,0.220000000000027,0.190000000000055,0.0299999999999727,1.57500000000005,1.40999999999974,0.165000000000305,180.280147858486,1215.58517634243,0.749889051592188,135.1901090985,807.822913475571,5.83496466512823,4.37557611880694
"I1","04.02.2019",129.899305555556,"IIS-BMP2","13.10",22.1,1009.4,727.83,214,727.61,NA,2023-02-04 13:10:00,128.899305555555,2019-02-04 13:10:00,2018-09-27 15:35:00,0.309999999999945,0.220000000000027,0.0899999999999181,1.88499999999999,1.62999999999977,0.255000000000223,192.015072557453,1407.60024889988,0.677436150417018,130.077951575366,937.900865050936,3.91357221993338,2.65119529905065
"I2","27.09.2018",0,"IIS-BMP2","15.35",20.8,1007.24,722.085,0,722.085,NA,2022-09-28 15:35:00,0,2018-09-27 15:35:00,2018-09-27 15:35:00,0,0,0,0,0,0,0,0,0,0,0,NA,NA
"I2","28.09.2018",0.725694444444444,"IIS-BMP2","09.00",20.3,1011.22,722.08,80,721.98,"Difficult to mix. Sludge level near shoulder of bottle.",2022-09-29 09:00:00,0.725694444445253,2018-09-28 09:00:00,2018-09-27 15:35:00,0.105000000000018,0.100000000000023,0.00499999999999545,0.105000000000018,0.100000000000023,0.00499999999999545,72.5604293542597,72.5604293542597,0.490228250355694,35.5711723273967,35.5711723273967,99.9875772919943,49.0167350731591
"I2","29.09.2018",1.60416666666667,"IIS-BMP2","06.05",19,1000,721.98,66,721.91,"Pressure not measured.",2022-09-30 06:05:00,1.60416666664241,2018-09-29 06:05:00,2018-09-27 15:35:00,0.07000000000005,0.07000000000005,0,0.175000000000068,0.170000000000073,0.00499999999999545,59.5583183207697,132.118747675029,0.650897962060011,38.7663880187104,74.3375603461071,67.7976113690975,44.1293270726822
"I2","30.09.2018",2.97708333333333,"IIS-BMP2","15.02",20.3,1002.34,721.91,93,721.83,"Easy to mix. No floating layer.",2022-10-01 15:02:00,2.97708333334594,2018-09-30 15:02:00,2018-09-27 15:35:00,0.0799999999999272,0.0799999999999272,0,0.254999999999995,0.25,0.00499999999999545,83.592922091846,215.711669766875,0.826162903289328,69.0613712098381,143.398931555945,60.8871056207679,50.3026679525376
"I2","01.10.2018",3.71875,"IIS-BMP2","08.50",20.3,1000.62,721.83,52,721.77,NA,2022-10-02 08:50:00,3.71875000004366,2018-10-01 08:50:00,2018-09-27 15:35:00,0.0600000000000591,0.0600000000000591,0,0.315000000000055,0.310000000000059,0.00499999999999545,46.6579731850863,262.369642951962,0.563917466675838,26.3112460387631,169.710177594708,62.9096267664085,35.4758373556356
"I2","03.10.2018",5.68888888888889,"IIS-BMP2","08.07",20,1002.27,721.77,105,721.67,"Measured before I2. Wrong order, id correct",2022-10-04 08:07:00,5.68888888884248,2018-10-03 08:07:00,2018-09-27 15:35:00,0.100000000000023,0.100000000000023,0,0.415000000000077,0.410000000000082,0.00499999999999545,94.5113421344233,356.880985086385,0.745294153015975,70.4387506864781,240.148928281186,47.9719184608987,35.7531903378669
"I2","05.10.2018",7.81527777777778,"IIS-BMP2","11.09",20.1,1009.23,721.67,104,721.56,NA,2022-10-06 11:09:00,7.81527777774318,2018-10-05 11:09:00,2018-09-27 15:35:00,0.110000000000014,0.110000000000014,0,0.525000000000091,0.520000000000095,0.00499999999999545,94.230729673123,451.111714759508,0.658154653354518,62.0183932233576,302.167321504544,44.3149087946758,29.1660634361969
"I2","06.10.2018",9.23958333333333,"IIS-BMP2","21.20",20.4,1001.38,721.55,68,721.49,NA,2022-10-07 21:20:00,9.23958333334303,2018-10-06 21:20:00,2018-09-27 15:35:00,0.0699999999999363,0.0599999999999454,0.00999999999999091,0.595000000000027,0.580000000000041,0.0149999999999864,61.0316999539332,512.143414713441,0.805485549527004,49.1601523759611,351.327473880505,42.8501452626347,34.5151728041853
"I2","08.10.2018",10.8388888888889,"IIS-BMP2","11.43",20.4,1007.72,721.49,55,721.42,NA,2022-10-09 11:43:00,10.8388888888439,2018-10-08 11:43:00,2018-09-27 15:35:00,0.07000000000005,0.07000000000005,0,0.665000000000077,0.650000000000091,0.0149999999999864,49.6840647405334,561.827479453975,0.465871277243202,23.1463786993062,374.473852579811,31.0660239801859,14.4727682705171
"I2","11.10.2018",13.8597222222222,"IIS-BMP2","12.13",20.5,1009.19,721.43,88,721.33,NA,2022-10-12 12:21:00,13.8652777777461,2018-10-11 12:13:00,2018-09-27 15:35:00,0.0899999999999181,0.0999999999999091,-0.00999999999999091,0.754999999999995,0.75,0.00499999999999545,79.5741534211351,641.40163287511,0.587312525599377,46.7348970181991,421.20874959801,26.3417887187206,15.4708624611969
"I2","15.10.2018",18.2409722222222,"IIS-BMP2","21.22",20.1,1006.09,721.32,105,721.21,NA,2022-10-16 21:22:00,18.2409722222437,2018-10-15 21:22:00,2018-09-27 15:35:00,0.120000000000005,0.110000000000014,0.00999999999999091,0.875,0.860000000000014,0.0149999999999864,94.8337408222981,736.235373697408,0.664122106981145,62.9811837678085,484.189933365819,21.6453616712806,14.3751631994998
"I2","19.10.2018",21.8006944444444,"IIS-BMP2","10.48",20.5,1017.29,721.21,88,721.12,NA,2022-10-20 10:48:00,21.8006944444423,2018-10-19 10:48:00,2018-09-27 15:35:00,0.0900000000000318,0.0900000000000318,0,0.965000000000032,0.950000000000045,0.0149999999999864,80.2284505178718,816.46382421528,0.694739665728699,55.7378868947177,539.927820260537,22.5378401766944,15.6579315506035
"I2","25.10.2018",27.9395833333333,"IIS-BMP2","14.08",20.6,997.15,721.04,58,720.98,NA,2022-10-26 14:08:00,27.9395833333474,2018-10-25 14:08:00,2018-09-27 15:35:00,0.139999999999986,0.0599999999999454,0.0800000000000409,1.10500000000002,1.00999999999999,0.0950000000000273,51.7799962911632,868.243820506443,0.665700338812434,34.4699610747339,574.397781335271,8.43475052706731,5.61501628366706
"I2","29.10.2018",31.7576388888889,"IIS-BMP2","09.46",20,1010.42,720.96,57,720.89,NA,2022-10-30 09:46:00,31.7576388889429,2018-10-29 09:46:00,2018-09-27 15:35:00,0.0900000000000318,0.07000000000005,0.0199999999999818,1.19500000000005,1.08000000000004,0.115000000000009,51.7333080465214,919.977128552964,0.509936677435473,26.380711217989,600.77849255326,13.5496477968336,6.90946237793819
"I2","16.11.2018",49.9388888888889,"IIS-BMP2","14.07",21.5,1000,720.86,173,720.68,"Ambient pressure not measured.",2022-11-17 14:07:00,49.9388888888425,2018-11-16 14:07:00,2018-09-27 15:35:00,0.210000000000036,0.180000000000064,0.0299999999999727,1.40500000000009,1.2600000000001,0.144999999999982,154.207552408603,1074.18468096157,0.659801046559134,101.746304466519,702.524797019779,8.48168043498678,5.59622162758441
"I2","17.12.2018",80.8354166666667,"IIS-BMP2","11.38",21.4,1010.47,720.66,206,720.46,NA,2022-12-18 11:38:00,80.8354166666468,2018-12-17 11:38:00,2018-09-27 15:35:00,0.219999999999914,0.199999999999932,0.0199999999999818,1.625,1.46000000000004,0.164999999999964,185.688552294241,1259.87323325581,0.731425009677086,135.817251158739,838.342048178518,6.01001360508208,4.39587425925658
"I2","04.02.2019",129.899305555556,"IIS-BMP2","13.10",22.1,1009.4,720.4,215,720.21,NA,2023-02-04 13:10:00,128.899305555555,2019-02-04 13:10:00,2018-09-27 15:35:00,0.25,0.189999999999941,0.0600000000000591,1.875,1.64999999999998,0.225000000000023,192.912339251647,1452.78557250746,0.805680355753773,155.42568211756,993.767730296077,3.93185994058727,3.16782231570636
"I3","27.09.2018",0,"IIS-BMP2","15.35",20.8,1007.24,740.535,0,740.535,NA,2022-09-28 15:35:00,0,2018-09-27 15:35:00,2018-09-27 15:35:00,0,0,0,0,0,0,0,0,0,0,0,NA,NA
"I3","28.09.2018",0.725694444444444,"IIS-BMP2","09.00",20.3,1011.22,740.53,80,740.44,"Difficult to mix. Sludge level near shoulder of bottle.",2022-09-29 09:00:00,0.725694444445253,2018-09-28 09:00:00,2018-09-27 15:35:00,0.0949999999999136,0.0899999999999181,0.00499999999999545,0.0949999999999136,0.0899999999999181,0.00499999999999545,72.5604293542597,72.5604293542597,0.600114564981693,43.5445704968165,43.5445704968165,99.9875772919943,60.0040014501586
"I3","29.09.2018",1.60416666666667,"IIS-BMP2","06.05",19,1000,740.43,65,740.35,"Pressure not measured.",2022-09-30 06:05:00,1.60416666664241,2018-09-29 06:05:00,2018-09-27 15:35:00,0.0900000000000318,0.0799999999999272,0.0100000000001046,0.184999999999945,0.169999999999845,0.0150000000001,58.6559195583338,131.216348912594,0.500545505260305,29.359956891834,72.9045273886505,66.7703748332021,33.4216110073051
"I3","30.09.2018",2.97708333333333,"IIS-BMP2","15.02",20.3,1002.34,740.37,92,740.27,"Easy to mix. No floating layer.",2022-10-01 15:02:00,2.97708333334594,2018-09-30 15:02:00,2018-09-27 15:35:00,0.0800000000000409,0.100000000000023,-0.0199999999999818,0.264999999999986,0.269999999999868,-0.00499999999988177,82.6940734672025,213.910422379796,0.625027811560701,51.6860957682454,124.590623156896,60.2324055603296,37.6469286324094
"I3","01.10.2018",3.71875,"IIS-BMP2","08.50",20.3,1000.62,740.29,54,740.24,NA,2022-10-02 08:50:00,3.71875000004366,2018-10-01 08:50:00,2018-09-27 15:35:00,0.0299999999999727,0.0499999999999545,-0.0199999999999818,0.294999999999959,0.319999999999823,-0.0249999999998636,48.452510615282,262.362932995078,0.766454198146694,37.1366301718301,161.727253328726,65.3292277958858,50.0718609058384
"I3","03.10.2018",5.68888888888889,"IIS-BMP2","08.07",20,1002.27,740.22,106,740.11,"Measured after I3. Wrong order, id correct",2022-10-04 08:07:00,5.68888888884248,2018-10-03 08:07:00,2018-09-27 15:35:00,0.129999999999995,0.110000000000014,0.0199999999999818,0.424999999999955,0.429999999999836,-0.00499999999988177,95.4114501547512,357.774383149829,0.669684497116125,63.8955690160047,225.622822344731,48.428793874812,32.4320124719939
"I3","05.10.2018",7.81527777777778,"IIS-BMP2","11.09",20.1,1009.23,740.11,102,740.01,NA,2022-10-06 11:09:00,7.81527777774318,2018-10-05 11:09:00,2018-09-27 15:35:00,0.100000000000023,0.100000000000023,0,0.524999999999977,0.529999999999859,-0.00499999999988177,92.4186002563322,450.192983406161,0.726179031238592,67.1124496025701,292.735271947301,43.4626990101628,31.5617006622145
"I3","06.10.2018",9.23958333333333,"IIS-BMP2","21.20",20.4,1001.38,740.01,70,739.95,NA,2022-10-07 21:20:00,9.23958333334303,2018-10-06 21:20:00,2018-09-27 15:35:00,0.0599999999999454,0.0599999999999454,0,0.584999999999923,0.589999999999804,-0.00499999999988177,62.8267499525783,513.01973335874,0.827881587301325,52.0131094757239,344.748381423025,44.1104436527122,36.518224107773
"I3","08.10.2018",10.8388888888889,"IIS-BMP2","11.43",20.4,1007.72,739.93,56,739.87,NA,2022-10-09 11:43:00,10.8388888888439,2018-10-08 11:43:00,2018-09-27 15:35:00,0.0800000000000409,0.0599999999999454,0.0200000000000955,0.664999999999964,0.64999999999975,0.0150000000002137,50.5874113721795,563.607144730919,0.643547779287075,32.5554162484478,377.303797671473,31.6308607798257,20.3559702117955
"I3","11.10.2018",13.8597222222222,"IIS-BMP2","12.13",20.5,1009.19,739.87,86,739.78,NA,2022-10-12 12:22:00,13.8659722222437,2018-10-11 12:13:00,2018-09-27 15:35:00,0.0900000000000318,0.0900000000000318,0,0.754999999999995,0.739999999999782,0.0150000000002137,77.7656499342911,641.37279466521,0.666541108230265,51.8340024894492,429.137800160922,25.743111702386,17.1588422034039
"I3","15.10.2018",18.2409722222222,"IIS-BMP2","21.22",20.1,1006.09,739.76,105,739.65,NA,2022-10-16 21:22:00,18.2409722222437,2018-10-15 21:22:00,2018-09-27 15:35:00,0.129999999999995,0.110000000000014,0.0199999999999818,0.884999999999991,0.849999999999795,0.0350000000001955,94.8337408222981,736.206535487508,0.664122106981145,62.9811837678085,492.11898392873,21.6453616712806,14.3751631994998
"I3","19.10.2018",21.8006944444444,"IIS-BMP2","10.48",20.5,1017.29,739.67,86,739.58,NA,2022-10-20 10:48:00,21.8006944444423,2018-10-19 10:48:00,2018-09-27 15:35:00,0.0699999999999363,0.0899999999999181,-0.0199999999999818,0.954999999999927,0.939999999999714,0.0150000000002137,78.4050766424657,814.611612129974,0.673938431643234,52.8401943852909,544.959178314021,22.025616536315,14.8439094644594
"I3","25.10.2018",27.9395833333333,"IIS-BMP2","14.08",20.6,997.15,739.51,56,739.44,NA,2022-10-26 14:08:00,27.9395833333474,2018-10-25 14:08:00,2018-09-27 15:35:00,0.139999999999986,0.0699999999999363,0.07000000000005,1.09499999999991,1.00999999999965,0.0850000000002638,49.9944791776748,864.606091307649,0.473217750447275,23.6582749712424,568.617453285264,8.14389706061671,3.85383664689921
"I3","29.10.2018",31.7576388888889,"IIS-BMP2","09.46",20,1010.42,739.42,56,739.36,NA,2022-10-30 09:46:00,31.7576388889429,2018-10-29 09:46:00,2018-09-27 15:35:00,0.0800000000000409,0.0599999999999454,0.0200000000000955,1.17499999999995,1.0699999999996,0.105000000000359,50.8257061509684,915.431797458617,0.64754832024823,32.9121006434898,601.529553928753,13.3119346775909,8.62012093972814
"I3","16.11.2018",49.9388888888889,"IIS-BMP2","14.07",21.5,1000,739.32,146.26,739.16,"Ambient pressure not measured.",2022-11-17 14:07:00,49.9388888888425,2018-11-16 14:07:00,2018-09-27 15:35:00,0.200000000000045,0.160000000000082,0.0399999999999636,1.375,1.22999999999968,0.145000000000323,130.372234770418,1045.80403222904,0.611962912882466,79.7829725491018,681.312526477855,7.17069699665415,4.38820062147002
"I3","17.12.2018",80.8354166666667,"IIS-BMP2","11.38",21.4,1010.47,739.11,210,738.92,NA,2022-12-18 11:38:00,80.8354166666468,2018-12-17 11:38:00,2018-09-27 15:35:00,0.240000000000009,0.190000000000055,0.0499999999999545,1.61500000000001,1.41999999999973,0.195000000000277,189.294155251411,1235.09818748045,0.789904699464735,149.524342814296,830.836869292151,6.12671289838465,4.83951931070524
"I3","04.02.2019",129.899305555556,"IIS-BMP2","13.10",22.1,1009.4,738.83,214,738.64,NA,2023-02-04 13:10:00,128.899305555555,2019-02-04 13:10:00,2018-09-27 15:35:00,0.279999999999973,0.190000000000055,0.0899999999999181,1.89499999999998,1.60999999999979,0.285000000000196,192.015072557453,1427.1132600379,0.802010717347591,153.998146083353,984.835015375504,3.91357221993338,3.13872686350037
"I4","27.09.2018",0,"IIS-BMP2","15.35",20.8,1007.24,723.775,0,723.775,NA,2022-09-28 15:35:00,0,2018-09-27 15:35:00,2018-09-27 15:35:00,0,0,0,0,0,0,0,0,0,0,0,NA,NA
"I4","28.09.2018",0.725694444444444,"IIS-BMP2","09.00",20.3,1011.22,723.76,79,723.68,"Difficult to mix. Sludge level near shoulder of bottle.",2022-09-29 09:00:00,0.725694444445253,2018-09-28 09:00:00,2018-09-27 15:35:00,0.0950000000000273,0.0800000000000409,0.0149999999999864,0.0950000000000273,0.0800000000000409,0.0149999999999864,71.6534239873315,71.6534239873315,0.698873151541912,50.0766542407952,50.0766542407952,98.7377325758443,69.0051503413829
"I4","29.09.2018",1.60416666666667,"IIS-BMP2","06.05",19,1000,723.67,62,723.6,"Pressure not measured.",2022-09-30 06:05:00,1.60416666664241,2018-09-29 06:05:00,2018-09-27 15:35:00,0.0799999999999272,0.0699999999999363,0.00999999999999091,0.174999999999955,0.149999999999977,0.0249999999999773,55.948723271026,127.602147258358,0.590438070020386,33.0342561882493,83.1109104290445,63.6886652255158,37.604212577928
"I4","30.09.2018",2.97708333333333,"IIS-BMP2","15.02",20.3,1002.34,723.62,91,723.52,"Easy to mix. No floating layer.",2022-10-01 15:02:00,2.97708333334594,2018-09-30 15:02:00,2018-09-27 15:35:00,0.0800000000000409,0.100000000000023,-0.0199999999999818,0.254999999999995,0.25,0.00499999999999545,81.795224842559,209.397372100917,0.614432159849655,50.2576166654017,133.368527094446,59.5777054998912,36.6064582691848
"I4","01.10.2018",3.71875,"IIS-BMP2","08.50",20.3,1000.62,723.53,50,723.48,NA,2022-10-02 08:50:00,3.71875000004366,2018-10-01 08:50:00,2018-09-27 15:35:00,0.0399999999999636,0.0499999999999545,-0.00999999999999091,0.294999999999959,0.299999999999955,-0.00499999999999545,44.8634357548907,254.260807855807,0.700629760419297,31.4326582445356,164.801185338982,60.4900257369313,42.3811122398233
"I4","03.10.2018",5.68888888888889,"IIS-BMP2","08.07",20,1002.27,723.47,102,723.36,NA,2022-10-04 08:07:00,5.68888888884248,2018-10-03 08:07:00,2018-09-27 15:35:00,0.120000000000005,0.110000000000014,0.00999999999999091,0.414999999999964,0.409999999999968,0.00499999999999545,91.8110180734398,346.071825929247,0.633635311331015,58.1747030205815,222.975888359563,46.6012922191587,29.5282243037143
"I4","05.10.2018",7.81527777777778,"IIS-BMP2","11.09",20.1,1009.23,723.36,97,723.27,NA,2022-10-06 11:09:00,7.81527777774318,2018-10-05 11:09:00,2018-09-27 15:35:00,0.0900000000000318,0.0900000000000318,0,0.504999999999995,0.5,0.00499999999999545,87.8882767143551,433.960102643602,0.772429450599514,67.8874932966074,290.863381656171,41.3321745488803,31.9261888788748
"I4","06.10.2018",9.23958333333333,"IIS-BMP2","21.20",20.4,1001.38,723.27,64,723.2,NA,2022-10-07 21:20:00,9.23958333334303,2018-10-06 21:20:00,2018-09-27 15:35:00,0.0699999999999363,0.0699999999999363,0,0.574999999999932,0.569999999999936,0.00499999999999545,57.441599956643,491.401702600245,0.617685441106921,35.4808400071064,326.344221663277,40.3295484824797,24.9109749440435
"I4","08.10.2018",10.8388888888889,"IIS-BMP2","11.43",20.4,1007.72,723.19,53,723.14,NA,2022-10-09 11:43:00,10.8388888888439,2018-10-08 11:43:00,2018-09-27 15:35:00,0.0600000000000591,0.0500000000000682,0.00999999999999091,0.634999999999991,0.620000000000005,0.0149999999999864,47.8773714772413,539.279074077486,0.75655565794248,36.2218962785208,362.566117941798,29.9363503809064,22.6485152588233
"I4","11.10.2018",13.8597222222222,"IIS-BMP2","12.13",20.5,1009.19,723.14,79,723.06,NA,2022-10-12 12:23:00,13.8666666666468,2018-10-11 12:13:00,2018-09-27 15:35:00,0.0800000000000409,0.0800000000000409,0,0.715000000000032,0.700000000000045,0.0149999999999864,71.4358877303372,610.714961807824,0.696391936831665,49.7473762158189,412.313494157617,23.6477421452151,16.4680969542021
"I4","15.10.2018",18.2409722222222,"IIS-BMP2","21.22",20.1,1006.09,723.02,101,722.92,NA,2022-10-16 21:22:00,18.2409722222437,2018-10-15 21:22:00,2018-09-27 15:35:00,0.139999999999986,0.100000000000023,0.0399999999999636,0.855000000000018,0.800000000000068,0.05499999999995,91.2210268862106,701.935988694034,0.71490167841184,65.2140652274036,477.52755938502,20.8207764647556,14.8848080404915
"I4","19.10.2018",21.8006944444444,"IIS-BMP2","10.48",20.5,1017.29,722.94,79,722.85,NA,2022-10-20 10:48:00,21.8006944444423,2018-10-19 10:48:00,2018-09-27 15:35:00,0.0699999999999363,0.0900000000000318,-0.0200000000000955,0.924999999999955,0.8900000000001,0.0349999999998545,72.023268078544,773.959256772578,0.592839949380315,42.6982706018889,520.225829986909,20.232833794987,11.9948321628404
"I4","25.10.2018",27.9395833333333,"IIS-BMP2","14.08",20.6,997.15,722.79,51,722.74,NA,2022-10-26 14:08:00,27.9395833333474,2018-10-25 14:08:00,2018-09-27 15:35:00,0.110000000000014,0.0499999999999545,0.0600000000000591,1.03499999999997,0.940000000000055,0.0949999999999136,45.5306863939538,819.489943166532,0.714009694323689,32.5093514744947,552.735181461404,7.41676339449022,5.29564096417109
"I4","29.10.2018",31.7576388888889,"IIS-BMP2","09.46",20,1010.42,722.73,55,722.68,NA,2022-10-30 09:46:00,31.7576388889429,2018-10-29 09:46:00,2018-09-27 15:35:00,0.0600000000000591,0.0500000000000682,0.00999999999999091,1.09500000000003,0.990000000000123,0.104999999999905,49.9181042554154,869.408047421948,0.790164022796001,39.4434900688092,592.178671530213,13.0742215583482,10.3307795014706
"I4","16.11.2018",49.9388888888889,"IIS-BMP2","14.07",21.5,1000,722.62,160,722.46,"Ambient pressure not measured.",2022-11-17 14:07:00,49.9388888888425,2018-11-16 14:07:00,2018-09-27 15:35:00,0.219999999999914,0.159999999999968,0.0599999999999454,1.31499999999994,1.15000000000009,0.16499999999985,142.619701649575,1012.02774907152,0.695994985386622,99.2625971654407,691.441268695654,7.84432872599934,5.45961345701977
"I4","17.12.2018",80.8354166666667,"IIS-BMP2","11.38",21.4,1010.47,722.4,204,722.22,NA,2022-12-18 11:38:00,80.8354166666468,2018-12-17 11:38:00,2018-09-27 15:35:00,0.240000000000009,0.17999999999995,0.0600000000000591,1.55499999999995,1.33000000000004,0.224999999999909,183.885750815656,1195.91349988718,0.809726692219379,148.897200754238,840.338469449892,5.9516639584308,4.81922117026147
"I4","04.02.2019",129.899305555556,"IIS-BMP2","13.10",22.1,1009.4,722.14,211,721.94,NA,2023-02-04 13:10:00,128.899305555555,2019-02-04 13:10:00,2018-09-27 15:35:00,0.279999999999973,0.199999999999932,0.0800000000000409,1.83499999999992,1.52999999999997,0.30499999999995,189.323272474872,1385.23677236205,0.748677845881729,141.742139811767,982.080609261659,3.85870905797169,2.88892998540656
"L1","27.09.2018",0,"IIS-BMP2","15.35",20.8,1007.24,467.76,0,467.76,NA,2022-09-28 15:35:00,0,2018-09-27 15:35:00,2018-09-27 15:35:00,0,0,0,0,0,0,0,0,0,0,0,NA,NA
"L1","28.09.2018",0.725694444444444,"IIS-BMP2","09.00",20.3,1011.22,467.75,62,467.68,NA,2022-09-29 09:00:00,0.725694444445253,2018-09-28 09:00:00,2018-09-27 15:35:00,0.0799999999999841,0.0699999999999932,0.00999999999999091,0.0799999999999841,0.0699999999999932,0.00999999999999091,56.2343327495513,56.2343327495513,0.596569845154282,33.5477071807542,33.5477071807542,77.4903724012956,46.2284194643886
"L1","29.09.2018",1.60416666666667,"IIS-BMP2","06.05",19,1000,467.66,57.5,467.6,"Pressure not measured.",2022-09-30 06:05:00,1.60416666664241,2018-09-29 06:05:00,2018-09-27 15:35:00,0.0799999999999841,0.0600000000000023,0.0199999999999818,0.159999999999968,0.129999999999995,0.0299999999999727,51.8879288400645,108.122261589616,0.666031711434935,34.5590060481623,68.1067132289165,59.0661008139864,39.3398962129278
"L1","30.09.2018",2.97708333333333,"IIS-BMP2","15.02",20.3,1002.34,467.62,347,467.19,NA,2022-10-01 15:02:00,2.97708333334594,2018-09-30 15:02:00,2018-09-27 15:35:00,0.410000000000025,0.430000000000007,-0.0199999999999818,0.569999999999993,0.560000000000002,0.00999999999999091,311.900472751296,420.022734340912,0.489983635027001,152.82612740532,220.932840634237,227.180920972113,111.314933466698
"L1","01.10.2018",3.71875,"IIS-BMP2","08.50",20.3,1000.62,467.2,349,466.77,NA,2022-10-02 08:50:00,3.71875000004366,2018-10-01 08:50:00,2018-09-27 15:35:00,0.420000000000016,0.430000000000007,-0.00999999999999091,0.990000000000009,0.990000000000009,0,313.146781569137,733.169515910049,0.494386142495911,154.815429374975,375.748270009212,422.22037964378,208.739904775247
"L1","02.10.2018",4.75694444444444,"IIS-BMP2","09.45",20.3,1000,NA,326,466.4,"Forgot to measure initial mass. Pressure not measured.",2022-10-03 09:45:00,4.75694444444525,2018-10-02 09:45:00,2018-09-27 15:35:00,0.370000000000005,NA,NA,1.36000000000001,NA,NA,292.323943379122,1025.49345928917,0,0,375.748270009212,281.569550813335,0
"L1","03.10.2018",5.68888888888889,"IIS-BMP2","08.07",20,1002.27,466.39,147,466.21,NA,2022-10-04 08:07:00,5.68888888884248,2018-10-03 08:07:00,2018-09-27 15:35:00,0.189999999999998,0.180000000000007,0.00999999999999091,1.55000000000001,NA,NA,132.315878988193,1157.80933827736,0.504252843981769,66.7206582837437,442.468928292956,141.978290419521,71.592956727713
"L1","05.10.2018",7.81527777777778,"IIS-BMP2","11.09",20.1,1009.23,466.2,145,466.03,NA,2022-10-06 11:09:00,7.81527777774318,2018-10-05 11:09:00,2018-09-27 15:35:00,0.180000000000007,0.170000000000016,0.00999999999999091,1.73000000000002,NA,NA,131.379382717335,1289.1887209947,0.557199382358423,73.20451090473,515.673439197686,61.7852093771922,34.4266805038573
"L1","08.10.2018",10.8388888888889,"IIS-BMP2","11.43",20.4,1007.72,466.02,91,465.91,NA,2022-10-09 11:43:00,10.8388888888439,2018-10-08 11:43:00,2018-09-27 15:35:00,0.119999999999948,0.109999999999957,0.00999999999999091,1.84999999999997,NA,NA,82.2045434797917,1371.39326447449,0.522304508662297,42.935803692021,558.609242889707,27.1875384958429,14.2001739358085
"L1","11.10.2018",13.8597222222222,"IIS-BMP2","12.13",20.5,1009.19,465.91,60,465.85,NA,2022-10-12 12:24:00,13.8673611111444,2018-10-11 12:13:00,2018-09-27 15:35:00,0.0600000000000023,0.0600000000000023,0,1.90999999999997,NA,NA,54.2551046053194,1425.64836907981,0.707553551004835,38.3883919236325,596.997634813339,17.9603104900368,12.7078814643749
"L1","15.10.2018",18.2409722222222,"IIS-BMP2","21.22",20.1,1006.09,465.83,52,465.78,NA,2022-10-16 21:22:00,18.2409722222437,2018-10-15 21:22:00,2018-09-27 15:35:00,0.07000000000005,0.0500000000000114,0.0200000000000387,1.98000000000002,NA,NA,46.9652811691381,1472.61365024895,0.740115368513825,34.7597263798521,631.757361193191,10.7196076848247,7.93374639197765
"L1","19.10.2018",21.8006944444444,"IIS-BMP2","10.48",20.5,1017.29,465.78,32,465.74,NA,2022-10-20 10:48:00,21.8006944444423,2018-10-19 10:48:00,2018-09-27 15:35:00,0.0399999999999636,0.0399999999999636,0,2.01999999999998,NA,NA,29.1739820064988,1501.78763225545,0.495972317791258,14.4694874749637,646.226848668155,8.19557824607068,4.06477993834329
"L1","25.10.2018",27.9395833333333,"IIS-BMP2","14.08",20.6,997.15,465.7,26,465.67,NA,2022-10-26 14:08:00,27.9395833333474,2018-10-25 14:08:00,2018-09-27 15:35:00,0.0699999999999932,0.0299999999999727,0.0400000000000205,2.08999999999997,NA,NA,23.211722475349,1524.9993547308,0.559094597564038,12.9775486361234,659.204397304278,3.78109506385776,2.11398982307892
"L1","29.10.2018",31.7576388888889,"IIS-BMP2","09.46",20,1010.42,465.65,24,465.63,NA,2022-10-30 09:46:00,31.7576388889429,2018-10-29 09:46:00,2018-09-27 15:35:00,0.0400000000000205,0.0199999999999818,0.0200000000000387,2.13,NA,NA,21.7824454932722,1546.78180022407,0.856718017320958,18.661413515398,677.865810819676,5.70511486182466,4.88767469301075
"L1","16.11.2018",49.9388888888889,"IIS-BMP2","14.07",21.5,1000,465.58,71,465.51,"Ambient pressure not measured.",2022-11-17 14:07:00,49.9388888888425,2018-11-16 14:07:00,2018-09-27 15:35:00,0.120000000000005,0.0699999999999932,0.0500000000000114,2.25,NA,NA,63.2874926069991,1610.06929283107,0.708593680390691,44.8451173090921,722.710928128768,3.48092087216221,2.46655853195419
"L1","17.12.2018",80.8354166666667,"IIS-BMP2","11.38",21.4,1010.47,465.68,92,465.37,NA,2022-12-18 11:38:00,80.8354166666468,2018-12-17 11:38:00,2018-09-27 15:35:00,0.139999999999986,0.310000000000002,-0.170000000000016,2.38999999999999,NA,NA,82.9288680149037,1692.99816084597,-1.39035291116452,-115.3003930641,607.410535064668,2.68408374595899,-3.73182365000346
"L1","04.02.2019",129.899305555556,"IIS-BMP2","13.10",22.1,1009.4,465.33,73,465.25,NA,2023-02-04 13:10:00,128.899305555555,2019-02-04 13:10:00,2018-09-27 15:35:00,0.120000000000005,0.0799999999999841,0.0400000000000205,2.50999999999999,NA,NA,65.5004686761406,1758.49862952211,0.617139784688317,40.4229451357773,647.833480200446,1.33500360773428,0.823883839035261
"L2","27.09.2018",0,"IIS-BMP2","15.35",20.8,1007.24,468.505,0,468.505,NA,2022-09-28 15:35:00,0,2018-09-27 15:35:00,2018-09-27 15:35:00,0,0,0,0,0,0,0,0,0,0,0,NA,NA
"L2","28.09.2018",0.725694444444444,"IIS-BMP2","09.00",20.3,1011.22,468.51,61,468.43,NA,2022-09-29 09:00:00,0.725694444445253,2018-09-28 09:00:00,2018-09-27 15:35:00,0.0749999999999886,0.0799999999999841,-0.00499999999999545,0.0749999999999886,0.0799999999999841,-0.00499999999999545,55.327327382623,55.327327382623,0.436185800540673,24.1329945861653,24.1329945861653,76.2405276851456,33.2550356019886
"L2","29.09.2018",1.60416666666667,"IIS-BMP2","06.05",19,1000,468.42,57,468.36,"Pressure not measured.",2022-09-30 06:05:00,1.60416666664241,2018-09-29 06:05:00,2018-09-27 15:35:00,0.0699999999999932,0.0600000000000023,0.00999999999999091,0.144999999999982,0.139999999999986,0.00499999999999545,51.4367294588465,106.76405684147,0.657944039704546,33.8424895693433,57.9754841555086,58.5524825460387,38.5242569010706
"L2","30.09.2018",2.97708333333333,"IIS-BMP2","15.02",20.3,1002.34,468.36,352,467.95,NA,2022-10-01 15:02:00,2.97708333334594,2018-09-30 15:02:00,2018-09-27 15:35:00,0.410000000000025,0.410000000000025,0,0.555000000000007,0.550000000000011,0.00499999999999545,316.394715874514,423.158772715983,0.555999548766066,175.915319258197,233.890803413706,230.454421274305,128.132554239658
"L2","01.10.2018",3.71875,"IIS-BMP2","08.50",20.3,1000.62,467.96,351,467.53,NA,2022-10-02 08:50:00,3.71875000004366,2018-10-01 08:50:00,2018-09-27 15:35:00,0.420000000000016,0.430000000000007,-0.00999999999999091,0.975000000000023,0.980000000000018,-0.00499999999999545,314.941318999333,738.100091715316,0.500624738092739,157.667415338623,391.558218752329,424.639980673258,212.585279108255
"L2","02.10.2018",4.75694444444444,"IIS-BMP2","09.45",20.3,1000,467.52,362,467.11,"Pressure not measured.",2022-10-03 09:45:00,4.75694444444525,2018-10-02 09:45:00,2018-09-27 15:35:00,0.419999999999959,0.409999999999968,0.00999999999999091,1.39499999999998,1.38999999999999,0.00499999999999545,324.60511504062,1062.70520675594,0.582171123731846,188.975724592303,580.533943344632,312.663120841802,182.023440409977
"L2","03.10.2018",5.68888888888889,"IIS-BMP2","08.07",20,1002.27,467.09,146,466.93,NA,2022-10-04 08:07:00,5.68888888884248,2018-10-03 08:07:00,2018-09-27 15:35:00,0.180000000000007,0.159999999999968,0.0200000000000387,1.57499999999999,1.54999999999995,0.0250000000000341,131.415770967865,1194.1209777238,0.618169627018788,81.2372381235915,661.771181468223,141.012451709184,87.1696146780713
"L2","05.10.2018",7.81527777777778,"IIS-BMP2","11.09",20.1,1009.23,466.92,150,466.75,NA,2022-10-06 11:09:00,7.81527777774318,2018-10-05 11:09:00,2018-09-27 15:35:00,0.180000000000007,0.170000000000016,0.00999999999999091,1.755,1.71999999999997,0.035000000000025,135.909706259312,1330.03068398311,0.591590310898143,80.4028653800217,742.174046848245,63.9157338384746,37.8119288527862
"L2","08.10.2018",10.8388888888889,"IIS-BMP2","11.43",20.4,1007.72,466.74,90,466.63,NA,2022-10-09 11:43:00,10.8388888888439,2018-10-08 11:43:00,2018-09-27 15:35:00,0.120000000000005,0.110000000000014,0.00999999999999091,1.875,1.82999999999998,0.0450000000000159,81.3011968481456,1411.33188083126,0.510449611089587,41.5001643122539,783.674211160499,26.8887743365479,13.7253644027666
"L2","11.10.2018",13.8597222222222,"IIS-BMP2","12.13",20.5,1009.19,466.63,59,466.56,NA,2022-10-12 12:25:00,13.8680555555475,2018-10-11 12:13:00,2018-09-27 15:35:00,0.0699999999999932,0.0699999999999932,0,1.94499999999999,1.89999999999998,0.0450000000000159,53.3508528618974,1464.68273369316,0.543156216833504,28.9778474053091,812.652058565808,17.6609719818695,9.59266672727474
"L2","15.10.2018",18.2409722222222,"IIS-BMP2","21.22",20.1,1006.09,466.57,55,466.49,NA,2022-10-16 21:22:00,18.2409722222437,2018-10-15 21:22:00,2018-09-27 15:35:00,0.0699999999999932,0.0799999999999841,-0.00999999999999091,2.01499999999999,1.97999999999996,0.035000000000025,49.6748166212038,1514.35755031436,0.304881234281207,15.1449194041652,827.796977969973,11.3380465897184,3.45675763861118
"L2","19.10.2018",21.8006944444444,"IIS-BMP2","10.48",20.5,1017.29,466.49,33,466.44,NA,2022-10-20 10:48:00,21.8006944444423,2018-10-19 10:48:00,2018-09-27 15:35:00,0.0500000000000114,0.0500000000000114,0,2.065,2.02999999999997,0.035000000000025,30.0856689442019,1544.44321925856,0.264077078528085,7.94493556034799,835.741913530321,8.45169006626039,2.23189762132288
"L2","25.10.2018",27.9395833333333,"IIS-BMP2","14.08",20.6,997.15,466.41,21,466.4,NA,2022-10-26 14:08:00,27.9395833333474,2018-10-25 14:08:00,2018-09-27 15:35:00,0.0400000000000205,0.0100000000000477,0.0299999999999727,2.10500000000002,2.04000000000002,0.0649999999999977,18.7479296916281,1563.19114895019,1.16432190105119,21.8286251393304,857.570538669651,3.05396139773127,3.55579414034342
"L2","29.10.2018",31.7576388888889,"IIS-BMP2","09.46",20,1010.42,466.38,26,466.34,NA,2022-10-30 09:46:00,31.7576388889429,2018-10-29 09:46:00,2018-09-27 15:35:00,0.0600000000000023,0.0400000000000205,0.0199999999999818,2.16500000000002,2.08000000000004,0.0849999999999795,23.5976492843782,1586.78879823457,0.237253914449807,5.59863466453241,863.169173334184,6.18054110031005,1.46635756946647
"L2","16.11.2018",49.9388888888889,"IIS-BMP2","14.07",21.5,1000,466.31,66,466.25,"Ambient pressure not measured.",2022-11-17 14:07:00,49.9388888888425,2018-11-16 14:07:00,2018-09-27 15:35:00,0.089999999999975,0.0600000000000023,0.0299999999999727,2.255,2.14000000000004,0.114999999999952,58.8306269304499,1645.61942516502,0.777313834958721,45.7298602323338,908.899033566518,3.23578559947473,2.51522091343191
"L2","17.12.2018",80.8354166666667,"IIS-BMP2","11.38",21.4,1010.47,466.2,91,466.1,NA,2022-12-18 11:38:00,80.8354166666468,2018-12-17 11:38:00,2018-09-27 15:35:00,0.149999999999977,0.0999999999999659,0.0500000000000114,2.40499999999997,2.24000000000001,0.164999999999964,82.0274672756112,1727.64689244063,0.618177627623645,50.7075451204135,959.606578686931,2.65490892263335,1.64120529935033
"L2","04.02.2019",129.899305555556,"IIS-BMP2","13.10",22.1,1009.4,466.05,70,465.98,NA,2023-02-04 13:10:00,128.899305555555,2019-02-04 13:10:00,2018-09-27 15:35:00,0.120000000000005,0.0699999999999932,0.0500000000000114,2.52499999999998,2.31,0.214999999999975,62.8086685935595,1790.45556103419,0.702351063803355,44.1137352027589,1003.72031388969,1.2801404457726,0.899108003906087
"L3","27.09.2018",0,"IIS-BMP2","15.35",20.8,1007.24,470.55,0,470.55,NA,2022-09-28 15:35:00,0,2018-09-27 15:35:00,2018-09-27 15:35:00,0,0,0,0,0,0,0,0,0,0,0,NA,NA
"L3","28.09.2018",0.725694444444444,"IIS-BMP2","09.00",20.3,1011.22,470.55,61,470.48,NA,2022-09-29 09:00:00,0.725694444445253,2018-09-28 09:00:00,2018-09-27 15:35:00,0.0699999999999932,0.0699999999999932,0,0.0699999999999932,0.0699999999999932,0,55.327327382623,55.327327382623,0.580299000048542,32.1063927554945,32.1063927554945,76.2405276851456,44.2423019788632
"L3","29.09.2018",1.60416666666667,"IIS-BMP2","06.05",19,1000,470.48,60,470.39,"Pressure not measured.",2022-09-30 06:05:00,1.60416666664241,2018-09-29 06:05:00,2018-09-27 15:35:00,0.0900000000000318,0.0900000000000318,0,0.160000000000025,0.160000000000025,0,54.1439257461542,109.471253128777,0.262659083881345,14.2213939342244,46.3277866897189,61.634192153725,16.1887804468642
"L3","30.09.2018",2.97708333333333,"IIS-BMP2","15.02",20.3,1002.34,470.4,382,469.96,NA,2022-10-01 15:02:00,2.97708333334594,2018-09-30 15:02:00,2018-09-27 15:35:00,0.430000000000007,0.439999999999998,-0.00999999999999091,0.590000000000032,0.600000000000023,-0.00999999999999091,343.360174613819,452.831427742596,0.567478444623558,194.849497835523,241.177284525242,250.095423087455,141.92376170114
"L3","01.10.2018",3.71875,"IIS-BMP2","08.50",20.3,1000.62,469.95,342,469.54,NA,2022-10-02 08:50:00,3.71875000004366,2018-10-01 08:50:00,2018-09-27 15:35:00,0.419999999999959,0.409999999999968,0.00999999999999091,1.00999999999999,1.00999999999999,0,306.865900563452,759.697328306049,0.523943111781715,160.780274840914,401.957559366156,413.75177604061,216.782393043928
"L3","02.10.2018",4.75694444444444,"IIS-BMP2","09.45",20.3,1000,469.55,337,469.17,"Pressure not measured.",2022-10-03 09:45:00,4.75694444444525,2018-10-02 09:45:00,2018-09-27 15:35:00,0.370000000000005,0.379999999999995,-0.00999999999999091,1.38,1.38999999999999,-0.00999999999999091,302.187634720136,1061.88496302618,0.586617313830401,177.268498552288,579.226057918444,291.070363877589,170.746914993509
"L3","03.10.2018",5.68888888888889,"IIS-BMP2","08.07",20,1002.27,469.15,147,468.97,NA,2022-10-04 08:07:00,5.68888888884248,2018-10-03 08:07:00,2018-09-27 15:35:00,0.199999999999989,0.17999999999995,0.0200000000000387,1.57999999999998,1.56999999999994,0.0100000000000477,132.315878988193,1194.20084201438,0.504252843982111,66.720658283789,645.946716202233,141.978290419521,71.5929567277617
"L3","05.10.2018",7.81527777777778,"IIS-BMP2","11.09",20.1,1009.23,468.97,144,468.8,NA,2022-10-06 11:09:00,7.81527777774318,2018-10-05 11:09:00,2018-09-27 15:35:00,0.170000000000016,0.170000000000016,0,1.75,1.73999999999995,0.0100000000000477,130.47331800894,1324.67416002332,0.550034605579315,71.7648400096716,717.711556211905,61.3591044849357,33.7496308340716
"L3","08.10.2018",10.8388888888889,"IIS-BMP2","11.43",20.4,1007.72,468.78,88,468.68,NA,2022-10-09 11:43:00,10.8388888888439,2018-10-08 11:43:00,2018-09-27 15:35:00,0.120000000000005,0.0999999999999659,0.0200000000000387,1.87,1.83999999999992,0.0300000000000864,79.4945035848535,1404.16866360817,0.586232778627779,46.6022837221846,764.313839934089,26.291246017958,15.412790206694
"L3","11.10.2018",13.8597222222222,"IIS-BMP2","12.13",20.5,1009.19,468.68,59,468.6,NA,2022-10-12 12:26:00,13.8687500000451,2018-10-11 12:13:00,2018-09-27 15:35:00,0.0799999999999841,0.0799999999999841,0,1.94999999999999,1.9199999999999,0.0300000000000864,53.3508528618974,1457.51951647007,0.393704094859581,21.00444923598,785.318289170069,17.6609719818695,6.95319698846234
"L3","15.10.2018",18.2409722222222,"IIS-BMP2","21.22",20.1,1006.09,468.59,55,468.54,NA,2022-10-16 21:22:00,18.2409722222437,2018-10-15 21:22:00,2018-09-27 15:35:00,0.0600000000000023,0.0499999999999545,0.0100000000000477,2.00999999999999,1.96999999999986,0.0400000000001342,49.6748166212038,1507.19433309127,0.786416872156563,39.065113912198,824.383403082267,11.3380465897184,8.91643113545174
"L3","19.10.2018",21.8006944444444,"IIS-BMP2","10.48",20.5,1017.29,468.54,40,468.49,NA,2022-10-20 10:48:00,21.8006944444423,2018-10-19 10:48:00,2018-09-27 15:35:00,0.0500000000000114,0.0500000000000114,0,2.06,2.01999999999987,0.0400000000001342,36.4674775081236,1543.66181059939,0.495972317790015,18.0868593436593,842.470262425927,10.2444728075884,5.08097492291638
"L3","25.10.2018",27.9395833333333,"IIS-BMP2","14.08",20.6,997.15,468.45,22,468.43,NA,2022-10-26 14:08:00,27.9395833333474,2018-10-25 14:08:00,2018-09-27 15:35:00,0.0600000000000023,0.0199999999999818,0.0400000000000205,2.12,2.03999999999985,0.0800000000001546,19.6406882483722,1563.30249884777,0.777690208406708,15.2743709371278,857.744633363054,3.19938813095656,2.48813282233756
"L3","29.10.2018",31.7576388888889,"IIS-BMP2","09.46",20,1010.42,468.4,26,468.38,NA,2022-10-30 09:46:00,31.7576388889429,2018-10-29 09:46:00,2018-09-27 15:35:00,0.0500000000000114,0.0199999999999818,0.0300000000000296,2.17000000000002,2.05999999999983,0.110000000000184,23.5976492843782,1586.90014813215,0.913032935763615,21.545431003236,879.29006436629,6.18054110031005,5.64303758542376
"L3","16.11.2018",49.9388888888889,"IIS-BMP2","14.07",21.5,1000,468.33,68,468.25,"Ambient pressure not measured.",2022-11-17 14:07:00,49.9388888888425,2018-11-16 14:07:00,2018-09-27 15:35:00,0.129999999999995,0.0799999999999841,0.0500000000000114,2.30000000000001,2.13999999999982,0.160000000000196,60.6133732010696,1647.51352133321,0.538140747981585,32.6185259921106,911.908590358401,3.33383970854972,1.79407499440966
"L3","17.12.2018",80.8354166666667,"IIS-BMP2","11.38",21.4,1010.47,468.22,90,468.13,NA,2022-12-18 11:38:00,80.8354166666468,2018-12-17 11:38:00,2018-09-27 15:35:00,0.120000000000005,0.0900000000000318,0.0299999999999727,2.42000000000002,2.22999999999985,0.190000000000168,81.1260665363188,1728.63958786953,0.705661230259313,57.2475199181176,969.156110276519,2.62573409930771,1.85287875485131
"L3","04.02.2019",129.899305555556,"IIS-BMP2","13.10",22.1,1009.4,468.06,74,467.98,"Change of needle",2023-02-04 13:10:00,128.899305555555,2019-02-04 13:10:00,2018-09-27 15:35:00,0.149999999999977,0.0799999999999841,0.0699999999999932,2.56999999999999,2.30999999999983,0.260000000000161,66.3977353703344,1795.03732323987,0.6302998277949,41.8504811698931,1011.00659144641,1.35329132838818,0.8529792912394
